// 4.26.1 0x45fce42a D2 R0 FRGB565 U565 N0 SExtFlashSection
// Generated by imageconverter. Please, do not edit!

#include <touchgfx/hal/Config.hpp>

LOCATION_PRAGMA("ExtFlashSection")
KEEP extern const unsigned char image_anh2[] LOCATION_ATTRIBUTE("ExtFlashSection") = { // 240x240 RGB565 pixels.
    0x10, 0x84, 0x2d, 0x6b, 0xff, 0xf7, 0x9d, 0xe7, 0xdb, 0xf7, 0xbe, 0xef,
    0xde, 0xef, 0xbe, 0xef, 0x9e, 0xef, 0xbe, 0xef, 0x9f, 0xef, 0x9e, 0xe7,
    0x9e, 0xef, 0xbe, 0xef, 0x9e, 0xe7, 0x9e, 0xef, 0xbe, 0xef, 0xbe, 0xef,
    0x9e, 0xef, 0xbe, 0xef, 0xbe, 0xe7, 0xbe, 0xef, 0xde, 0xef, 0x9e, 0xe7,
    0x9e, 0xe7, 0x7d, 0xe7, 0x9e, 0xef, 0x9d, 0xe7, 0x7d, 0xe7, 0x5d, 0xe7,
    0x7d, 0xe7, 0x5d, 0xe7, 0x5d, 0xdf, 0x9d, 0xe7, 0x5d, 0xe7, 0x7d, 0xe7,
    0x7d, 0xe7, 0x7d, 0xe7, 0x7d, 0xe7, 0x7d, 0xe7, 0x7d, 0xe7, 0x7d, 0xe7,
    0x5d, 0xe7, 0x7d, 0xe7, 0x7d, 0xe7, 0x7d, 0xe7, 0x5d, 0xdf, 0x7d, 0xe7,
    0x7d, 0xe7, 0x5d, 0xe7, 0x7d, 0xe7, 0x5d, 0xdf, 0x7d, 0xe7, 0x9d, 0xe7,
    0x7d, 0xe7, 0x5d, 0xe7, 0x7d, 0xe7, 0x7d, 0xe7, 0x5d, 0xe7, 0x7d, 0xe7,
    0x7d, 0xe7, 0x7d, 0xe7, 0x7d, 0xe7, 0x5d, 0xe7, 0x5d, 0xdf, 0x7d, 0xe7,
    0x7d, 0xe7, 0x7d, 0xe7, 0x7d, 0xe7, 0x7d, 0xe7, 0x9d, 0xe7, 0x7d, 0xe7,
    0x9d, 0xe7, 0x5d, 0xe7, 0x7d, 0xe7, 0x7d, 0xe7, 0x5d, 0xe7, 0x5d, 0xdf,
    0x7d, 0xe7, 0x5d, 0xdf, 0x5d, 0xe7, 0x7d, 0xe7, 0x5d, 0xdf, 0x5d, 0xe7,
    0x7d, 0xe7, 0x5d, 0xdf, 0x5d, 0xe7, 0x7d, 0xe7, 0x7d, 0xe7, 0x7d, 0xe7,
    0x5d, 0xe7, 0x5d, 0xe7, 0x7d, 0xdf, 0x9e, 0xe7, 0x7d, 0xe7, 0x5d, 0xe7,
    0x5d, 0xdf, 0x7d, 0xe7, 0x7d, 0xe7, 0x5d, 0xe7, 0x5d, 0xdf, 0x5c, 0xdf,
    0x1c, 0xdf, 0x1c, 0xd7, 0x1c, 0xdf, 0x1c, 0xdf, 0x3c, 0xd7, 0x1c, 0xdf,
    0x1c, 0xdf, 0x3c, 0xd7, 0x1c, 0xdf, 0x1c, 0xdf, 0x3c, 0xd7, 0x1c, 0xdf,
    0x1c, 0xdf, 0x3c, 0xd7, 0x1c, 0xdf, 0x1c, 0xdf, 0x3c, 0xd7, 0x1c, 0xdf,
    0x1c, 0xdf, 0x3c, 0xd7, 0x1c, 0xdf, 0x1c, 0xdf, 0x3c, 0xd7, 0x1c, 0xdf,
    0x1c, 0xdf, 0x3c, 0xd7, 0x1c, 0xdf, 0x1c, 0xdf, 0x3c, 0xd7, 0x1c, 0xdf,
    0x1c, 0xdf, 0x3c, 0xd7, 0x1c, 0xdf, 0x1c, 0xdf, 0x3c, 0xd7, 0x1c, 0xdf,
    0x1c, 0xdf, 0x3c, 0xd7, 0x1c, 0xdf, 0x1c, 0xdf, 0x3c, 0xd7, 0x1c, 0xdf,
    0x1c, 0xdf, 0x3c, 0xd7, 0x1c, 0xdf, 0x1c, 0xdf, 0x3c, 0xd7, 0x1c, 0xdf,
    0x1c, 0xdf, 0x3c, 0xd7, 0x1c, 0xdf, 0x1c, 0xdf, 0x3c, 0xd7, 0x1c, 0xdf,
    0x1c, 0xdf, 0x3c, 0xd7, 0x1c, 0xdf, 0x1c, 0xdf, 0x3c, 0xd7, 0x1c, 0xdf,
    0x1c, 0xdf, 0x3c, 0xd7, 0x1c, 0xdf, 0x1c, 0xdf, 0x3c, 0xd7, 0x1c, 0xdf,
    0x1c, 0xdf, 0x3c, 0xd7, 0x1c, 0xdf, 0x1c, 0xdf, 0x3c, 0xd7, 0x1c, 0xdf,
    0x1c, 0xdf, 0x3c, 0xd7, 0x1c, 0xdf, 0x1c, 0xdf, 0x3c, 0xd7, 0x1c, 0xdf,
    0x1c, 0xdf, 0x3c, 0xd7, 0x1c, 0xdf, 0x1c, 0xdf, 0x3c, 0xd7, 0x1c, 0xdf,
    0x1c, 0xdf, 0x3c, 0xd7, 0x1c, 0xdf, 0x1c, 0xdf, 0x3c, 0xd7, 0x1c, 0xdf,
    0x1c, 0xdf, 0x3c, 0xd7, 0x1c, 0xdf, 0x1c, 0xdf, 0x3c, 0xd7, 0x1c, 0xdf,
    0x1c, 0xdf, 0x3c, 0xd7, 0x1c, 0xdf, 0x1c, 0xdf, 0x3c, 0xd7, 0x1c, 0xdf,
    0x1c, 0xdf, 0x3c, 0xd7, 0x1c, 0xdf, 0x1c, 0xdf, 0x3c, 0xd7, 0x1c, 0xdf,
    0x1c, 0xdf, 0x3c, 0xd7, 0x1c, 0xd7, 0x1c, 0xdf, 0x5d, 0xdf, 0x7d, 0xe7,
    0x7d, 0xe7, 0x7d, 0xe7, 0x7d, 0xe7, 0x7d, 0xe7, 0x79, 0xc6, 0xdf, 0xef,
    0xbe, 0xef, 0xbe, 0xef, 0xbe, 0xef, 0xbe, 0xef, 0x1c, 0xdf, 0x7d, 0xe7,
    0xf8, 0xbd, 0xdc, 0xd6, 0xff, 0xf7, 0x14, 0xd5, 0x95, 0xf5, 0xb5, 0xfd,
    0xb4, 0xf5, 0x53, 0xed, 0x74, 0xf5, 0xb5, 0xfd, 0xb5, 0xf5, 0xf4, 0xcc,
    0x10, 0x84, 0x4d, 0x6b, 0x99, 0xd6, 0xf3, 0x9c, 0xa6, 0xa4, 0xff, 0xf7,
    0x38, 0xbe, 0x5d, 0xe7, 0xff, 0xff, 0x5c, 0xe7, 0x7d, 0xdf, 0xff, 0xff,
    0xff, 0xf7, 0xff, 0xf7, 0xff, 0xf7, 0xff, 0xf7, 0xde, 0xf7, 0xba, 0xce,
    0xff, 0xf7, 0xdf, 0xef, 0xde, 0xf7, 0x3d, 0xdf, 0x79, 0xc6, 0x9e, 0xe7,
    0xff, 0xf7, 0xff, 0xf7, 0x18, 0xbe, 0x7e, 0xe7, 0xff, 0xf7, 0xff, 0xf7,
    0x5d, 0xdf, 0xde, 0xef, 0xff, 0xf7, 0x18, 0xbe, 0xdf, 0xef, 0x3c, 0xdf,
    0x7d, 0xe7, 0x1c, 0xdf, 0x7a, 0xc6, 0x5c, 0xdf, 0xfb, 0xd6, 0x7a, 0xc6,
    0xde, 0xef, 0x9d, 0xef, 0x5d, 0xdf, 0x5d, 0xdf, 0xdf, 0xef, 0x5c, 0xe7,
    0x38, 0xbe, 0xff, 0xf7, 0xbe, 0xef, 0xbe, 0xef, 0x5c, 0xdf, 0x59, 0xbe,
    0x3c, 0xdf, 0xff, 0xf7, 0x39, 0xbe, 0xff, 0xf7, 0xdf, 0xef, 0x1b, 0xdf,
    0xfc, 0xd6, 0x3c, 0xdf, 0x3c, 0xd7, 0xdf, 0xf7, 0xff, 0xef, 0x9d, 0xef,
    0x7d, 0xe7, 0x9a, 0xc6, 0xdb, 0xde, 0xbe, 0xe7, 0x18, 0xbe, 0xbe, 0xef,
    0xd7, 0xb5, 0xdf, 0xef, 0x38, 0xc6, 0x9e, 0xe7, 0xde, 0xef, 0xff, 0xf7,
    0x1c, 0xd7, 0xff, 0xf7, 0xdf, 0xef, 0xde, 0xef, 0xdf, 0xef, 0xde, 0xef,
    0x5d, 0xe7, 0xff, 0xf7, 0xde, 0xef, 0xde, 0xef, 0x7d, 0xe7, 0x5a, 0xc6,
    0xff, 0xf7, 0xde, 0xef, 0xdf, 0xef, 0xb6, 0xb5, 0xbf, 0xef, 0xff, 0xef,
    0x9d, 0xef, 0x5d, 0xdf, 0x7d, 0xe7, 0xff, 0xef, 0xbe, 0xef, 0x7d, 0xe7,
    0x5d, 0xdf, 0x1c, 0xd7, 0x3c, 0xdf, 0x3c, 0xdf, 0x1c, 0xd7, 0x3c, 0xdf,
    0x1c, 0xdf, 0x3c, 0xd7, 0x1c, 0xdf, 0x3c, 0xdf, 0x3c, 0xd7, 0x1c, 0xdf,
    0x3c, 0xdf, 0x1c, 0xd7, 0x3c, 0xdf, 0x1c, 0xdf, 0x3c, 0xd7, 0x1c, 0xdf,
    0x3c, 0xdf, 0x3c, 0xd7, 0x1c, 0xdf, 0x3c, 0xdf, 0x1c, 0xd7, 0x3c, 0xdf,
    0x1c, 0xdf, 0x3c, 0xd7, 0x1c, 0xdf, 0x3c, 0xdf, 0x3c, 0xd7, 0x1c, 0xdf,
    0x3c, 0xdf, 0x1c, 0xd7, 0x3c, 0xdf, 0x1c, 0xdf, 0x3c, 0xd7, 0x1c, 0xdf,
    0x3c, 0xdf, 0x3c, 0xd7, 0x1c, 0xdf, 0x3c, 0xdf, 0x1c, 0xd7, 0x3c, 0xdf,
    0x1c, 0xdf, 0x3c, 0xd7, 0x1c, 0xdf, 0x3c, 0xdf, 0x3c, 0xd7, 0x1c, 0xdf,
    0x3c, 0xdf, 0x1c, 0xd7, 0x3c, 0xdf, 0x1c, 0xdf, 0x3c, 0xd7, 0x1c, 0xdf,
    0x3c, 0xdf, 0x3c, 0xd7, 0x1c, 0xdf, 0x3c, 0xdf, 0x1c, 0xd7, 0x3c, 0xdf,
    0x1c, 0xdf, 0x3c, 0xd7, 0x1c, 0xdf, 0x3c, 0xdf, 0x3c, 0xd7, 0x1c, 0xdf,
    0x3c, 0xdf, 0x1c, 0xd7, 0x3c, 0xdf, 0x1c, 0xdf, 0x3c, 0xd7, 0x1c, 0xdf,
    0x3c, 0xdf, 0x3c, 0xd7, 0x1c, 0xdf, 0x3c, 0xdf, 0x1c, 0xd7, 0x3c, 0xdf,
    0x1c, 0xdf, 0x3c, 0xd7, 0x1c, 0xdf, 0x3c, 0xdf, 0x3c, 0xd7, 0x1c, 0xdf,
    0x3c, 0xdf, 0x1c, 0xd7, 0x3c, 0xdf, 0x1c, 0xdf, 0x3c, 0xd7, 0x1c, 0xdf,
    0x3c, 0xdf, 0x3c, 0xd7, 0x1c, 0xdf, 0x3c, 0xdf, 0x1c, 0xd7, 0x3c, 0xdf,
    0x1c, 0xdf, 0x3c, 0xd7, 0x1c, 0xdf, 0x3c, 0xdf, 0x3c, 0xd7, 0x1c, 0xdf,
    0x3c, 0xdf, 0x1c, 0xd7, 0x3c, 0xdf, 0x1c, 0xdf, 0x3c, 0xd7, 0x1c, 0xdf,
    0x3c, 0xdf, 0x1c, 0xdf, 0x3c, 0xdf, 0x1b, 0xd7, 0x1b, 0xd7, 0x5d, 0xdf,
    0x7d, 0xe7, 0x5d, 0xe7, 0x7d, 0xe7, 0x7d, 0xe7, 0x79, 0xc6, 0xbe, 0xef,
    0x7d, 0xe7, 0x9d, 0xe7, 0x9e, 0xe7, 0xbe, 0xef, 0x1c, 0xd7, 0xd8, 0xbd,
    0x9b, 0xde, 0x97, 0xb5, 0xff, 0xf7, 0x91, 0xcc, 0xf2, 0xe4, 0xd2, 0xf4,
    0x51, 0xcc, 0x39, 0xc6, 0xd3, 0xc4, 0xd2, 0xf4, 0x12, 0xed, 0x71, 0xc4,
    0x10, 0x84, 0x6e, 0x6b, 0xf6, 0xcd, 0x0c, 0x5b, 0xa9, 0x9c, 0xff, 0xff,
    0x6f, 0x94, 0xbd, 0xce, 0xd7, 0xb5, 0x76, 0xb5, 0x1b, 0xdf, 0x38, 0xbe,
    0xd7, 0xb5, 0xbb, 0xd6, 0xd6, 0xb5, 0xfb, 0xd6, 0xb6, 0xb5, 0x1c, 0xcf,
    0x58, 0xc6, 0x18, 0xc6, 0x39, 0xce, 0xb6, 0x9d, 0x36, 0xc6, 0xf3, 0x9c,
    0xf7, 0xb5, 0xf6, 0xbd, 0x16, 0xa5, 0xd6, 0xad, 0x75, 0xb5, 0x13, 0x95,
    0xd7, 0xbd, 0xfc, 0xd6, 0x9b, 0xd6, 0xb6, 0xad, 0xde, 0xf7, 0xf0, 0x73,
    0x37, 0xce, 0x30, 0x74, 0x57, 0xb5, 0xd8, 0xbd, 0x55, 0xad, 0xb6, 0xa5,
    0xff, 0xf7, 0xde, 0xf7, 0x15, 0xa5, 0xd7, 0xbd, 0x5d, 0xe7, 0x56, 0xce,
    0x56, 0x9d, 0x39, 0xc6, 0xfb, 0xde, 0x7d, 0xdf, 0x14, 0xb5, 0x72, 0x84,
    0xfb, 0xde, 0xb6, 0xb5, 0x57, 0xa5, 0x71, 0x84, 0x7c, 0xe7, 0xce, 0x83,
    0xd5, 0x8c, 0x96, 0xbd, 0xdb, 0xd6, 0x18, 0xb6, 0xb7, 0xb5, 0x75, 0xb5,
    0x9b, 0xc6, 0xb0, 0x9c, 0xd4, 0x8c, 0x19, 0xbe, 0x35, 0xb5, 0xda, 0xc6,
    0x96, 0xad, 0x7a, 0xbe, 0x54, 0xc5, 0x57, 0xa5, 0xba, 0xce, 0x76, 0xad,
    0xdb, 0xd6, 0x10, 0x9c, 0x18, 0xb6, 0x59, 0xce, 0xb7, 0xb5, 0xba, 0xce,
    0xb5, 0x94, 0x33, 0x9d, 0xd7, 0xbd, 0x9b, 0xce, 0x98, 0xce, 0xf5, 0x8c,
    0x38, 0xc6, 0xd6, 0xad, 0xdf, 0xef, 0x34, 0xb5, 0x75, 0xa5, 0xb8, 0xb5,
    0x3b, 0xef, 0x5a, 0xc6, 0x73, 0x8d, 0xb7, 0xbd, 0x9a, 0xce, 0xfd, 0xde,
    0x9d, 0xe7, 0x3c, 0xdf, 0x1b, 0xd7, 0x3c, 0xdf, 0x1c, 0xdf, 0x3c, 0xd7,
    0x3c, 0xdf, 0x1c, 0xd7, 0x3c, 0xdf, 0x1c, 0xdf, 0x1c, 0xd7, 0x3c, 0xdf,
    0x1c, 0xd7, 0x3c, 0xdf, 0x1c, 0xdf, 0x3c, 0xd7, 0x1c, 0xdf, 0x3c, 0xd7,
    0x1c, 0xdf, 0x1c, 0xdf, 0x3c, 0xd7, 0x1c, 0xdf, 0x3c, 0xd7, 0x1c, 0xdf,
    0x3c, 0xdf, 0x1c, 0xd7, 0x3c, 0xdf, 0x1c, 0xd7, 0x1c, 0xdf, 0x3c, 0xdf,
    0x1c, 0xd7, 0x3c, 0xdf, 0x1c, 0xd7, 0x3c, 0xdf, 0x1c, 0xdf, 0x3c, 0xd7,
    0x1c, 0xdf, 0x1c, 0xd7, 0x3c, 0xdf, 0x1c, 0xdf, 0x3c, 0xd7, 0x1c, 0xdf,
    0x3c, 0xd7, 0x1c, 0xdf, 0x3c, 0xdf, 0x1c, 0xd7, 0x1c, 0xdf, 0x3c, 0xd7,
    0x1c, 0xdf, 0x3c, 0xdf, 0x1c, 0xd7, 0x3c, 0xdf, 0x1c, 0xd7, 0x3c, 0xdf,
    0x1c, 0xdf, 0x1c, 0xd7, 0x3c, 0xdf, 0x1c, 0xd7, 0x3c, 0xdf, 0x1c, 0xdf,
    0x3c, 0xd7, 0x1c, 0xdf, 0x3c, 0xd7, 0x1c, 0xdf, 0x1c, 0xdf, 0x3c, 0xd7,
    0x1c, 0xdf, 0x3c, 0xd7, 0x1c, 0xdf, 0x3c, 0xdf, 0x1c, 0xd7, 0x3c, 0xdf,
    0x1c, 0xd7, 0x1c, 0xdf, 0x3c, 0xdf, 0x1c, 0xd7, 0x3c, 0xdf, 0x1c, 0xd7,
    0x3c, 0xdf, 0x1c, 0xdf, 0x3c, 0xd7, 0x1c, 0xdf, 0x1c, 0xd7, 0x3c, 0xdf,
    0x1c, 0xdf, 0x3c, 0xd7, 0x1c, 0xdf, 0x3c, 0xd7, 0x1c, 0xdf, 0x3c, 0xdf,
    0x1c, 0xd7, 0x1c, 0xdf, 0x3c, 0xd7, 0x1c, 0xdf, 0x3c, 0xdf, 0x1c, 0xd7,
    0x3c, 0xdf, 0x1c, 0xd7, 0x3c, 0xdf, 0x1c, 0xdf, 0x1c, 0xd7, 0x3c, 0xdf,
    0x1c, 0xd7, 0x3c, 0xdf, 0x1c, 0xdf, 0x3c, 0xd7, 0x1c, 0xdf, 0x3c, 0xd7,
    0x1c, 0xd7, 0x3c, 0xdf, 0x1c, 0xdf, 0x3c, 0xdf, 0x1c, 0xd7, 0x1c, 0xdf,
    0x3c, 0xdf, 0x7d, 0xe7, 0x7d, 0xdf, 0x7d, 0xe7, 0x9a, 0xc6, 0x9a, 0xc6,
    0xb7, 0xb5, 0xf8, 0xc5, 0x97, 0xb5, 0x9a, 0xc6, 0x38, 0xb6, 0xd7, 0xbd,
    0x55, 0xad, 0xf5, 0xa4, 0x1b, 0xd7, 0xea, 0xb2, 0x89, 0xc2, 0xc9, 0xda,
    0x67, 0xda, 0xfc, 0xc6, 0xa9, 0xba, 0xc9, 0xe2, 0xa9, 0xca, 0xaa, 0xa2,
    0x10, 0x84, 0xaf, 0x73, 0x2c, 0x8b, 0x6d, 0x6b, 0xc4, 0x7b, 0xff, 0xff,
    0x50, 0x94, 0x91, 0xb4, 0x72, 0x84, 0xb8, 0xb5, 0xf7, 0xc5, 0x17, 0xce,
    0xd0, 0x73, 0xd4, 0x95, 0x30, 0x83, 0xb8, 0xb5, 0xf7, 0xb5, 0x12, 0xbd,
    0x71, 0x63, 0xf6, 0xa5, 0x6c, 0x6b, 0x95, 0x95, 0x12, 0xa5, 0xd6, 0xa4,
    0x18, 0xbe, 0xb2, 0x93, 0x97, 0xbd, 0x4d, 0x73, 0x96, 0x95, 0x54, 0xa5,
    0xd0, 0x8c, 0x1b, 0xcf, 0xf1, 0x83, 0x18, 0xc6, 0xb6, 0xb5, 0x6f, 0x5b,
    0xd7, 0xc5, 0x50, 0x7c, 0xb8, 0xb5, 0xb7, 0xad, 0x75, 0xb5, 0x3b, 0xc6,
    0x78, 0xce, 0x9f, 0xdf, 0xee, 0x8b, 0xb7, 0xad, 0x96, 0xbd, 0x97, 0xd6,
    0xd8, 0xad, 0xee, 0x83, 0x93, 0x84, 0xfc, 0xd6, 0xd7, 0xc4, 0x32, 0x84,
    0x71, 0x73, 0x97, 0xbd, 0x95, 0xb5, 0x19, 0xa6, 0x70, 0x8c, 0x36, 0xb6,
    0x98, 0xae, 0x97, 0xbd, 0xcf, 0x6b, 0xd3, 0x94, 0xb2, 0x93, 0x6f, 0x7b,
    0xf9, 0xbd, 0x32, 0xb5, 0xf5, 0x84, 0xb7, 0xb5, 0x16, 0xb6, 0xff, 0xef,
    0x76, 0xc5, 0x3b, 0xc6, 0x71, 0xac, 0xf0, 0x7b, 0xd0, 0x8b, 0xd6, 0x95,
    0x75, 0x9d, 0x92, 0xac, 0xd3, 0x8c, 0x50, 0x8c, 0x92, 0x94, 0x51, 0x8c,
    0x77, 0xb5, 0x59, 0xb6, 0xd8, 0xb5, 0xd2, 0xa4, 0xd9, 0xd6, 0xf4, 0x84,
    0x4e, 0x73, 0x16, 0xa5, 0x39, 0xbe, 0xf6, 0xcd, 0x32, 0x8c, 0x11, 0x8c,
    0xb0, 0x94, 0x94, 0x74, 0x0d, 0x8c, 0x99, 0xad, 0x0d, 0x6b, 0x55, 0x9d,
    0xbe, 0xef, 0x3c, 0xdf, 0x1c, 0xd7, 0x1c, 0xdf, 0x3c, 0xdf, 0x1b, 0xd7,
    0x1c, 0xdf, 0x3c, 0xdf, 0x1b, 0xd7, 0x3c, 0xdf, 0x1c, 0xdf, 0x3b, 0xd7,
    0x3c, 0xdf, 0x1c, 0xdf, 0x3b, 0xd7, 0x1c, 0xdf, 0x3c, 0xdf, 0x3b, 0xd7,
    0x1c, 0xdf, 0x3c, 0xd7, 0x1b, 0xdf, 0x3c, 0xdf, 0x1c, 0xd7, 0x3b, 0xdf,
    0x1c, 0xd7, 0x3c, 0xdf, 0x3b, 0xdf, 0x1c, 0xd7, 0x3c, 0xdf, 0x1b, 0xd7,
    0x3c, 0xdf, 0x1c, 0xdf, 0x3b, 0xd7, 0x1c, 0xdf, 0x3c, 0xd7, 0x3b, 0xdf,
    0x1c, 0xdf, 0x3c, 0xd7, 0x1b, 0xdf, 0x3c, 0xd7, 0x1c, 0xdf, 0x3b, 0xdf,
    0x1c, 0xd7, 0x3c, 0xdf, 0x3b, 0xd7, 0x1c, 0xdf, 0x3c, 0xdf, 0x1b, 0xd7,
    0x3c, 0xdf, 0x1c, 0xd7, 0x3b, 0xdf, 0x1c, 0xdf, 0x3c, 0xd7, 0x3b, 0xdf,
    0x1c, 0xd7, 0x3c, 0xdf, 0x1b, 0xdf, 0x3c, 0xd7, 0x1c, 0xdf, 0x3b, 0xd7,
    0x1c, 0xdf, 0x3c, 0xdf, 0x3b, 0xd7, 0x1c, 0xdf, 0x3c, 0xd7, 0x1b, 0xdf,
    0x3c, 0xdf, 0x1c, 0xd7, 0x3b, 0xdf, 0x1c, 0xd7, 0x3c, 0xdf, 0x3b, 0xdf,
    0x1c, 0xd7, 0x3c, 0xdf, 0x1b, 0xd7, 0x3c, 0xdf, 0x1c, 0xdf, 0x3b, 0xd7,
    0x1c, 0xdf, 0x3c, 0xd7, 0x3b, 0xdf, 0x1c, 0xdf, 0x3c, 0xd7, 0x1b, 0xdf,
    0x3c, 0xd7, 0x1c, 0xdf, 0x3b, 0xdf, 0x1c, 0xd7, 0x3c, 0xdf, 0x3b, 0xd7,
    0x1c, 0xdf, 0x3c, 0xdf, 0x1b, 0xd7, 0x3c, 0xdf, 0x1c, 0xd7, 0x3b, 0xdf,
    0x1c, 0xdf, 0x3c, 0xd7, 0x3b, 0xdf, 0x1c, 0xd7, 0x3c, 0xdf, 0x1b, 0xdf,
    0x3c, 0xd7, 0x1c, 0xdf, 0x3b, 0xd7, 0x1c, 0xdf, 0x3c, 0xdf, 0x1b, 0xdf,
    0x3c, 0xd7, 0x1c, 0xd7, 0x3c, 0xdf, 0x1c, 0xdf, 0x3c, 0xdf, 0x1c, 0xd7,
    0x1c, 0xd7, 0x3c, 0xdf, 0x7d, 0xe7, 0x9d, 0xe7, 0x9a, 0xce, 0x19, 0xc6,
    0x35, 0xa5, 0xd7, 0xbd, 0x15, 0xa5, 0x19, 0xc6, 0xd7, 0xb5, 0x36, 0xad,
    0x97, 0xbd, 0xb4, 0x9c, 0x9b, 0xce, 0x69, 0xaa, 0x46, 0xba, 0x66, 0xd2,
    0xc9, 0xb2, 0x31, 0xa4, 0x8e, 0xb3, 0x46, 0xda, 0x67, 0xc2, 0x68, 0x9a,
    0x10, 0x84, 0xcf, 0x73, 0xc7, 0x81, 0x13, 0xad, 0xe7, 0x62, 0xff, 0xff,
    0x75, 0xad, 0x9d, 0xef, 0xd0, 0x7b, 0xfb, 0xde, 0x78, 0xc6, 0x17, 0xbe,
    0xfb, 0xd6, 0x5c, 0xd7, 0x9b, 0xde, 0x1d, 0xdf, 0x5c, 0xef, 0xd8, 0xad,
    0x96, 0xad, 0x5c, 0xd7, 0x9d, 0xe7, 0x3c, 0xd7, 0x3c, 0xdf, 0x1d, 0xe7,
    0x58, 0xc6, 0x37, 0xbe, 0x55, 0x9d, 0x7a, 0xce, 0x39, 0xbe, 0xb7, 0xbd,
    0xf4, 0x94, 0x7e, 0xdf, 0xdb, 0xd6, 0x56, 0xad, 0x1c, 0xd7, 0x7d, 0xdf,
    0x18, 0xc6, 0xba, 0xce, 0xd8, 0xb5, 0x37, 0xc6, 0xb6, 0xb5, 0xd7, 0xa5,
    0xff, 0xf7, 0xdf, 0xef, 0xba, 0xce, 0xb9, 0xd6, 0x55, 0xa5, 0x74, 0xad,
    0xd8, 0xad, 0xf7, 0xc5, 0x79, 0xc6, 0xff, 0xef, 0xd5, 0xb5, 0xb7, 0xb5,
    0xda, 0xde, 0x33, 0x7c, 0xd7, 0xbd, 0xba, 0xd6, 0x55, 0xa5, 0x3c, 0xdf,
    0x3c, 0xd7, 0x99, 0xce, 0x59, 0xc6, 0x96, 0xad, 0x7b, 0xd6, 0xbf, 0xef,
    0x5d, 0xe7, 0xb7, 0xb5, 0x59, 0xce, 0xda, 0xc6, 0xd2, 0x94, 0x79, 0xce,
    0xb7, 0xb5, 0x79, 0xc6, 0x5c, 0xef, 0x38, 0xc6, 0x59, 0xce, 0x10, 0x74,
    0x99, 0xce, 0x7a, 0xc6, 0xb6, 0xb5, 0x79, 0xc6, 0x79, 0xce, 0xf8, 0xbd,
    0x19, 0xb6, 0x1b, 0xe7, 0x96, 0xb5, 0x7a, 0xc6, 0x5c, 0xe7, 0xf8, 0xb5,
    0x76, 0xb5, 0xfd, 0xde, 0x5d, 0xdf, 0x14, 0xa5, 0x1b, 0xdf, 0xf9, 0xb5,
    0xd9, 0xde, 0xf8, 0xbd, 0x7a, 0xbe, 0x76, 0xad, 0x1b, 0xdf, 0x7a, 0xc6,
    0x9d, 0xe7, 0x1c, 0xdf, 0x1c, 0xd7, 0x1c, 0xd7, 0x1b, 0xd7, 0x1c, 0xdf,
    0x1c, 0xd7, 0x1b, 0xd7, 0x1c, 0xd7, 0x1c, 0xd7, 0x1b, 0xdf, 0x1c, 0xd7,
    0x1c, 0xd7, 0x1b, 0xd7, 0x1c, 0xd7, 0x1c, 0xdf, 0x1b, 0xd7, 0x1c, 0xd7,
    0x1c, 0xdf, 0x1b, 0xd7, 0x1c, 0xd7, 0x1c, 0xdf, 0x1b, 0xd7, 0x1c, 0xd7,
    0x1c, 0xdf, 0x1b, 0xd7, 0x1c, 0xd7, 0x1c, 0xdf, 0x1b, 0xd7, 0x1c, 0xd7,
    0x1c, 0xdf, 0x1b, 0xd7, 0x1c, 0xd7, 0x1c, 0xdf, 0x1b, 0xd7, 0x1c, 0xd7,
    0x1c, 0xdf, 0x1b, 0xd7, 0x1c, 0xd7, 0x1c, 0xdf, 0x1b, 0xd7, 0x1c, 0xd7,
    0x1c, 0xdf, 0x1b, 0xd7, 0x1c, 0xd7, 0x1c, 0xdf, 0x1b, 0xd7, 0x1c, 0xd7,
    0x1c, 0xdf, 0x1b, 0xd7, 0x1c, 0xd7, 0x1c, 0xdf, 0x1b, 0xd7, 0x1c, 0xd7,
    0x1c, 0xdf, 0x1b, 0xd7, 0x1c, 0xd7, 0x1c, 0xdf, 0x1b, 0xd7, 0x1c, 0xd7,
    0x1c, 0xdf, 0x1b, 0xd7, 0x1c, 0xd7, 0x1c, 0xdf, 0x1b, 0xd7, 0x1c, 0xd7,
    0x1c, 0xdf, 0x1b, 0xd7, 0x1c, 0xd7, 0x1c, 0xdf, 0x1b, 0xd7, 0x1c, 0xd7,
    0x1c, 0xdf, 0x1b, 0xd7, 0x1c, 0xd7, 0x1c, 0xdf, 0x1b, 0xd7, 0x1c, 0xd7,
    0x1c, 0xdf, 0x1b, 0xd7, 0x1c, 0xd7, 0x1c, 0xdf, 0x1b, 0xd7, 0x1c, 0xd7,
    0x1c, 0xdf, 0x1b, 0xd7, 0x1c, 0xd7, 0x1c, 0xdf, 0x1b, 0xd7, 0x1c, 0xd7,
    0x1c, 0xdf, 0x1b, 0xd7, 0x1c, 0xd7, 0x1c, 0xdf, 0x1b, 0xd7, 0x1c, 0xd7,
    0x1c, 0xdf, 0x1b, 0xd7, 0x1c, 0xd7, 0x1c, 0xdf, 0x1b, 0xd7, 0x1c, 0xd7,
    0x1c, 0xdf, 0x1b, 0xd7, 0x1c, 0xd7, 0x1c, 0xd7, 0x1b, 0xdf, 0x1c, 0xd7,
    0x1b, 0xdf, 0x1c, 0xd7, 0x1b, 0xd7, 0x1b, 0xd7, 0x1c, 0xdf, 0x1c, 0xd7,
    0x1c, 0xdf, 0x1c, 0xd7, 0x3c, 0xdf, 0x7d, 0xe7, 0x1c, 0xd7, 0xd9, 0xc5,
    0xdd, 0xde, 0xbc, 0xde, 0xdd, 0xde, 0xfd, 0xe6, 0x3a, 0xce, 0x9b, 0xd6,
    0x5a, 0xce, 0xbd, 0xde, 0x1e, 0xef, 0xef, 0xbb, 0x70, 0xdc, 0x8f, 0xe4,
    0x8f, 0xec, 0x6e, 0xe4, 0x6e, 0xe4, 0x8e, 0xe4, 0x8f, 0xdc, 0x0f, 0xb4,
    0x10, 0x84, 0x6e, 0x73, 0x18, 0xce, 0xaf, 0xa3, 0xff, 0xff, 0xff, 0xff,
    0xff, 0xff, 0xff, 0xff, 0x59, 0xc6, 0xff, 0xff, 0xff, 0xff, 0xff, 0xff,
    0xff, 0xff, 0xff, 0xff, 0xff, 0xff, 0xff, 0xff, 0xff, 0xff, 0xff, 0xff,
    0xff, 0xff, 0xff, 0xff, 0xff, 0xff, 0xff, 0xff, 0xff, 0xff, 0xff, 0xff,
    0xff, 0xff, 0xff, 0xff, 0xff, 0xff, 0xff, 0xff, 0xff, 0xff, 0xff, 0xff,
    0xff, 0xff, 0xff, 0xff, 0xff, 0xff, 0xff, 0xff, 0xff, 0xff, 0xff, 0xff,
    0xff, 0xff, 0xff, 0xff, 0xff, 0xff, 0xff, 0xff, 0xff, 0xff, 0xff, 0xff,
    0xff, 0xff, 0xff, 0xf7, 0xff, 0xff, 0xff, 0xff, 0xff, 0xff, 0xff, 0xff,
    0xff, 0xff, 0xff, 0xff, 0xff, 0xff, 0xff, 0xff, 0xff, 0xff, 0xff, 0xff,
    0x9e, 0xe7, 0x1c, 0xd7, 0xff, 0xff, 0xff, 0xff, 0xff, 0xff, 0xff, 0xff,
    0xff, 0xff, 0xff, 0xff, 0xff, 0xff, 0xff, 0xff, 0xff, 0xff, 0xff, 0xff,
    0xff, 0xff, 0xff, 0xff, 0xff, 0xff, 0xff, 0xff, 0xff, 0xff, 0xff, 0xff,
    0xff, 0xff, 0xff, 0xff, 0xff, 0xff, 0xff, 0xff, 0xff, 0xf7, 0x9a, 0xce,
    0xff, 0xff, 0xff, 0xff, 0xff, 0xff, 0xff, 0xff, 0xff, 0xff, 0xff, 0xff,
    0xff, 0xff, 0xff, 0xff, 0xff, 0xff, 0xff, 0xff, 0xff, 0xff, 0xff, 0xff,
    0xff, 0xff, 0xff, 0xff, 0xff, 0xff, 0xff, 0xff, 0xff, 0xff, 0xff, 0xff,
    0xff, 0xff, 0xff, 0xff, 0xff, 0xff, 0xff, 0xff, 0xff, 0xff, 0xff, 0xff,
    0xdf, 0xf7, 0xbe, 0xef, 0xde, 0xef, 0xde, 0xef, 0xde, 0xef, 0xde, 0xef,
    0xde, 0xef, 0xde, 0xef, 0xde, 0xef, 0xde, 0xef, 0xde, 0xef, 0xbe, 0xef,
    0xde, 0xef, 0xde, 0xef, 0xde, 0xef, 0xde, 0xef, 0xbe, 0xef, 0xde, 0xef,
    0xde, 0xef, 0xde, 0xef, 0xde, 0xef, 0xde, 0xef, 0xde, 0xef, 0xde, 0xef,
    0xde, 0xef, 0xbe, 0xef, 0xde, 0xef, 0xde, 0xef, 0xde, 0xef, 0xde, 0xef,
    0xde, 0xef, 0xde, 0xef, 0xde, 0xef, 0xde, 0xef, 0xbe, 0xef, 0xde, 0xef,
    0xde, 0xef, 0xde, 0xef, 0xde, 0xef, 0xde, 0xef, 0xde, 0xef, 0xde, 0xef,
    0xde, 0xef, 0xbe, 0xef, 0xde, 0xef, 0xde, 0xef, 0xde, 0xef, 0xde, 0xef,
    0xde, 0xef, 0xde, 0xef, 0xde, 0xef, 0xde, 0xef, 0xbe, 0xef, 0xde, 0xef,
    0xde, 0xef, 0xde, 0xef, 0xde, 0xef, 0xde, 0xef, 0xde, 0xef, 0xde, 0xef,
    0xde, 0xef, 0xbe, 0xef, 0xde, 0xef, 0xde, 0xef, 0xde, 0xef, 0xde, 0xef,
    0xde, 0xef, 0xde, 0xef, 0xde, 0xef, 0xde, 0xef, 0xbe, 0xef, 0xde, 0xef,
    0xde, 0xef, 0xde, 0xef, 0xde, 0xef, 0xde, 0xef, 0xde, 0xef, 0xde, 0xef,
    0xde, 0xef, 0xbe, 0xef, 0xde, 0xef, 0xde, 0xef, 0xde, 0xef, 0xde, 0xef,
    0xde, 0xef, 0xde, 0xef, 0xde, 0xef, 0xde, 0xef, 0xbe, 0xef, 0xde, 0xef,
    0xde, 0xef, 0xde, 0xef, 0xde, 0xef, 0xde, 0xef, 0xde, 0xef, 0xde, 0xef,
    0xde, 0xef, 0xbe, 0xef, 0xde, 0xef, 0xde, 0xef, 0xde, 0xef, 0xde, 0xef,
    0xde, 0xef, 0xde, 0xef, 0xde, 0xef, 0xde, 0xef, 0xde, 0xef, 0xde, 0xef,
    0xde, 0xef, 0xde, 0xef, 0xde, 0xef, 0xde, 0xef, 0xde, 0xef, 0xde, 0xef,
    0xde, 0xef, 0xbe, 0xef, 0xde, 0xef, 0xdf, 0xef, 0xff, 0xff, 0x3c, 0xdf,
    0xba, 0xce, 0xda, 0xce, 0xda, 0xce, 0xda, 0xce, 0xdb, 0xce, 0xdb, 0xce,
    0xdb, 0xce, 0xbb, 0xce, 0xbb, 0xce, 0x79, 0xce, 0x79, 0xce, 0x79, 0xce,
    0x7a, 0xce, 0x9a, 0xd6, 0x9a, 0xd6, 0x9a, 0xce, 0x79, 0xce, 0x9e, 0xef,
    0x10, 0x84, 0xcf, 0x7b, 0x89, 0x42, 0xea, 0x52, 0x89, 0x4a, 0x69, 0x42,
    0x68, 0x4a, 0x69, 0x42, 0x89, 0x4a, 0x69, 0x4a, 0x69, 0x42, 0x69, 0x42,
    0x69, 0x4a, 0x69, 0x4a, 0x68, 0x42, 0x68, 0x4a, 0x69, 0x42, 0x68, 0x4a,
    0x68, 0x42, 0x68, 0x42, 0x68, 0x4a, 0x68, 0x42, 0x68, 0x4a, 0x69, 0x42,
    0x68, 0x42, 0x69, 0x4a, 0x69, 0x4a, 0x68, 0x42, 0x69, 0x4a, 0x69, 0x42,
    0x69, 0x42, 0x68, 0x4a, 0x69, 0x4a, 0x69, 0x42, 0x69, 0x4a, 0x69, 0x4a,
    0x69, 0x42, 0x69, 0x4a, 0x69, 0x42, 0x69, 0x4a, 0x69, 0x4a, 0x68, 0x42,
    0x69, 0x4a, 0x68, 0x4a, 0x69, 0x42, 0x69, 0x42, 0x69, 0x4a, 0x69, 0x4a,
    0x69, 0x4a, 0x69, 0x42, 0x69, 0x4a, 0x68, 0x42, 0x69, 0x42, 0x68, 0x42,
    0x89, 0x4a, 0x89, 0x4a, 0x68, 0x42, 0x69, 0x42, 0x68, 0x4a, 0x68, 0x42,
    0x69, 0x4a, 0x68, 0x4a, 0x68, 0x42, 0x69, 0x4a, 0x68, 0x42, 0x68, 0x42,
    0x69, 0x42, 0x68, 0x4a, 0x69, 0x42, 0x69, 0x4a, 0x69, 0x42, 0x68, 0x42,
    0x69, 0x4a, 0x69, 0x42, 0x68, 0x42, 0x69, 0x4a, 0x69, 0x4a, 0x89, 0x4a,
    0x68, 0x4a, 0x69, 0x4a, 0x68, 0x42, 0x68, 0x4a, 0x69, 0x4a, 0x68, 0x42,
    0x68, 0x4a, 0x69, 0x42, 0x68, 0x42, 0x68, 0x4a, 0x69, 0x42, 0x69, 0x42,
    0x68, 0x42, 0x69, 0x42, 0x69, 0x42, 0x68, 0x4a, 0x69, 0x42, 0x69, 0x42,
    0x69, 0x42, 0x69, 0x4a, 0x68, 0x4a, 0x69, 0x4a, 0x69, 0x4a, 0x69, 0x4a,
    0x68, 0x42, 0x69, 0x42, 0x68, 0x4a, 0x69, 0x4a, 0x69, 0x42, 0x69, 0x4a,
    0x69, 0x4a, 0x69, 0x4a, 0x69, 0x4a, 0x69, 0x42, 0x69, 0x4a, 0x69, 0x4a,
    0x69, 0x4a, 0x69, 0x4a, 0x69, 0x42, 0x69, 0x4a, 0x69, 0x4a, 0x69, 0x42,
    0x69, 0x4a, 0x69, 0x4a, 0x69, 0x42, 0x69, 0x4a, 0x69, 0x4a, 0x69, 0x42,
    0x69, 0x4a, 0x69, 0x4a, 0x69, 0x42, 0x69, 0x4a, 0x69, 0x4a, 0x69, 0x42,
    0x69, 0x4a, 0x69, 0x4a, 0x69, 0x42, 0x69, 0x4a, 0x69, 0x4a, 0x69, 0x42,
    0x69, 0x4a, 0x69, 0x4a, 0x69, 0x42, 0x69, 0x4a, 0x69, 0x4a, 0x69, 0x42,
    0x69, 0x4a, 0x69, 0x4a, 0x69, 0x42, 0x69, 0x4a, 0x69, 0x4a, 0x69, 0x42,
    0x69, 0x4a, 0x69, 0x4a, 0x69, 0x42, 0x69, 0x4a, 0x69, 0x4a, 0x69, 0x42,
    0x69, 0x4a, 0x69, 0x4a, 0x69, 0x42, 0x69, 0x4a, 0x69, 0x4a, 0x69, 0x42,
    0x69, 0x4a, 0x69, 0x4a, 0x69, 0x42, 0x69, 0x4a, 0x69, 0x4a, 0x69, 0x42,
    0x69, 0x4a, 0x69, 0x4a, 0x69, 0x42, 0x69, 0x4a, 0x69, 0x4a, 0x69, 0x42,
    0x69, 0x4a, 0x69, 0x4a, 0x69, 0x42, 0x69, 0x4a, 0x69, 0x4a, 0x69, 0x42,
    0x69, 0x4a, 0x69, 0x4a, 0x69, 0x42, 0x69, 0x4a, 0x69, 0x4a, 0x69, 0x42,
    0x69, 0x4a, 0x69, 0x4a, 0x69, 0x42, 0x69, 0x4a, 0x69, 0x4a, 0x69, 0x42,
    0x69, 0x4a, 0x69, 0x4a, 0x69, 0x42, 0x69, 0x4a, 0x69, 0x4a, 0x69, 0x42,
    0x69, 0x4a, 0x69, 0x4a, 0x69, 0x42, 0x69, 0x4a, 0x69, 0x4a, 0x69, 0x42,
    0x69, 0x4a, 0x69, 0x4a, 0x69, 0x4a, 0x69, 0x42, 0x69, 0x4a, 0x69, 0x4a,
    0x69, 0x42, 0x69, 0x4a, 0x69, 0x4a, 0x69, 0x42, 0x69, 0x4a, 0x68, 0x42,
    0x69, 0x4a, 0x68, 0x42, 0x69, 0x4a, 0x89, 0x4a, 0x69, 0x42, 0x89, 0x4a,
    0x89, 0x4a, 0x89, 0x4a, 0x89, 0x4a, 0x89, 0x4a, 0x89, 0x4a, 0x89, 0x4a,
    0x89, 0x4a, 0x89, 0x4a, 0x89, 0x4a, 0xa9, 0x4a, 0xa9, 0x4a, 0xa9, 0x4a,
    0xa9, 0x4a, 0x89, 0x4a, 0xa9, 0x4a, 0xa9, 0x4a, 0xa9, 0x4a, 0x89, 0x4a,
    0x10, 0x84, 0xf0, 0x83, 0x60, 0x08, 0xa1, 0x10, 0xa1, 0x10, 0xa1, 0x10,
    0xa1, 0x10, 0xa1, 0x10, 0xa1, 0x10, 0xa1, 0x10, 0xa1, 0x10, 0xa1, 0x10,
    0xa1, 0x10, 0xa1, 0x10, 0xa1, 0x10, 0xa1, 0x10, 0xa1, 0x10, 0xa1, 0x10,
    0xa1, 0x10, 0xa1, 0x10, 0xa1, 0x10, 0xa1, 0x10, 0xa1, 0x10, 0xa1, 0x10,
    0xa1, 0x10, 0xa1, 0x10, 0xa1, 0x10, 0xa1, 0x10, 0xa1, 0x10, 0xa1, 0x10,
    0xa1, 0x10, 0xa1, 0x10, 0xa1, 0x10, 0xa1, 0x10, 0xa1, 0x10, 0xa1, 0x10,
    0xa1, 0x10, 0xa1, 0x10, 0xa1, 0x10, 0xa1, 0x10, 0xa1, 0x10, 0xa1, 0x10,
    0xa1, 0x10, 0xa1, 0x10, 0xa1, 0x10, 0xa1, 0x10, 0xa1, 0x10, 0xa1, 0x10,
    0xa1, 0x10, 0xa1, 0x10, 0xa1, 0x10, 0xa1, 0x10, 0xa1, 0x10, 0xa1, 0x10,
    0xa1, 0x10, 0xa1, 0x10, 0xa1, 0x10, 0xa1, 0x10, 0xa1, 0x10, 0xa1, 0x10,
    0xa1, 0x10, 0xa1, 0x10, 0xa1, 0x10, 0xa1, 0x10, 0xa1, 0x10, 0xa1, 0x10,
    0xa1, 0x10, 0xa1, 0x10, 0xa1, 0x10, 0xa1, 0x10, 0xa1, 0x10, 0xa1, 0x10,
    0xa1, 0x10, 0xa1, 0x10, 0xa1, 0x10, 0xa1, 0x10, 0xa1, 0x10, 0xa1, 0x10,
    0xa1, 0x10, 0xa1, 0x10, 0xa1, 0x10, 0xa1, 0x10, 0xa1, 0x10, 0xa1, 0x10,
    0xa1, 0x10, 0xa1, 0x10, 0xa1, 0x10, 0xa1, 0x10, 0xa1, 0x10, 0xa1, 0x10,
    0xa1, 0x10, 0xa1, 0x10, 0xa1, 0x10, 0xa1, 0x10, 0xa1, 0x10, 0xa1, 0x10,
    0xa1, 0x10, 0xa1, 0x10, 0xa1, 0x10, 0xa1, 0x10, 0xa1, 0x10, 0xa1, 0x10,
    0xa1, 0x10, 0xa1, 0x10, 0xa1, 0x10, 0xa1, 0x10, 0xa1, 0x10, 0xa1, 0x10,
    0xa1, 0x10, 0xa1, 0x10, 0xa1, 0x10, 0xa1, 0x10, 0xa1, 0x10, 0xa1, 0x10,
    0xa1, 0x10, 0xa1, 0x10, 0xa1, 0x10, 0xa1, 0x10, 0xa1, 0x10, 0xa1, 0x10,
    0xa1, 0x10, 0xa1, 0x10, 0xa1, 0x10, 0xa1, 0x10, 0xa1, 0x10, 0xa1, 0x10,
    0xa1, 0x10, 0xa1, 0x10, 0xa1, 0x10, 0xa1, 0x10, 0xa1, 0x10, 0xa1, 0x10,
    0xa1, 0x10, 0xa1, 0x10, 0xa1, 0x10, 0xa1, 0x10, 0xa1, 0x10, 0xa1, 0x10,
    0xa1, 0x10, 0xa1, 0x10, 0xa1, 0x10, 0xa1, 0x10, 0xa1, 0x10, 0xa1, 0x10,
    0xa1, 0x10, 0xa1, 0x10, 0xa1, 0x10, 0xa1, 0x10, 0xa1, 0x10, 0xa1, 0x10,
    0xa1, 0x10, 0xa1, 0x10, 0xa1, 0x10, 0xa1, 0x10, 0xa1, 0x10, 0xa1, 0x10,
    0xa1, 0x10, 0xa1, 0x10, 0xa1, 0x10, 0xa1, 0x10, 0xa1, 0x10, 0xa1, 0x10,
    0xa1, 0x10, 0xa1, 0x10, 0xa1, 0x10, 0xa1, 0x10, 0xa1, 0x10, 0xa1, 0x10,
    0xa1, 0x10, 0xa1, 0x10, 0xa1, 0x10, 0xa1, 0x10, 0xa1, 0x10, 0xa1, 0x10,
    0xa1, 0x10, 0xa1, 0x10, 0xa1, 0x10, 0xa1, 0x10, 0xa1, 0x10, 0xa1, 0x10,
    0xa1, 0x10, 0xa1, 0x10, 0xa1, 0x10, 0xa1, 0x10, 0xa1, 0x10, 0xa1, 0x10,
    0xa1, 0x10, 0xa1, 0x10, 0xa1, 0x10, 0xa1, 0x10, 0xa1, 0x10, 0xa1, 0x10,
    0xa1, 0x10, 0xa1, 0x10, 0xa1, 0x10, 0xa1, 0x10, 0xa1, 0x10, 0xa1, 0x10,
    0xa1, 0x10, 0xa1, 0x10, 0xa1, 0x10, 0xa1, 0x10, 0xa1, 0x10, 0xa1, 0x10,
    0xa1, 0x10, 0xa1, 0x10, 0xa1, 0x10, 0xa1, 0x10, 0xa1, 0x10, 0xa1, 0x10,
    0xa1, 0x10, 0xa1, 0x10, 0xa1, 0x10, 0xa1, 0x10, 0xa1, 0x10, 0xa1, 0x10,
    0x60, 0x08, 0x80, 0x08, 0x60, 0x08, 0x60, 0x08, 0x80, 0x08, 0x80, 0x08,
    0x80, 0x08, 0x80, 0x08, 0x80, 0x08, 0x60, 0x08, 0x80, 0x08, 0x80, 0x08,
    0x80, 0x10, 0x80, 0x08, 0x80, 0x08, 0x60, 0x10, 0x60, 0x08, 0x60, 0x08,
    0x60, 0x10, 0x60, 0x08, 0x60, 0x08, 0x60, 0x08, 0x60, 0x08, 0x80, 0x10,
    0x10, 0x84, 0xf0, 0x83, 0x81, 0x10, 0xc1, 0x10, 0xa1, 0x10, 0xc1, 0x18,
    0xe2, 0x18, 0xe2, 0x18, 0xe2, 0x18, 0xe2, 0x18, 0xc1, 0x10, 0xe1, 0x18,
    0xe2, 0x18, 0xc1, 0x18, 0xe2, 0x18, 0xe2, 0x18, 0xe2, 0x18, 0xe2, 0x18,
    0xe2, 0x18, 0xe2, 0x18, 0xe2, 0x18, 0xa1, 0x10, 0xe2, 0x18, 0xe2, 0x18,
    0xe2, 0x18, 0xe2, 0x18, 0xc1, 0x18, 0xe2, 0x18, 0xe2, 0x18, 0xe2, 0x18,
    0xe2, 0x18, 0xe1, 0x18, 0xe2, 0x18, 0xe2, 0x18, 0xe2, 0x18, 0xe2, 0x18,
    0xe2, 0x18, 0xc1, 0x18, 0xa1, 0x10, 0xe2, 0x18, 0xe2, 0x18, 0xc1, 0x18,
    0xc2, 0x10, 0xe2, 0x18, 0xe2, 0x18, 0xe2, 0x18, 0xc1, 0x18, 0xe1, 0x10,
    0xe2, 0x18, 0xc1, 0x10, 0xe2, 0x18, 0xe2, 0x18, 0xe2, 0x18, 0xe2, 0x18,
    0xe2, 0x18, 0xe2, 0x18, 0xe2, 0x18, 0xe2, 0x18, 0xe2, 0x18, 0xe2, 0x18,
    0xe2, 0x18, 0xe2, 0x18, 0xe2, 0x18, 0xe2, 0x18, 0xe2, 0x18, 0xe2, 0x18,
    0xe2, 0x18, 0xe2, 0x18, 0xe2, 0x18, 0xe2, 0x18, 0xe2, 0x18, 0xe2, 0x18,
    0xe2, 0x18, 0xe2, 0x18, 0xe2, 0x18, 0xe2, 0x18, 0xe2, 0x18, 0xe2, 0x18,
    0xe2, 0x18, 0xe2, 0x18, 0xe2, 0x18, 0xe2, 0x18, 0xe2, 0x18, 0xe2, 0x18,
    0xe2, 0x18, 0xe2, 0x18, 0xe2, 0x18, 0xe2, 0x18, 0xe2, 0x18, 0xe2, 0x18,
    0xe2, 0x18, 0xe2, 0x18, 0xe2, 0x18, 0xe2, 0x18, 0xe2, 0x18, 0xe2, 0x18,
    0xe2, 0x18, 0xe2, 0x18, 0xe2, 0x18, 0xe2, 0x18, 0xe2, 0x18, 0xe2, 0x18,
    0xe2, 0x18, 0xe2, 0x18, 0xe2, 0x18, 0xe2, 0x18, 0xe2, 0x18, 0xe2, 0x18,
    0xe2, 0x18, 0xe2, 0x18, 0xe2, 0x18, 0xe2, 0x18, 0xe2, 0x18, 0xe2, 0x18,
    0xe2, 0x18, 0xe2, 0x18, 0xe2, 0x18, 0xe2, 0x18, 0xe2, 0x18, 0xe2, 0x18,
    0xe2, 0x18, 0xe2, 0x18, 0xe2, 0x18, 0xe2, 0x18, 0xe2, 0x18, 0xe2, 0x18,
    0xe2, 0x18, 0xe2, 0x18, 0xe2, 0x18, 0xe2, 0x18, 0xe2, 0x18, 0xe2, 0x18,
    0xe2, 0x18, 0xe2, 0x18, 0xe2, 0x18, 0xe2, 0x18, 0xe2, 0x18, 0xe2, 0x18,
    0xe2, 0x18, 0xe2, 0x18, 0xe2, 0x18, 0xe2, 0x18, 0xe2, 0x18, 0xe2, 0x18,
    0xe2, 0x18, 0xe2, 0x18, 0xe2, 0x18, 0xe2, 0x18, 0xe2, 0x18, 0xe2, 0x18,
    0xe2, 0x18, 0xe2, 0x18, 0xe2, 0x18, 0xe2, 0x18, 0xe2, 0x18, 0xe2, 0x18,
    0xe2, 0x18, 0xe2, 0x18, 0xe2, 0x18, 0xe2, 0x18, 0xe2, 0x18, 0xe2, 0x18,
    0xe2, 0x18, 0xe2, 0x18, 0xe2, 0x18, 0xe2, 0x18, 0xe2, 0x18, 0xe2, 0x18,
    0xe2, 0x18, 0xe2, 0x18, 0xe2, 0x18, 0xe2, 0x18, 0xe2, 0x18, 0xe2, 0x18,
    0xe2, 0x18, 0xe2, 0x18, 0xe2, 0x18, 0xe2, 0x18, 0xe2, 0x18, 0xe2, 0x18,
    0xe2, 0x18, 0xe2, 0x18, 0xe2, 0x18, 0xe2, 0x18, 0xe2, 0x18, 0xe2, 0x18,
    0xe2, 0x18, 0xe2, 0x18, 0xe2, 0x18, 0xe2, 0x18, 0xe2, 0x18, 0xe2, 0x18,
    0xe2, 0x18, 0xe2, 0x18, 0xe2, 0x18, 0xe2, 0x18, 0xe2, 0x18, 0xe2, 0x18,
    0xe2, 0x18, 0xe2, 0x18, 0xe2, 0x18, 0xe2, 0x18, 0xe2, 0x18, 0xe2, 0x18,
    0xe2, 0x18, 0xe2, 0x18, 0xa1, 0x10, 0xc2, 0x18, 0xe2, 0x18, 0xe2, 0x18,
    0xe2, 0x18, 0xe2, 0x18, 0xc1, 0x10, 0xe2, 0x18, 0xe2, 0x18, 0xc1, 0x18,
    0x0e, 0x6b, 0x8c, 0x5a, 0x8c, 0x5a, 0x8b, 0x5a, 0x8c, 0x5a, 0x8c, 0x5a,
    0x8c, 0x5a, 0x8c, 0x5a, 0x8c, 0x5a, 0x8c, 0x5a, 0x8c, 0x5a, 0x8c, 0x5a,
    0x8c, 0x5a, 0x8c, 0x5a, 0x8c, 0x5a, 0x8c, 0x5a, 0x8c, 0x5a, 0x8c, 0x5a,
    0xac, 0x5a, 0x8c, 0x5a, 0x8c, 0x5a, 0x8c, 0x5a, 0xac, 0x5a, 0xe7, 0x39,
    0x10, 0x84, 0x10, 0x84, 0x60, 0x08, 0x8a, 0x4a, 0x68, 0x52, 0xe7, 0x39,
    0x80, 0x08, 0xe2, 0x18, 0xe2, 0x18, 0xa1, 0x10, 0xcb, 0x4a, 0xa0, 0x18,
    0x80, 0x08, 0xa7, 0x31, 0x81, 0x10, 0x80, 0x10, 0xa1, 0x10, 0xa1, 0x10,
    0xe2, 0x18, 0xe2, 0x18, 0xa2, 0x10, 0x2c, 0x63, 0x40, 0x08, 0x03, 0x11,
    0xc1, 0x18, 0x81, 0x10, 0x65, 0x29, 0xc1, 0x10, 0xa1, 0x10, 0x80, 0x08,
    0x80, 0x10, 0x44, 0x21, 0x80, 0x10, 0xa1, 0x10, 0xa1, 0x10, 0xe2, 0x18,
    0xc1, 0x10, 0xe7, 0x31, 0xae, 0x6b, 0x80, 0x10, 0x80, 0x08, 0xe4, 0x20,
    0x83, 0x29, 0xa1, 0x10, 0xe2, 0x18, 0xe2, 0x18, 0x45, 0x21, 0x24, 0x29,
    0x60, 0x08, 0x07, 0x42, 0x60, 0x08, 0xe2, 0x18, 0xe2, 0x18, 0xe2, 0x18,
    0xe2, 0x18, 0xe2, 0x18, 0xe2, 0x18, 0xe2, 0x18, 0xe2, 0x18, 0xe2, 0x18,
    0xe2, 0x18, 0xe2, 0x18, 0xe2, 0x18, 0xe2, 0x18, 0xe2, 0x18, 0xe2, 0x18,
    0xe2, 0x18, 0xe2, 0x18, 0xe2, 0x18, 0xe2, 0x18, 0xe2, 0x18, 0xe2, 0x18,
    0xe2, 0x18, 0xe2, 0x18, 0xe2, 0x18, 0xe2, 0x18, 0xe2, 0x18, 0xe2, 0x18,
    0xe2, 0x18, 0xe2, 0x18, 0xe2, 0x18, 0xe2, 0x18, 0xe2, 0x18, 0xe2, 0x18,
    0xe2, 0x18, 0xe2, 0x18, 0xe2, 0x18, 0xe2, 0x18, 0xe2, 0x18, 0xe2, 0x18,
    0xe2, 0x18, 0xe2, 0x18, 0xe2, 0x18, 0xe2, 0x18, 0xe2, 0x18, 0xe2, 0x18,
    0xe2, 0x18, 0xe2, 0x18, 0xe2, 0x18, 0xe2, 0x18, 0xe2, 0x18, 0xe2, 0x18,
    0xe2, 0x18, 0xe2, 0x18, 0xe2, 0x18, 0xe2, 0x18, 0xe2, 0x18, 0xe2, 0x18,
    0xe2, 0x18, 0xe2, 0x18, 0xe2, 0x18, 0xe2, 0x18, 0xe2, 0x18, 0xe2, 0x18,
    0xe2, 0x18, 0xe2, 0x18, 0xe2, 0x18, 0xe2, 0x18, 0xe2, 0x18, 0xe2, 0x18,
    0xe2, 0x18, 0xe2, 0x18, 0xe2, 0x18, 0xe2, 0x18, 0xe2, 0x18, 0xe2, 0x18,
    0xe2, 0x18, 0xe2, 0x18, 0xe2, 0x18, 0xe2, 0x18, 0xe2, 0x18, 0xe2, 0x18,
    0xe2, 0x18, 0xe2, 0x18, 0xe2, 0x18, 0xe2, 0x18, 0xe2, 0x18, 0xe2, 0x18,
    0xe2, 0x18, 0xe2, 0x18, 0xe2, 0x18, 0xe2, 0x18, 0xe2, 0x18, 0xe2, 0x18,
    0xe2, 0x18, 0xe2, 0x18, 0xe2, 0x18, 0xe2, 0x18, 0xe2, 0x18, 0xe2, 0x18,
    0xe2, 0x18, 0xe2, 0x18, 0xe2, 0x18, 0xe2, 0x18, 0xe2, 0x18, 0xe2, 0x18,
    0xe2, 0x18, 0xe2, 0x18, 0xe2, 0x18, 0xe2, 0x18, 0xe2, 0x18, 0xe2, 0x18,
    0xe2, 0x18, 0xe2, 0x18, 0xe2, 0x18, 0xe2, 0x18, 0xe2, 0x18, 0xe2, 0x18,
    0xe2, 0x18, 0xe2, 0x18, 0xe2, 0x18, 0xe2, 0x18, 0xe2, 0x18, 0xe2, 0x18,
    0xe2, 0x18, 0xe2, 0x18, 0xe2, 0x18, 0xe2, 0x18, 0xe2, 0x18, 0xe2, 0x18,
    0xe2, 0x18, 0xe2, 0x18, 0xe2, 0x18, 0xe2, 0x18, 0xe2, 0x18, 0xe2, 0x18,
    0xe2, 0x18, 0xe2, 0x18, 0xe2, 0x18, 0xe2, 0x18, 0xe2, 0x18, 0xe2, 0x18,
    0xe2, 0x18, 0xe2, 0x18, 0xe2, 0x18, 0xe2, 0x18, 0xe2, 0x18, 0xe2, 0x18,
    0xe2, 0x18, 0xe2, 0x18, 0xe2, 0x18, 0xe2, 0x18, 0xe2, 0x18, 0xe2, 0x18,
    0xe2, 0x18, 0xa1, 0x10, 0xec, 0x52, 0x01, 0x21, 0xa0, 0x10, 0x80, 0x10,
    0xa0, 0x10, 0x61, 0x08, 0x06, 0x42, 0x80, 0x10, 0xc2, 0x18, 0xe2, 0x18,
    0x2b, 0x4a, 0x88, 0x31, 0x88, 0x31, 0x88, 0x39, 0x88, 0x39, 0x88, 0x31,
    0x68, 0x31, 0x88, 0x39, 0x88, 0x39, 0x88, 0x39, 0x88, 0x39, 0x88, 0x39,
    0x88, 0x39, 0x88, 0x39, 0x88, 0x39, 0xa8, 0x31, 0x88, 0x39, 0x88, 0x39,
    0xa8, 0x39, 0x88, 0x39, 0xa8, 0x39, 0x88, 0x39, 0x88, 0x39, 0xc7, 0x39,
    0x10, 0x84, 0xf0, 0x83, 0x60, 0x08, 0x4d, 0x5b, 0x28, 0x4a, 0x4f, 0x63,
    0x6d, 0x6b, 0xa1, 0x10, 0xe1, 0x18, 0xe2, 0x10, 0xaa, 0x52, 0x52, 0x84,
    0x8e, 0x6b, 0xb3, 0x94, 0xec, 0x62, 0x8e, 0x6b, 0x0c, 0x63, 0xce, 0x7b,
    0x80, 0x10, 0xe2, 0x18, 0x84, 0x10, 0x8c, 0x6b, 0x6f, 0x6b, 0x92, 0x8c,
    0x4d, 0x6b, 0x0a, 0x63, 0x8a, 0x52, 0x86, 0x29, 0x2c, 0x6b, 0x72, 0x84,
    0xcc, 0x62, 0xae, 0x6b, 0xd0, 0x73, 0x2c, 0x63, 0xeb, 0x62, 0xa1, 0x10,
    0xe2, 0x18, 0x81, 0x10, 0xa8, 0x52, 0x2d, 0x5b, 0x0c, 0x6b, 0x2e, 0x6b,
    0x4f, 0x7c, 0xe6, 0x39, 0xc1, 0x10, 0xa1, 0x10, 0x0c, 0x53, 0x2c, 0x6b,
    0xd0, 0x73, 0xec, 0x5a, 0xb2, 0x94, 0x80, 0x18, 0xc2, 0x18, 0xe2, 0x18,
    0xe2, 0x18, 0xe2, 0x18, 0xe2, 0x18, 0xe2, 0x18, 0xe2, 0x18, 0xe2, 0x18,
    0xe2, 0x18, 0xe2, 0x18, 0xe2, 0x18, 0xe2, 0x18, 0xe2, 0x18, 0xe2, 0x18,
    0xe2, 0x18, 0xe2, 0x18, 0xe2, 0x18, 0xe2, 0x18, 0xe2, 0x18, 0xe2, 0x18,
    0xe2, 0x18, 0xe2, 0x18, 0xe2, 0x18, 0xe2, 0x18, 0xe2, 0x18, 0xe2, 0x18,
    0xe2, 0x18, 0xe2, 0x18, 0xe2, 0x18, 0xe2, 0x18, 0xe2, 0x18, 0xe2, 0x18,
    0xe2, 0x18, 0xe2, 0x18, 0xe2, 0x18, 0xe2, 0x18, 0xe2, 0x18, 0xe2, 0x18,
    0xe2, 0x18, 0xe2, 0x18, 0xe2, 0x18, 0xe2, 0x18, 0xe2, 0x18, 0xe2, 0x18,
    0xe2, 0x18, 0xe2, 0x18, 0xe2, 0x18, 0xe2, 0x18, 0xe2, 0x18, 0xe2, 0x18,
    0xe2, 0x18, 0xe2, 0x18, 0xe2, 0x18, 0xe2, 0x18, 0xe2, 0x18, 0xe2, 0x18,
    0xe2, 0x18, 0xe2, 0x18, 0xe2, 0x18, 0xe2, 0x18, 0xe2, 0x18, 0xe2, 0x18,
    0xe2, 0x18, 0xe2, 0x18, 0xe2, 0x18, 0xe2, 0x18, 0xe2, 0x18, 0xe2, 0x18,
    0xe2, 0x18, 0xe2, 0x18, 0xe2, 0x18, 0xe2, 0x18, 0xe2, 0x18, 0xe2, 0x18,
    0xe2, 0x18, 0xe2, 0x18, 0xe2, 0x18, 0xe2, 0x18, 0xe2, 0x18, 0xe2, 0x18,
    0xe2, 0x18, 0xe2, 0x18, 0xe2, 0x18, 0xe2, 0x18, 0xe2, 0x18, 0xe2, 0x18,
    0xe2, 0x18, 0xe2, 0x18, 0xe2, 0x18, 0xe2, 0x18, 0xe2, 0x18, 0xe2, 0x18,
    0xe2, 0x18, 0xe2, 0x18, 0xe2, 0x18, 0xe2, 0x18, 0xe2, 0x18, 0xe2, 0x18,
    0xe2, 0x18, 0xe2, 0x18, 0xe2, 0x18, 0xe2, 0x18, 0xe2, 0x18, 0xe2, 0x18,
    0xe2, 0x18, 0xe2, 0x18, 0xe2, 0x18, 0xe2, 0x18, 0xe2, 0x18, 0xe2, 0x18,
    0xe2, 0x18, 0xe2, 0x18, 0xe2, 0x18, 0xe2, 0x18, 0xe2, 0x18, 0xe2, 0x18,
    0xe2, 0x18, 0xe2, 0x18, 0xe2, 0x18, 0xe2, 0x18, 0xe2, 0x18, 0xe2, 0x18,
    0xe2, 0x18, 0xe2, 0x18, 0xe2, 0x18, 0xe2, 0x18, 0xe2, 0x18, 0xe2, 0x18,
    0xe2, 0x18, 0xe2, 0x18, 0xe2, 0x18, 0xe2, 0x18, 0xe2, 0x18, 0xe2, 0x18,
    0xe2, 0x18, 0xe2, 0x18, 0xe2, 0x18, 0xe2, 0x18, 0xe2, 0x18, 0xe2, 0x18,
    0xe2, 0x18, 0xe2, 0x18, 0xe2, 0x18, 0xe2, 0x18, 0xe2, 0x18, 0xe2, 0x18,
    0xe2, 0x18, 0xe2, 0x18, 0xe2, 0x18, 0xe2, 0x18, 0xe2, 0x18, 0xe2, 0x18,
    0xe2, 0x18, 0xa1, 0x10, 0x8f, 0x73, 0x2a, 0x42, 0x8b, 0x52, 0x0f, 0x7c,
    0x6e, 0x6b, 0x6f, 0x73, 0xb3, 0x84, 0xca, 0x62, 0xe2, 0x18, 0xc1, 0x18,
    0xcd, 0x52, 0x4a, 0x52, 0x2a, 0x4a, 0x4a, 0x4a, 0x2a, 0x42, 0x2a, 0x4a,
    0xcb, 0x52, 0x88, 0x39, 0xa8, 0x39, 0xa8, 0x39, 0xa8, 0x39, 0xa8, 0x39,
    0xa8, 0x39, 0xa8, 0x39, 0xa8, 0x39, 0xa8, 0x39, 0xa8, 0x39, 0xa8, 0x39,
    0xa8, 0x39, 0xa8, 0x39, 0xa8, 0x39, 0xa8, 0x39, 0xa9, 0x39, 0xc7, 0x39,
    0x10, 0x84, 0xf0, 0x83, 0x60, 0x00, 0x4d, 0x63, 0xcb, 0x62, 0xf6, 0x8c,
    0x8c, 0x73, 0x81, 0x10, 0xe2, 0x18, 0xe2, 0x10, 0x8a, 0x52, 0x93, 0x94,
    0xab, 0x4a, 0x32, 0x74, 0xcc, 0x62, 0xf3, 0x8c, 0x8b, 0x52, 0x2f, 0x7c,
    0xa0, 0x10, 0xe2, 0x18, 0x83, 0x10, 0x4c, 0x5b, 0x72, 0x94, 0x52, 0x7c,
    0x4d, 0x73, 0x0b, 0x63, 0x6a, 0x4a, 0xaa, 0x4a, 0x2c, 0x63, 0x11, 0x6c,
    0x8b, 0x62, 0xb3, 0x84, 0x4a, 0x5a, 0xf1, 0x8c, 0x8a, 0x52, 0xa1, 0x10,
    0xe2, 0x18, 0x82, 0x10, 0xc9, 0x5a, 0xad, 0x52, 0x54, 0x9d, 0x0e, 0x6b,
    0xcd, 0x63, 0x89, 0x5a, 0xa1, 0x10, 0xa1, 0x10, 0xec, 0x52, 0x4d, 0x6b,
    0xf4, 0x94, 0x4e, 0x6b, 0xf0, 0x7b, 0xa0, 0x18, 0xe2, 0x18, 0xe2, 0x18,
    0xe2, 0x18, 0xe2, 0x18, 0xe2, 0x18, 0xe2, 0x18, 0xe2, 0x18, 0xe2, 0x18,
    0xe2, 0x18, 0xe2, 0x18, 0xe2, 0x18, 0xe2, 0x18, 0xe2, 0x18, 0xe2, 0x18,
    0xe2, 0x18, 0xe2, 0x18, 0xe2, 0x18, 0xe2, 0x18, 0xe2, 0x18, 0xe2, 0x18,
    0xe2, 0x18, 0xe2, 0x18, 0xe2, 0x18, 0xe2, 0x18, 0xe2, 0x18, 0xe2, 0x18,
    0xe2, 0x18, 0xe2, 0x18, 0xe2, 0x18, 0xe2, 0x18, 0xe2, 0x18, 0xe2, 0x18,
    0xe2, 0x18, 0xe2, 0x18, 0xe2, 0x18, 0xe2, 0x18, 0xe2, 0x18, 0xe2, 0x18,
    0xe2, 0x18, 0xe2, 0x18, 0xe2, 0x18, 0xe2, 0x18, 0xe2, 0x18, 0xe2, 0x18,
    0xe2, 0x18, 0xe2, 0x18, 0xe2, 0x18, 0xe2, 0x18, 0xe2, 0x18, 0xe2, 0x18,
    0xe2, 0x18, 0xe2, 0x18, 0xe2, 0x18, 0xe2, 0x18, 0xe2, 0x18, 0xe2, 0x18,
    0xe2, 0x18, 0xe2, 0x18, 0xe2, 0x18, 0xe2, 0x18, 0xe2, 0x18, 0xe2, 0x18,
    0xe2, 0x18, 0xe2, 0x18, 0xe2, 0x18, 0xe2, 0x18, 0xe2, 0x18, 0xe2, 0x18,
    0xe2, 0x18, 0xe2, 0x18, 0xe2, 0x18, 0xe2, 0x18, 0xe2, 0x18, 0xe2, 0x18,
    0xe2, 0x18, 0xe2, 0x18, 0xe2, 0x18, 0xe2, 0x18, 0xe2, 0x18, 0xe2, 0x18,
    0xe2, 0x18, 0xe2, 0x18, 0xe2, 0x18, 0xe2, 0x18, 0xe2, 0x18, 0xe2, 0x18,
    0xe2, 0x18, 0xe2, 0x18, 0xe2, 0x18, 0xe2, 0x18, 0xe2, 0x18, 0xe2, 0x18,
    0xe2, 0x18, 0xe2, 0x18, 0xe2, 0x18, 0xe2, 0x18, 0xe2, 0x18, 0xe2, 0x18,
    0xe2, 0x18, 0xe2, 0x18, 0xe2, 0x18, 0xe2, 0x18, 0xe2, 0x18, 0xe2, 0x18,
    0xe2, 0x18, 0xe2, 0x18, 0xe2, 0x18, 0xe2, 0x18, 0xe2, 0x18, 0xe2, 0x18,
    0xe2, 0x18, 0xe2, 0x18, 0xe2, 0x18, 0xe2, 0x18, 0xe2, 0x18, 0xe2, 0x18,
    0xe2, 0x18, 0xe2, 0x18, 0xe2, 0x18, 0xe2, 0x18, 0xe2, 0x18, 0xe2, 0x18,
    0xe2, 0x18, 0xe2, 0x18, 0xe2, 0x18, 0xe2, 0x18, 0xe2, 0x18, 0xe2, 0x18,
    0xe2, 0x18, 0xe2, 0x18, 0xe2, 0x18, 0xe2, 0x18, 0xe2, 0x18, 0xe2, 0x18,
    0xe2, 0x18, 0xe2, 0x18, 0xe2, 0x18, 0xe2, 0x18, 0xe2, 0x18, 0xe2, 0x18,
    0xe2, 0x18, 0xe2, 0x18, 0xe2, 0x18, 0xe2, 0x18, 0xe2, 0x18, 0xe2, 0x18,
    0xe2, 0x18, 0xe2, 0x18, 0xe2, 0x18, 0xe2, 0x18, 0xe2, 0x18, 0xe2, 0x18,
    0xe2, 0x18, 0xc1, 0x10, 0xe9, 0x31, 0x55, 0xad, 0x8f, 0x73, 0x50, 0x8c,
    0x4c, 0x42, 0xab, 0x5a, 0xad, 0x5a, 0x2a, 0x63, 0xa1, 0x10, 0xe2, 0x18,
    0x6c, 0x52, 0x4a, 0x4a, 0xed, 0x62, 0x0c, 0x5b, 0x49, 0x42, 0x4a, 0x4a,
    0xcb, 0x52, 0x88, 0x39, 0xa8, 0x39, 0xa9, 0x39, 0xa9, 0x39, 0xa8, 0x39,
    0xa9, 0x39, 0xa8, 0x39, 0xa9, 0x39, 0xa9, 0x39, 0xa8, 0x39, 0xa9, 0x39,
    0xa9, 0x39, 0xa8, 0x39, 0xa9, 0x39, 0xa8, 0x39, 0xa9, 0x39, 0xc7, 0x39,
    0x10, 0x84, 0xf0, 0x83, 0x80, 0x08, 0xe7, 0x39, 0x85, 0x31, 0x44, 0x21,
    0xa9, 0x52, 0xa1, 0x10, 0xe2, 0x18, 0xa1, 0x10, 0x89, 0x4a, 0xec, 0x62,
    0xa9, 0x52, 0x49, 0x4a, 0x27, 0x42, 0x65, 0x31, 0x65, 0x21, 0xea, 0x5a,
    0xa1, 0x10, 0xe2, 0x18, 0xa2, 0x10, 0xee, 0x7b, 0x85, 0x31, 0x07, 0x3a,
    0x89, 0x52, 0x07, 0x42, 0x85, 0x29, 0x89, 0x52, 0xc6, 0x31, 0xf5, 0x8c,
    0xab, 0x5a, 0x4c, 0x6b, 0x03, 0x21, 0xaa, 0x4a, 0x8e, 0x73, 0xa1, 0x10,
    0xe2, 0x18, 0x03, 0x19, 0x07, 0x42, 0x48, 0x3a, 0x44, 0x29, 0xe7, 0x39,
    0x89, 0x4a, 0x64, 0x31, 0xc2, 0x18, 0xc1, 0x18, 0xc6, 0x31, 0xc6, 0x39,
    0x89, 0x4a, 0xc7, 0x29, 0xcd, 0x83, 0x81, 0x10, 0xe2, 0x18, 0xe2, 0x18,
    0xe2, 0x18, 0xe2, 0x18, 0xe2, 0x18, 0xe2, 0x18, 0xe2, 0x18, 0xe2, 0x18,
    0xe2, 0x18, 0xe2, 0x18, 0xe2, 0x18, 0xe2, 0x18, 0xe2, 0x18, 0xe2, 0x18,
    0xe2, 0x18, 0xe2, 0x18, 0xe2, 0x18, 0xe2, 0x18, 0xe2, 0x18, 0xe2, 0x18,
    0xe2, 0x18, 0xe2, 0x18, 0xe2, 0x18, 0xe2, 0x18, 0xe2, 0x18, 0xe2, 0x18,
    0xe2, 0x18, 0xe2, 0x18, 0xe2, 0x18, 0xe2, 0x18, 0xe2, 0x18, 0xe2, 0x18,
    0xe2, 0x18, 0xe2, 0x18, 0xe2, 0x18, 0xe2, 0x18, 0xe2, 0x18, 0xe2, 0x18,
    0xe2, 0x18, 0xe2, 0x18, 0xe2, 0x18, 0xe2, 0x18, 0xe2, 0x18, 0xe2, 0x18,
    0xe2, 0x18, 0xe2, 0x18, 0xe2, 0x18, 0xe2, 0x18, 0xe2, 0x18, 0xe2, 0x18,
    0xe2, 0x18, 0xe2, 0x18, 0xe2, 0x18, 0xe2, 0x18, 0xe2, 0x18, 0xe2, 0x18,
    0xe2, 0x18, 0xe2, 0x18, 0xe2, 0x18, 0xe2, 0x18, 0xe2, 0x18, 0xe2, 0x18,
    0xe2, 0x18, 0xe2, 0x18, 0xe2, 0x18, 0xe2, 0x18, 0xe2, 0x18, 0xe2, 0x18,
    0xe2, 0x18, 0xe2, 0x18, 0xe2, 0x18, 0xe2, 0x18, 0xe2, 0x18, 0xe2, 0x18,
    0xe2, 0x18, 0xe2, 0x18, 0xe2, 0x18, 0xe2, 0x18, 0xe2, 0x18, 0xe2, 0x18,
    0xe2, 0x18, 0xe2, 0x18, 0xe2, 0x18, 0xe2, 0x18, 0xe2, 0x18, 0xe2, 0x18,
    0xe2, 0x18, 0xe2, 0x18, 0xe2, 0x18, 0xe2, 0x18, 0xe2, 0x18, 0xe2, 0x18,
    0xe2, 0x18, 0xe2, 0x18, 0xe2, 0x18, 0xe2, 0x18, 0xe2, 0x18, 0xe2, 0x18,
    0xe2, 0x18, 0xe2, 0x18, 0xe2, 0x18, 0xe2, 0x18, 0xe2, 0x18, 0xe2, 0x18,
    0xe2, 0x18, 0xe2, 0x18, 0xe2, 0x18, 0xe2, 0x18, 0xe2, 0x18, 0xe2, 0x18,
    0xe2, 0x18, 0xe2, 0x18, 0xe2, 0x18, 0xe2, 0x18, 0xe2, 0x18, 0xe2, 0x18,
    0xe2, 0x18, 0xe2, 0x18, 0xe2, 0x18, 0xe2, 0x18, 0xe2, 0x18, 0xe2, 0x18,
    0xe2, 0x18, 0xe2, 0x18, 0xe2, 0x18, 0xe2, 0x18, 0xe2, 0x18, 0xe2, 0x18,
    0xe2, 0x18, 0xe2, 0x18, 0xe2, 0x18, 0xe2, 0x18, 0xe2, 0x18, 0xe2, 0x18,
    0xe2, 0x18, 0xe2, 0x18, 0xe2, 0x18, 0xe2, 0x18, 0xe2, 0x18, 0xe2, 0x18,
    0xe2, 0x18, 0xe2, 0x18, 0xe2, 0x18, 0xe2, 0x18, 0xe2, 0x18, 0xe2, 0x18,
    0xe2, 0x18, 0xe2, 0x18, 0xe2, 0x18, 0xe2, 0x18, 0xe2, 0x18, 0xe2, 0x18,
    0xe2, 0x18, 0xa1, 0x10, 0x6d, 0x63, 0x03, 0x21, 0x07, 0x42, 0xc9, 0x5a,
    0x03, 0x21, 0xaa, 0x4a, 0x44, 0x29, 0x27, 0x42, 0xe1, 0x18, 0xe2, 0x18,
    0x4c, 0x52, 0xe9, 0x41, 0xe9, 0x41, 0x2a, 0x4a, 0xa8, 0x39, 0x0a, 0x4a,
    0xc9, 0x39, 0x88, 0x39, 0x88, 0x39, 0x88, 0x39, 0x88, 0x39, 0x88, 0x39,
    0x88, 0x39, 0x88, 0x39, 0x88, 0x39, 0x88, 0x39, 0x88, 0x39, 0x88, 0x39,
    0x88, 0x39, 0x88, 0x39, 0x88, 0x39, 0x88, 0x39, 0x88, 0x39, 0xc7, 0x39,
    0x10, 0x84, 0x10, 0x84, 0x60, 0x08, 0x69, 0x4a, 0xa5, 0x29, 0xc1, 0x10,
    0xa1, 0x10, 0xe2, 0x18, 0xe2, 0x18, 0xe2, 0x18, 0xa1, 0x10, 0x65, 0x29,
    0x69, 0x4a, 0x80, 0x10, 0xc1, 0x10, 0xc1, 0x10, 0xc2, 0x18, 0xa1, 0x10,
    0xe2, 0x18, 0xe2, 0x18, 0x02, 0x19, 0xaa, 0x4a, 0x64, 0x21, 0xa1, 0x10,
    0xa1, 0x10, 0xc1, 0x10, 0xc2, 0x18, 0xc1, 0x10, 0xa1, 0x10, 0xe6, 0x39,
    0xc6, 0x29, 0xc1, 0x18, 0xa1, 0x10, 0x85, 0x29, 0x22, 0x29, 0xc2, 0x18,
    0xc1, 0x18, 0x65, 0x29, 0xca, 0x52, 0xc2, 0x18, 0xc1, 0x10, 0xc1, 0x10,
    0xa1, 0x10, 0xc2, 0x18, 0xe2, 0x18, 0xc1, 0x10, 0xe7, 0x39, 0x89, 0x4a,
    0x80, 0x10, 0xe2, 0x10, 0xe2, 0x18, 0xe2, 0x18, 0xe2, 0x18, 0xe2, 0x18,
    0xe2, 0x18, 0xe2, 0x18, 0xe2, 0x18, 0xe2, 0x18, 0xe2, 0x18, 0xe2, 0x18,
    0xe2, 0x18, 0xe2, 0x18, 0xe2, 0x18, 0xe2, 0x18, 0xe2, 0x18, 0xe2, 0x18,
    0xe2, 0x18, 0xe2, 0x18, 0xe2, 0x18, 0xe2, 0x18, 0xe2, 0x18, 0xe2, 0x18,
    0xe2, 0x18, 0xe2, 0x18, 0xe2, 0x18, 0xe2, 0x18, 0xe2, 0x18, 0xe2, 0x18,
    0xe2, 0x18, 0xe2, 0x18, 0xe2, 0x18, 0xe2, 0x18, 0xe2, 0x18, 0xe2, 0x18,
    0xe2, 0x18, 0xe2, 0x18, 0xe2, 0x18, 0xe2, 0x18, 0xe2, 0x18, 0xe2, 0x18,
    0xe2, 0x18, 0xe2, 0x18, 0xe2, 0x18, 0xe2, 0x18, 0xe2, 0x18, 0xe2, 0x18,
    0xe2, 0x18, 0xe2, 0x18, 0xe2, 0x18, 0xe2, 0x18, 0xe2, 0x18, 0xe2, 0x18,
    0xe2, 0x18, 0xe2, 0x18, 0xe2, 0x18, 0xe2, 0x18, 0xe2, 0x18, 0xe2, 0x18,
    0xe2, 0x18, 0xe2, 0x18, 0xe2, 0x18, 0xe2, 0x18, 0xe2, 0x18, 0xe2, 0x18,
    0xe2, 0x18, 0xe2, 0x18, 0xe2, 0x18, 0xe2, 0x18, 0xe2, 0x18, 0xe2, 0x18,
    0xe2, 0x18, 0xe2, 0x18, 0xe2, 0x18, 0xe2, 0x18, 0xe2, 0x18, 0xe2, 0x18,
    0xe2, 0x18, 0xe2, 0x18, 0xe2, 0x18, 0xe2, 0x18, 0xe2, 0x18, 0xe2, 0x18,
    0xe2, 0x18, 0xe2, 0x18, 0xe2, 0x18, 0xe2, 0x18, 0xe2, 0x18, 0xe2, 0x18,
    0xe2, 0x18, 0xe2, 0x18, 0xe2, 0x18, 0xe2, 0x18, 0xe2, 0x18, 0xe2, 0x18,
    0xe2, 0x18, 0xe2, 0x18, 0xe2, 0x18, 0xe2, 0x18, 0xe2, 0x18, 0xe2, 0x18,
    0xe2, 0x18, 0xe2, 0x18, 0xe2, 0x18, 0xe2, 0x18, 0xe2, 0x18, 0xe2, 0x18,
    0xe2, 0x18, 0xe2, 0x18, 0xe2, 0x18, 0xe2, 0x18, 0xe2, 0x18, 0xe2, 0x18,
    0xe2, 0x18, 0xe2, 0x18, 0xe2, 0x18, 0xe2, 0x18, 0xe2, 0x18, 0xe2, 0x18,
    0xe2, 0x18, 0xe2, 0x18, 0xe2, 0x18, 0xe2, 0x18, 0xe2, 0x18, 0xe2, 0x18,
    0xe2, 0x18, 0xe2, 0x18, 0xe2, 0x18, 0xe2, 0x18, 0xe2, 0x18, 0xe2, 0x18,
    0xe2, 0x18, 0xe2, 0x18, 0xe2, 0x18, 0xe2, 0x18, 0xe2, 0x18, 0xe2, 0x18,
    0xe2, 0x18, 0xe2, 0x18, 0xe2, 0x18, 0xe2, 0x18, 0xe2, 0x18, 0xe2, 0x18,
    0xe2, 0x18, 0xe2, 0x18, 0xe2, 0x18, 0xe2, 0x18, 0xe2, 0x18, 0xe2, 0x18,
    0xe2, 0x18, 0xe2, 0x18, 0xe2, 0x18, 0xe2, 0x18, 0xe2, 0x18, 0xe2, 0x18,
    0xe2, 0x18, 0xe2, 0x18, 0xa1, 0x10, 0xc1, 0x18, 0xc1, 0x10, 0xa1, 0x10,
    0xe2, 0x18, 0xa1, 0x10, 0xc1, 0x10, 0xc1, 0x10, 0xe2, 0x18, 0xc1, 0x18,
    0x2d, 0x63, 0xab, 0x52, 0xab, 0x5a, 0x8a, 0x52, 0xab, 0x5a, 0xab, 0x52,
    0xab, 0x5a, 0xab, 0x5a, 0xab, 0x52, 0xab, 0x52, 0xcb, 0x5a, 0xab, 0x52,
    0xcb, 0x52, 0xab, 0x5a, 0xab, 0x52, 0xcb, 0x52, 0xab, 0x5a, 0xab, 0x52,
    0xab, 0x52, 0xab, 0x5a, 0xab, 0x52, 0xab, 0x52, 0xcb, 0x5a, 0xe6, 0x39,
    0x10, 0x84, 0xf0, 0x83, 0x80, 0x08, 0xa1, 0x10, 0xc1, 0x18, 0xe2, 0x18,
    0xe2, 0x18, 0xe2, 0x18, 0xc2, 0x18, 0xe2, 0x18, 0xe2, 0x18, 0xc1, 0x10,
    0xa1, 0x10, 0xe2, 0x18, 0xe2, 0x18, 0xc2, 0x18, 0xc2, 0x18, 0xe2, 0x18,
    0xc2, 0x18, 0xc2, 0x18, 0xc2, 0x18, 0xa1, 0x10, 0xc2, 0x18, 0xe2, 0x18,
    0xe2, 0x18, 0xc2, 0x18, 0xc2, 0x18, 0xe2, 0x18, 0xc2, 0x18, 0xa1, 0x10,
    0xc1, 0x10, 0xc2, 0x18, 0xe2, 0x18, 0xc1, 0x10, 0xc2, 0x10, 0xc2, 0x18,
    0xe2, 0x18, 0xc1, 0x10, 0xa1, 0x10, 0xc2, 0x18, 0xe2, 0x18, 0xe2, 0x18,
    0xc2, 0x18, 0xe2, 0x18, 0xe2, 0x18, 0xe2, 0x18, 0xc1, 0x10, 0xa1, 0x10,
    0xc2, 0x18, 0xc2, 0x18, 0xc2, 0x10, 0xc2, 0x18, 0xc2, 0x18, 0xe2, 0x18,
    0xc2, 0x18, 0xc2, 0x18, 0xe2, 0x18, 0xc2, 0x18, 0xc2, 0x18, 0xe2, 0x18,
    0xc2, 0x18, 0xc2, 0x18, 0xe2, 0x18, 0xc2, 0x18, 0xe2, 0x18, 0xc2, 0x18,
    0xc2, 0x18, 0xe2, 0x18, 0xc2, 0x18, 0xc2, 0x18, 0xe2, 0x18, 0xc1, 0x18,
    0xc2, 0x18, 0xe2, 0x18, 0xc2, 0x18, 0xc2, 0x18, 0xe2, 0x18, 0xc2, 0x18,
    0xe2, 0x18, 0xc2, 0x18, 0xe2, 0x18, 0xc2, 0x18, 0xe2, 0x18, 0xc2, 0x18,
    0xe2, 0x18, 0xc2, 0x18, 0xe2, 0x18, 0xc2, 0x18, 0xe2, 0x18, 0xc2, 0x18,
    0xe2, 0x18, 0xc2, 0x18, 0xe2, 0x18, 0xc2, 0x18, 0xe1, 0x18, 0xe2, 0x18,
    0xc2, 0x18, 0xe1, 0x18, 0xe2, 0x18, 0xc2, 0x18, 0xe1, 0x18, 0xe2, 0x18,
    0xe2, 0x18, 0xc2, 0x18, 0xe2, 0x18, 0xe2, 0x18, 0xc2, 0x18, 0xe2, 0x18,
    0xc2, 0x18, 0xc1, 0x18, 0xe2, 0x18, 0xc2, 0x18, 0xc1, 0x18, 0xe2, 0x18,
    0xc2, 0x18, 0xc1, 0x18, 0xe2, 0x18, 0xc2, 0x18, 0xc1, 0x18, 0xe2, 0x18,
    0xc2, 0x18, 0xc1, 0x18, 0xc2, 0x18, 0xc2, 0x18, 0xe1, 0x18, 0xc2, 0x18,
    0xc2, 0x18, 0xc1, 0x18, 0xc2, 0x18, 0xe2, 0x18, 0xc1, 0x18, 0xc2, 0x18,
    0xc2, 0x18, 0xc1, 0x18, 0xe2, 0x18, 0xc2, 0x18, 0xc1, 0x18, 0xc2, 0x18,
    0xe2, 0x18, 0xc1, 0x18, 0xc2, 0x18, 0xc2, 0x18, 0xc1, 0x18, 0xe2, 0x18,
    0xc2, 0x18, 0xc1, 0x18, 0xc2, 0x18, 0xe2, 0x18, 0xc1, 0x18, 0xc2, 0x18,
    0xc2, 0x18, 0xc1, 0x18, 0xe2, 0x18, 0xc2, 0x18, 0xc1, 0x18, 0xc2, 0x18,
    0xe2, 0x18, 0xc1, 0x18, 0xc2, 0x18, 0xc2, 0x18, 0xc1, 0x18, 0xe2, 0x18,
    0xc2, 0x18, 0xc1, 0x18, 0xc2, 0x18, 0xe2, 0x18, 0xc1, 0x18, 0xc2, 0x18,
    0xc2, 0x18, 0xc1, 0x18, 0xe2, 0x18, 0xc2, 0x18, 0xc1, 0x18, 0xc2, 0x18,
    0xe2, 0x18, 0xc1, 0x18, 0xc2, 0x18, 0xc2, 0x18, 0xc1, 0x18, 0xe2, 0x18,
    0xc2, 0x18, 0xc1, 0x18, 0xc2, 0x18, 0xe2, 0x18, 0xc1, 0x18, 0xc2, 0x18,
    0xc2, 0x18, 0xc1, 0x18, 0xe2, 0x18, 0xc2, 0x18, 0xc1, 0x18, 0xc2, 0x18,
    0xe2, 0x18, 0xc1, 0x18, 0xc2, 0x18, 0xc2, 0x18, 0xc1, 0x18, 0xe2, 0x18,
    0xc2, 0x18, 0xc1, 0x18, 0xc2, 0x18, 0xc2, 0x18, 0xc1, 0x18, 0xc2, 0x18,
    0xc2, 0x18, 0xe1, 0x18, 0xc2, 0x18, 0xe2, 0x18, 0xe2, 0x18, 0xc2, 0x18,
    0xe2, 0x18, 0xe2, 0x18, 0xc2, 0x18, 0xe2, 0x18, 0xc2, 0x18, 0xc2, 0x18,
    0xa0, 0x10, 0xa1, 0x10, 0xa1, 0x10, 0xa1, 0x10, 0xa1, 0x10, 0xa1, 0x10,
    0xa1, 0x10, 0xa1, 0x10, 0xa1, 0x10, 0xa1, 0x10, 0xa1, 0x10, 0xa1, 0x10,
    0xa1, 0x10, 0xa1, 0x10, 0xa1, 0x10, 0xa1, 0x10, 0xa1, 0x10, 0xa1, 0x10,
    0xa1, 0x10, 0xa1, 0x10, 0xa1, 0x10, 0xa1, 0x10, 0xa1, 0x10, 0xa1, 0x10,
    0x10, 0x84, 0xf0, 0x83, 0xe2, 0x18, 0x44, 0x29, 0x44, 0x29, 0x23, 0x21,
    0x23, 0x21, 0x23, 0x21, 0x23, 0x21, 0x23, 0x21, 0x23, 0x21, 0x23, 0x21,
    0x23, 0x21, 0x23, 0x21, 0x23, 0x21, 0x23, 0x21, 0x23, 0x21, 0x23, 0x21,
    0x43, 0x21, 0x43, 0x29, 0x23, 0x21, 0x23, 0x21, 0x23, 0x21, 0x23, 0x21,
    0x23, 0x21, 0x23, 0x21, 0x23, 0x21, 0x23, 0x21, 0x23, 0x21, 0x23, 0x21,
    0x23, 0x21, 0x23, 0x21, 0x23, 0x21, 0x43, 0x29, 0x43, 0x21, 0x23, 0x21,
    0x23, 0x21, 0x23, 0x21, 0x23, 0x21, 0x23, 0x21, 0x23, 0x21, 0x23, 0x21,
    0x23, 0x21, 0x23, 0x21, 0x23, 0x21, 0x23, 0x21, 0x23, 0x21, 0x23, 0x21,
    0x44, 0x29, 0x43, 0x21, 0x23, 0x21, 0x23, 0x21, 0x23, 0x21, 0x23, 0x21,
    0x23, 0x21, 0x23, 0x21, 0x23, 0x21, 0x23, 0x21, 0x23, 0x21, 0x23, 0x21,
    0x23, 0x21, 0x23, 0x21, 0x23, 0x21, 0x43, 0x29, 0x23, 0x21, 0x23, 0x21,
    0x23, 0x21, 0x23, 0x21, 0x23, 0x21, 0x23, 0x21, 0x23, 0x21, 0x23, 0x21,
    0x23, 0x21, 0x23, 0x21, 0x23, 0x21, 0x23, 0x21, 0x23, 0x21, 0x43, 0x21,
    0x43, 0x21, 0x23, 0x21, 0x23, 0x21, 0x23, 0x21, 0x23, 0x21, 0x23, 0x21,
    0x23, 0x21, 0x23, 0x21, 0x23, 0x21, 0x23, 0x21, 0x23, 0x21, 0x23, 0x21,
    0x23, 0x21, 0x23, 0x21, 0x43, 0x21, 0x43, 0x21, 0x23, 0x21, 0x23, 0x21,
    0x23, 0x21, 0x23, 0x21, 0x23, 0x21, 0x23, 0x21, 0x23, 0x21, 0x23, 0x21,
    0x23, 0x21, 0x23, 0x21, 0x23, 0x21, 0x23, 0x21, 0x23, 0x21, 0x43, 0x21,
    0x43, 0x21, 0x23, 0x21, 0x23, 0x21, 0x23, 0x21, 0x23, 0x21, 0x23, 0x21,
    0x23, 0x21, 0x23, 0x21, 0x23, 0x21, 0x23, 0x21, 0x23, 0x21, 0x23, 0x21,
    0x23, 0x21, 0x23, 0x21, 0x43, 0x29, 0x23, 0x21, 0x23, 0x21, 0x23, 0x21,
    0x23, 0x21, 0x23, 0x21, 0x23, 0x21, 0x23, 0x21, 0x23, 0x21, 0x23, 0x21,
    0x23, 0x21, 0x23, 0x21, 0x23, 0x21, 0x23, 0x21, 0x43, 0x21, 0x43, 0x21,
    0x23, 0x21, 0x23, 0x21, 0x23, 0x21, 0x23, 0x21, 0x23, 0x21, 0x23, 0x21,
    0x23, 0x21, 0x23, 0x21, 0x23, 0x21, 0x23, 0x21, 0x23, 0x21, 0x23, 0x21,
    0x23, 0x21, 0x43, 0x29, 0x43, 0x21, 0x23, 0x21, 0x23, 0x21, 0x23, 0x21,
    0x23, 0x21, 0x23, 0x21, 0x23, 0x21, 0x23, 0x21, 0x23, 0x21, 0x23, 0x21,
    0x23, 0x21, 0x23, 0x21, 0x23, 0x21, 0x23, 0x21, 0x43, 0x29, 0x23, 0x21,
    0x23, 0x21, 0x23, 0x21, 0x23, 0x21, 0x23, 0x21, 0x23, 0x21, 0x23, 0x21,
    0x23, 0x21, 0x23, 0x21, 0x23, 0x21, 0x23, 0x21, 0x23, 0x21, 0x23, 0x21,
    0x43, 0x21, 0x43, 0x29, 0x23, 0x21, 0x23, 0x21, 0x23, 0x21, 0x23, 0x21,
    0x23, 0x21, 0x23, 0x21, 0x23, 0x21, 0x23, 0x21, 0x23, 0x21, 0x23, 0x21,
    0x23, 0x21, 0x23, 0x21, 0x23, 0x21, 0x43, 0x21, 0x43, 0x21, 0x23, 0x21,
    0x23, 0x21, 0x23, 0x21, 0x43, 0x21, 0x23, 0x21, 0x23, 0x21, 0x23, 0x21,
    0x23, 0x21, 0x23, 0x21, 0x23, 0x21, 0x23, 0x21, 0x23, 0x21, 0x23, 0x21,
    0x43, 0x21, 0x43, 0x21, 0x23, 0x21, 0x23, 0x21, 0x23, 0x21, 0x23, 0x21,
    0x23, 0x21, 0x23, 0x21, 0x23, 0x21, 0x23, 0x21, 0x23, 0x21, 0x23, 0x21,
    0x23, 0x21, 0x23, 0x21, 0x23, 0x21, 0x43, 0x29, 0x23, 0x21, 0x23, 0x21,
    0x23, 0x21, 0x23, 0x21, 0x43, 0x21, 0x23, 0x21, 0x23, 0x21, 0x43, 0x21,
    0x23, 0x21, 0x43, 0x21, 0x23, 0x21, 0x23, 0x21, 0x23, 0x21, 0x43, 0x21,
    0x10, 0x84, 0xef, 0x7b, 0xc6, 0x31, 0xe2, 0x18, 0xe2, 0x18, 0x07, 0x3a,
    0x27, 0x3a, 0x27, 0x3a, 0x07, 0x3a, 0x27, 0x3a, 0x27, 0x3a, 0x08, 0x3a,
    0x27, 0x3a, 0x27, 0x3a, 0x27, 0x3a, 0x27, 0x3a, 0x27, 0x3a, 0x27, 0x3a,
    0x07, 0x3a, 0xc2, 0x10, 0x48, 0x42, 0x27, 0x3a, 0x07, 0x3a, 0x28, 0x3a,
    0x27, 0x3a, 0x27, 0x3a, 0x28, 0x3a, 0x27, 0x3a, 0x27, 0x3a, 0x28, 0x3a,
    0x27, 0x3a, 0x28, 0x3a, 0x28, 0x42, 0x85, 0x29, 0x44, 0x21, 0x28, 0x42,
    0x27, 0x3a, 0x28, 0x3a, 0x27, 0x3a, 0x27, 0x3a, 0x28, 0x3a, 0x07, 0x3a,
    0x27, 0x3a, 0x27, 0x3a, 0x07, 0x3a, 0x28, 0x3a, 0x27, 0x3a, 0x48, 0x42,
    0x03, 0x19, 0xc6, 0x31, 0x27, 0x3a, 0x27, 0x3a, 0x27, 0x3a, 0x27, 0x3a,
    0x27, 0x3a, 0x27, 0x3a, 0x27, 0x3a, 0x27, 0x3a, 0x27, 0x3a, 0x27, 0x3a,
    0x27, 0x3a, 0x27, 0x3a, 0x48, 0x3a, 0xa1, 0x10, 0x27, 0x3a, 0x27, 0x3a,
    0x27, 0x3a, 0x27, 0x3a, 0x27, 0x3a, 0x27, 0x3a, 0x27, 0x3a, 0x27, 0x3a,
    0x27, 0x3a, 0x27, 0x3a, 0x27, 0x3a, 0x27, 0x3a, 0x27, 0x3a, 0xe6, 0x31,
    0xe2, 0x18, 0x48, 0x3a, 0x27, 0x3a, 0x27, 0x3a, 0x27, 0x3a, 0x27, 0x3a,
    0x27, 0x3a, 0x27, 0x3a, 0x27, 0x3a, 0x27, 0x3a, 0x27, 0x3a, 0x27, 0x3a,
    0x27, 0x3a, 0x28, 0x42, 0x64, 0x21, 0x65, 0x29, 0x28, 0x3a, 0x27, 0x3a,
    0x27, 0x3a, 0x08, 0x3a, 0x27, 0x3a, 0x27, 0x3a, 0x07, 0x3a, 0x27, 0x3a,
    0x27, 0x3a, 0x27, 0x3a, 0x07, 0x3a, 0x27, 0x3a, 0x48, 0x42, 0xe2, 0x10,
    0xe7, 0x39, 0x27, 0x3a, 0x27, 0x3a, 0x28, 0x3a, 0x27, 0x3a, 0x27, 0x3a,
    0x27, 0x3a, 0x28, 0x3a, 0x27, 0x3a, 0x27, 0x3a, 0x27, 0x3a, 0x27, 0x3a,
    0x28, 0x3a, 0x27, 0x3a, 0xc1, 0x10, 0x48, 0x3a, 0x28, 0x3a, 0x27, 0x3a,
    0x27, 0x3a, 0x27, 0x3a, 0x27, 0x3a, 0x27, 0x3a, 0x27, 0x3a, 0x27, 0x3a,
    0x27, 0x3a, 0x27, 0x3a, 0x27, 0x3a, 0x28, 0x3a, 0xa6, 0x29, 0x23, 0x21,
    0x28, 0x42, 0x27, 0x3a, 0x27, 0x3a, 0x27, 0x3a, 0x27, 0x3a, 0x27, 0x3a,
    0x27, 0x3a, 0x27, 0x3a, 0x27, 0x3a, 0x27, 0x3a, 0x27, 0x3a, 0x28, 0x3a,
    0x48, 0x3a, 0x23, 0x21, 0xa6, 0x31, 0x28, 0x3a, 0x27, 0x3a, 0x27, 0x3a,
    0x27, 0x3a, 0x27, 0x3a, 0x27, 0x3a, 0x27, 0x3a, 0x27, 0x3a, 0x27, 0x3a,
    0x27, 0x3a, 0x27, 0x3a, 0x28, 0x3a, 0x48, 0x42, 0xc1, 0x10, 0x28, 0x3a,
    0x27, 0x3a, 0x27, 0x3a, 0x27, 0x3a, 0x27, 0x3a, 0x27, 0x3a, 0x27, 0x3a,
    0x27, 0x3a, 0x27, 0x3a, 0x27, 0x3a, 0x27, 0x3a, 0x28, 0x3a, 0x28, 0x3a,
    0xe7, 0x31, 0xe2, 0x18, 0x48, 0x3a, 0x27, 0x3a, 0x27, 0x3a, 0x27, 0x3a,
    0x27, 0x3a, 0x27, 0x3a, 0x27, 0x3a, 0x27, 0x3a, 0x27, 0x3a, 0x27, 0x3a,
    0x27, 0x3a, 0x28, 0x3a, 0x28, 0x3a, 0x64, 0x29, 0x65, 0x29, 0x28, 0x3a,
    0x27, 0x3a, 0x27, 0x3a, 0x27, 0x3a, 0x27, 0x3a, 0x27, 0x3a, 0x27, 0x3a,
    0x27, 0x3a, 0x28, 0x3a, 0x27, 0x3a, 0x07, 0x3a, 0x27, 0x3a, 0x48, 0x42,
    0xe2, 0x18, 0xe7, 0x31, 0x28, 0x3a, 0x27, 0x3a, 0x27, 0x3a, 0x28, 0x3a,
    0x27, 0x3a, 0x27, 0x3a, 0x07, 0x3a, 0x27, 0x3a, 0x27, 0x3a, 0x07, 0x3a,
    0x27, 0x3a, 0x27, 0x3a, 0x27, 0x3a, 0xc2, 0x10, 0x28, 0x3a, 0x27, 0x3a,
    0x27, 0x3a, 0x27, 0x3a, 0x27, 0x3a, 0x07, 0x3a, 0x27, 0x3a, 0x27, 0x3a,
    0x27, 0x3a, 0x07, 0x3a, 0x27, 0x3a, 0x27, 0x3a, 0x28, 0x42, 0xa5, 0x31,
    0x10, 0x84, 0xcf, 0x7b, 0x49, 0x42, 0x81, 0x08, 0xa1, 0x10, 0xf0, 0x73,
    0xae, 0x6b, 0xae, 0x6b, 0xae, 0x6b, 0xae, 0x6b, 0xae, 0x6b, 0xae, 0x6b,
    0xae, 0x6b, 0xae, 0x6b, 0xae, 0x6b, 0xae, 0x6b, 0xae, 0x6b, 0xaf, 0x6b,
    0x4d, 0x5b, 0x65, 0x21, 0xef, 0x73, 0xae, 0x6b, 0xae, 0x6b, 0xae, 0x6b,
    0xae, 0x6b, 0xae, 0x6b, 0xae, 0x6b, 0xae, 0x6b, 0xae, 0x6b, 0xae, 0x6b,
    0xae, 0x6b, 0xae, 0x6b, 0xcf, 0x6b, 0x69, 0x42, 0x48, 0x42, 0xcf, 0x6b,
    0xae, 0x6b, 0xae, 0x6b, 0xae, 0x6b, 0xae, 0x6b, 0xae, 0x6b, 0xae, 0x6b,
    0xae, 0x6b, 0xae, 0x6b, 0xae, 0x6b, 0xae, 0x6b, 0xae, 0x6b, 0xef, 0x73,
    0x24, 0x19, 0x8e, 0x63, 0xae, 0x6b, 0xae, 0x6b, 0xae, 0x6b, 0xae, 0x6b,
    0xae, 0x6b, 0xae, 0x6b, 0xae, 0x6b, 0xae, 0x6b, 0xae, 0x6b, 0xae, 0x6b,
    0xae, 0x6b, 0xae, 0x6b, 0xcf, 0x73, 0xc2, 0x10, 0x51, 0x84, 0xef, 0x73,
    0xcf, 0x73, 0xce, 0x73, 0xef, 0x73, 0xcf, 0x73, 0xcf, 0x73, 0xef, 0x73,
    0xcf, 0x73, 0xce, 0x73, 0xef, 0x73, 0xcf, 0x73, 0xce, 0x73, 0x10, 0x74,
    0xa6, 0x29, 0xcf, 0x73, 0xae, 0x6b, 0xae, 0x6b, 0xae, 0x6b, 0xae, 0x6b,
    0xae, 0x6b, 0xae, 0x6b, 0xae, 0x6b, 0xae, 0x6b, 0xae, 0x6b, 0xae, 0x6b,
    0xae, 0x6b, 0xcf, 0x73, 0xe6, 0x31, 0xea, 0x52, 0xcf, 0x6b, 0xae, 0x6b,
    0xae, 0x6b, 0xae, 0x6b, 0xae, 0x6b, 0xae, 0x6b, 0xae, 0x6b, 0x6e, 0x63,
    0x8e, 0x63, 0x8e, 0x63, 0x6d, 0x63, 0xae, 0x6b, 0xef, 0x73, 0xe2, 0x10,
    0xcf, 0x73, 0xae, 0x6b, 0xae, 0x6b, 0xae, 0x6b, 0xae, 0x6b, 0xae, 0x6b,
    0xae, 0x6b, 0xae, 0x6b, 0xae, 0x6b, 0xae, 0x6b, 0xae, 0x6b, 0xae, 0x6b,
    0xae, 0x6b, 0x6e, 0x63, 0x44, 0x29, 0xef, 0x73, 0xae, 0x6b, 0xae, 0x6b,
    0xae, 0x6b, 0xae, 0x6b, 0xae, 0x6b, 0xae, 0x6b, 0xae, 0x6b, 0xae, 0x6b,
    0xae, 0x6b, 0xae, 0x6b, 0xae, 0x6b, 0xcf, 0x6b, 0xaa, 0x4a, 0x27, 0x3a,
    0xcf, 0x6b, 0xae, 0x6b, 0xae, 0x6b, 0xae, 0x6b, 0xae, 0x6b, 0xae, 0x6b,
    0xae, 0x6b, 0xae, 0x6b, 0xae, 0x6b, 0xae, 0x6b, 0xae, 0x6b, 0xae, 0x6b,
    0xef, 0x73, 0x44, 0x21, 0x6d, 0x63, 0xae, 0x6b, 0xae, 0x6b, 0xae, 0x6b,
    0xae, 0x6b, 0xae, 0x6b, 0xae, 0x6b, 0xae, 0x6b, 0xae, 0x6b, 0xae, 0x6b,
    0xae, 0x6b, 0xae, 0x6b, 0xae, 0x6b, 0xef, 0x73, 0xa2, 0x08, 0x10, 0x74,
    0xae, 0x6b, 0xae, 0x6b, 0xae, 0x6b, 0xae, 0x6b, 0xae, 0x6b, 0xae, 0x6b,
    0xae, 0x6b, 0xae, 0x6b, 0xae, 0x6b, 0xae, 0x6b, 0xae, 0x6b, 0xce, 0x6b,
    0x0c, 0x5b, 0xa5, 0x31, 0xef, 0x6b, 0xae, 0x6b, 0xae, 0x6b, 0xae, 0x6b,
    0xae, 0x6b, 0xae, 0x6b, 0xae, 0x6b, 0xae, 0x6b, 0xae, 0x6b, 0xae, 0x6b,
    0xae, 0x6b, 0xae, 0x6b, 0xcf, 0x6b, 0x08, 0x3a, 0xaa, 0x4a, 0xcf, 0x6b,
    0xae, 0x6b, 0xae, 0x6b, 0xae, 0x6b, 0xae, 0x6b, 0xae, 0x6b, 0xae, 0x6b,
    0xae, 0x6b, 0xae, 0x6b, 0xae, 0x6b, 0xae, 0x6b, 0xae, 0x6b, 0xef, 0x73,
    0xe3, 0x18, 0xce, 0x6b, 0xae, 0x6b, 0xae, 0x6b, 0xae, 0x6b, 0xae, 0x6b,
    0xae, 0x6b, 0xae, 0x6b, 0xae, 0x6b, 0xae, 0x6b, 0xae, 0x6b, 0xae, 0x6b,
    0xae, 0x6b, 0xae, 0x6b, 0x8e, 0x63, 0x23, 0x19, 0xef, 0x73, 0xae, 0x6b,
    0xae, 0x6b, 0xae, 0x6b, 0xae, 0x6b, 0xae, 0x6b, 0xae, 0x6b, 0xae, 0x6b,
    0xae, 0x6b, 0xae, 0x6b, 0xae, 0x6b, 0xae, 0x6b, 0xcf, 0x6b, 0xaa, 0x4a,
    0x10, 0x84, 0xcf, 0x7b, 0x28, 0x42, 0x81, 0x10, 0xa1, 0x10, 0xcf, 0x6b,
    0x8e, 0x63, 0x8e, 0x63, 0x8e, 0x63, 0x8e, 0x63, 0x8e, 0x63, 0x8e, 0x63,
    0x8e, 0x63, 0x8e, 0x63, 0x6e, 0x63, 0x8e, 0x63, 0x8e, 0x63, 0x8e, 0x6b,
    0x2c, 0x5b, 0x65, 0x21, 0xae, 0x6b, 0x8e, 0x63, 0x8e, 0x63, 0x8e, 0x63,
    0x8e, 0x63, 0x6e, 0x63, 0x8e, 0x63, 0x8e, 0x63, 0x6e, 0x63, 0x8d, 0x63,
    0x8e, 0x63, 0x8d, 0x63, 0xae, 0x6b, 0x48, 0x42, 0x48, 0x42, 0xae, 0x6b,
    0x8e, 0x63, 0x8e, 0x63, 0x8e, 0x63, 0x8e, 0x63, 0x8e, 0x63, 0x8e, 0x63,
    0x8e, 0x63, 0x8e, 0x63, 0x8e, 0x63, 0x8e, 0x63, 0x8d, 0x63, 0xaf, 0x6b,
    0x24, 0x19, 0x6d, 0x63, 0x8e, 0x6b, 0x8e, 0x63, 0x8e, 0x63, 0x8e, 0x63,
    0x8e, 0x63, 0x6e, 0x63, 0x8e, 0x63, 0x8e, 0x63, 0x6e, 0x63, 0x8e, 0x63,
    0x8e, 0x63, 0x8e, 0x63, 0xae, 0x6b, 0xe2, 0x18, 0xce, 0x73, 0x2b, 0x63,
    0x2b, 0x63, 0x2b, 0x63, 0x2b, 0x63, 0x2b, 0x63, 0x2b, 0x63, 0x2b, 0x63,
    0x2b, 0x63, 0x2b, 0x63, 0x2b, 0x63, 0x2b, 0x63, 0x2b, 0x63, 0xad, 0x6b,
    0xa5, 0x29, 0xae, 0x6b, 0x8e, 0x63, 0x8e, 0x63, 0x6e, 0x63, 0x8e, 0x63,
    0x8e, 0x63, 0x6e, 0x63, 0x8e, 0x63, 0x8e, 0x63, 0x6e, 0x63, 0x8e, 0x63,
    0x8e, 0x63, 0xae, 0x6b, 0xc6, 0x31, 0xaa, 0x52, 0x8e, 0x6b, 0x8e, 0x63,
    0x8e, 0x63, 0x8d, 0x63, 0x8e, 0x63, 0x8e, 0x63, 0x4d, 0x5b, 0x76, 0xa5,
    0x92, 0x8c, 0xd2, 0x94, 0x76, 0x9d, 0x8d, 0x6b, 0xaf, 0x6b, 0xe2, 0x10,
    0xae, 0x6b, 0x8e, 0x63, 0x8e, 0x63, 0x8e, 0x63, 0x8e, 0x63, 0x6e, 0x63,
    0x8e, 0x63, 0x8e, 0x63, 0x6e, 0x63, 0x8e, 0x63, 0x8e, 0x63, 0x8e, 0x63,
    0x8e, 0x63, 0x4d, 0x5b, 0x43, 0x21, 0xaf, 0x6b, 0x8e, 0x63, 0x8e, 0x63,
    0x8e, 0x63, 0x8e, 0x63, 0x8e, 0x63, 0x8e, 0x63, 0x8e, 0x63, 0x8e, 0x63,
    0x8e, 0x63, 0x8e, 0x63, 0x8e, 0x63, 0x8e, 0x6b, 0x8a, 0x42, 0x07, 0x3a,
    0xae, 0x6b, 0x8e, 0x63, 0x8e, 0x63, 0x8e, 0x63, 0x8e, 0x63, 0x8e, 0x63,
    0x8e, 0x63, 0x8e, 0x63, 0x8e, 0x63, 0x8e, 0x63, 0x6e, 0x63, 0x8d, 0x63,
    0xae, 0x6b, 0x44, 0x21, 0x4c, 0x5b, 0x8e, 0x63, 0x8e, 0x63, 0x8e, 0x63,
    0x8e, 0x63, 0x8e, 0x63, 0x8e, 0x63, 0x8e, 0x63, 0x8e, 0x63, 0x8e, 0x63,
    0x8e, 0x63, 0x8e, 0x63, 0x8e, 0x63, 0xcf, 0x6b, 0xa2, 0x10, 0xcf, 0x6b,
    0x8e, 0x63, 0x8e, 0x63, 0x8e, 0x63, 0x8e, 0x63, 0x8e, 0x63, 0x8e, 0x63,
    0x8e, 0x63, 0x8e, 0x63, 0x8e, 0x63, 0x8e, 0x63, 0x8d, 0x63, 0x8e, 0x6b,
    0xeb, 0x52, 0x85, 0x29, 0xae, 0x6b, 0x8e, 0x63, 0x8e, 0x63, 0x8e, 0x63,
    0x8e, 0x63, 0x8e, 0x63, 0x8e, 0x63, 0x8e, 0x63, 0x8e, 0x63, 0x8e, 0x63,
    0x8e, 0x63, 0x8d, 0x63, 0xae, 0x6b, 0x07, 0x3a, 0x89, 0x4a, 0xae, 0x6b,
    0x8e, 0x63, 0x8e, 0x63, 0x8e, 0x63, 0x6e, 0x63, 0x8e, 0x63, 0x8e, 0x63,
    0x8e, 0x63, 0x8e, 0x63, 0x8e, 0x63, 0x8e, 0x63, 0x8e, 0x63, 0xcf, 0x6b,
    0xe2, 0x18, 0x8e, 0x6b, 0x8e, 0x63, 0x8e, 0x63, 0x8e, 0x63, 0x6d, 0x63,
    0x8e, 0x63, 0x8e, 0x63, 0x8e, 0x63, 0x8e, 0x63, 0x8e, 0x63, 0x8e, 0x63,
    0x8e, 0x63, 0x8e, 0x6b, 0x6d, 0x63, 0x23, 0x19, 0xcf, 0x6b, 0x8e, 0x63,
    0x8e, 0x63, 0x8e, 0x63, 0x8e, 0x63, 0x8e, 0x63, 0x8e, 0x63, 0x8e, 0x63,
    0x8e, 0x63, 0x8e, 0x63, 0x8e, 0x63, 0x8e, 0x63, 0x8e, 0x6b, 0xaa, 0x4a,
    0x10, 0x84, 0xcf, 0x7b, 0x28, 0x42, 0x81, 0x10, 0xa1, 0x10, 0xce, 0x6b,
    0x6d, 0x63, 0x6d, 0x63, 0x6d, 0x63, 0x6d, 0x63, 0x6d, 0x63, 0x6d, 0x63,
    0x6d, 0x63, 0x6d, 0x63, 0x6d, 0x63, 0x6d, 0x63, 0x6d, 0x63, 0x6d, 0x63,
    0x0c, 0x53, 0x65, 0x29, 0xae, 0x6b, 0x6d, 0x63, 0x6d, 0x63, 0x6d, 0x63,
    0x6d, 0x63, 0x6d, 0x63, 0x6d, 0x63, 0x6d, 0x63, 0x6d, 0x63, 0x6d, 0x63,
    0x6d, 0x63, 0x6d, 0x63, 0x8e, 0x6b, 0x48, 0x42, 0x28, 0x42, 0x8e, 0x63,
    0x6d, 0x63, 0x6d, 0x63, 0x6d, 0x63, 0x6d, 0x63, 0x6d, 0x63, 0x6d, 0x63,
    0x6d, 0x63, 0x6d, 0x63, 0x6d, 0x63, 0x6d, 0x63, 0x6d, 0x63, 0xae, 0x6b,
    0x23, 0x19, 0x6d, 0x63, 0x6d, 0x63, 0x6d, 0x63, 0x6d, 0x63, 0x6d, 0x63,
    0x6d, 0x63, 0x6d, 0x63, 0x6d, 0x63, 0x6d, 0x63, 0x6d, 0x63, 0x6d, 0x63,
    0x6d, 0x63, 0x6d, 0x63, 0x8e, 0x63, 0xc2, 0x18, 0xee, 0x73, 0x4b, 0x63,
    0x4b, 0x6b, 0x4b, 0x63, 0x4b, 0x6b, 0x4b, 0x6b, 0x4b, 0x63, 0x4b, 0x6b,
    0x4b, 0x6b, 0x4b, 0x63, 0x4b, 0x6b, 0x4b, 0x6b, 0x4b, 0x63, 0xae, 0x6b,
    0x85, 0x29, 0x8e, 0x6b, 0x6d, 0x63, 0x6d, 0x63, 0x6d, 0x63, 0x6d, 0x63,
    0x6d, 0x63, 0x6d, 0x63, 0x6d, 0x63, 0x6d, 0x63, 0x6d, 0x63, 0x6d, 0x63,
    0x6d, 0x63, 0x8e, 0x63, 0xc6, 0x31, 0xaa, 0x4a, 0x8d, 0x63, 0x6d, 0x63,
    0x6d, 0x63, 0x6d, 0x63, 0x6d, 0x63, 0x6d, 0x63, 0x2d, 0x53, 0xd6, 0xb5,
    0xf2, 0x94, 0x15, 0x9d, 0x52, 0x7c, 0x4f, 0x84, 0x8e, 0x63, 0xe3, 0x10,
    0xae, 0x6b, 0x6d, 0x63, 0x6d, 0x63, 0x6d, 0x63, 0x6d, 0x63, 0x6d, 0x63,
    0x6d, 0x63, 0x6d, 0x63, 0x6d, 0x63, 0x6d, 0x63, 0x6d, 0x63, 0x6d, 0x63,
    0x6d, 0x63, 0x4c, 0x5b, 0x43, 0x21, 0xae, 0x6b, 0x6d, 0x63, 0x6d, 0x63,
    0x6d, 0x63, 0x6d, 0x63, 0x6d, 0x63, 0x6d, 0x63, 0x6d, 0x63, 0x6d, 0x63,
    0x6d, 0x63, 0x6d, 0x63, 0x6d, 0x63, 0x8e, 0x63, 0x69, 0x42, 0x07, 0x3a,
    0x8e, 0x63, 0x6d, 0x63, 0x6d, 0x63, 0x6d, 0x63, 0x6d, 0x63, 0x6d, 0x63,
    0x6d, 0x63, 0x6d, 0x63, 0x6d, 0x63, 0x6d, 0x63, 0x6d, 0x63, 0x6d, 0x63,
    0xae, 0x6b, 0x44, 0x21, 0x2c, 0x5b, 0x6d, 0x63, 0x6d, 0x63, 0x6d, 0x63,
    0x6d, 0x63, 0x6d, 0x63, 0x6d, 0x63, 0x6d, 0x63, 0x6d, 0x63, 0x6d, 0x63,
    0x6d, 0x63, 0x6d, 0x63, 0x6d, 0x63, 0xae, 0x6b, 0xc2, 0x10, 0xce, 0x6b,
    0x6d, 0x63, 0x6d, 0x63, 0x6d, 0x63, 0x6d, 0x63, 0x6d, 0x63, 0x6d, 0x63,
    0x6d, 0x63, 0x6d, 0x63, 0x6d, 0x63, 0x6d, 0x63, 0x6d, 0x63, 0x6d, 0x63,
    0xeb, 0x52, 0x85, 0x31, 0x8e, 0x6b, 0x6d, 0x63, 0x6d, 0x63, 0x6d, 0x63,
    0x6d, 0x63, 0x6d, 0x63, 0x6d, 0x63, 0x6d, 0x63, 0x6d, 0x63, 0x6d, 0x63,
    0x6d, 0x63, 0x6d, 0x63, 0x8e, 0x63, 0x07, 0x32, 0x89, 0x42, 0x8e, 0x63,
    0x6d, 0x63, 0x6d, 0x63, 0x6d, 0x63, 0x6d, 0x63, 0x6d, 0x63, 0x6d, 0x63,
    0x6d, 0x63, 0x6d, 0x63, 0x6d, 0x63, 0x6d, 0x63, 0x6d, 0x63, 0xae, 0x6b,
    0xe2, 0x18, 0x8e, 0x63, 0x6d, 0x63, 0x6d, 0x63, 0x6d, 0x63, 0x6d, 0x63,
    0x6d, 0x63, 0x6d, 0x63, 0x6d, 0x63, 0x6d, 0x63, 0x6d, 0x63, 0x6d, 0x63,
    0x6d, 0x63, 0x6d, 0x63, 0x4d, 0x63, 0x24, 0x19, 0xae, 0x6b, 0x6d, 0x63,
    0x6d, 0x63, 0x6d, 0x63, 0x6d, 0x63, 0x6d, 0x63, 0x6d, 0x63, 0x6d, 0x63,
    0x6d, 0x63, 0x6d, 0x63, 0x6d, 0x63, 0x6d, 0x63, 0x8d, 0x63, 0x8a, 0x4a,
    0x10, 0x84, 0xcf, 0x7b, 0x29, 0x42, 0x81, 0x10, 0xa1, 0x10, 0xae, 0x6b,
    0x2c, 0x5b, 0x2c, 0x5b, 0x2c, 0x5b, 0x2c, 0x5b, 0x2c, 0x5b, 0x2c, 0x5b,
    0x2c, 0x5b, 0x2c, 0x5b, 0x4c, 0x5b, 0x2c, 0x5b, 0x2c, 0x5b, 0x4d, 0x5b,
    0xeb, 0x52, 0x65, 0x21, 0x6d, 0x63, 0x2c, 0x5b, 0x2c, 0x5b, 0x2c, 0x5b,
    0x4d, 0x5b, 0x4c, 0x5b, 0x2c, 0x5b, 0x2c, 0x5b, 0x0c, 0x5b, 0x0c, 0x53,
    0x2c, 0x5b, 0x2d, 0x5b, 0x4d, 0x5b, 0x07, 0x3a, 0x27, 0x3a, 0x4d, 0x5b,
    0x2c, 0x5b, 0x2c, 0x5b, 0x2c, 0x5b, 0x2c, 0x5b, 0x0b, 0x53, 0x0c, 0x5b,
    0x2c, 0x5b, 0x2c, 0x5b, 0x2c, 0x5b, 0x2c, 0x5b, 0x2c, 0x5b, 0x6d, 0x63,
    0x04, 0x19, 0x4d, 0x5b, 0x4c, 0x5b, 0x2c, 0x5b, 0x2c, 0x5b, 0x2c, 0x5b,
    0x2c, 0x5b, 0x2c, 0x5b, 0x4c, 0x5b, 0x2c, 0x5b, 0x2c, 0x5b, 0x2c, 0x5b,
    0x4c, 0x5b, 0x2c, 0x5b, 0x6d, 0x63, 0xe2, 0x18, 0xad, 0x73, 0xea, 0x5a,
    0x0a, 0x5b, 0x0b, 0x63, 0x0b, 0x5b, 0x0a, 0x5b, 0x0a, 0x63, 0x0b, 0x63,
    0xea, 0x5a, 0xea, 0x5a, 0x0b, 0x5b, 0x0b, 0x63, 0xca, 0x5a, 0x6d, 0x63,
    0xa5, 0x29, 0x6d, 0x63, 0x2c, 0x5b, 0x0c, 0x53, 0x0b, 0x53, 0x0c, 0x53,
    0x2c, 0x5b, 0x2c, 0x5b, 0x2c, 0x5b, 0x2c, 0x5b, 0x4c, 0x5b, 0x2c, 0x5b,
    0x2c, 0x5b, 0x6d, 0x63, 0xc6, 0x31, 0xaa, 0x4a, 0x4d, 0x5b, 0x4d, 0x63,
    0x4d, 0x5b, 0x0c, 0x5b, 0x2d, 0x5b, 0x4d, 0x5b, 0x0c, 0x5b, 0xf5, 0x84,
    0x17, 0xbe, 0xb6, 0xad, 0x75, 0x9d, 0xeb, 0x52, 0x6d, 0x63, 0xe2, 0x10,
    0x6e, 0x63, 0x2c, 0x5b, 0x4c, 0x5b, 0x2c, 0x5b, 0x2c, 0x5b, 0x2c, 0x5b,
    0x0c, 0x5b, 0xeb, 0x52, 0x2c, 0x5b, 0x2c, 0x5b, 0x2c, 0x5b, 0x2c, 0x5b,
    0x2c, 0x5b, 0x0c, 0x53, 0x44, 0x29, 0x6d, 0x63, 0x4c, 0x5b, 0x2c, 0x5b,
    0x2c, 0x5b, 0x2c, 0x5b, 0x2c, 0x5b, 0x0c, 0x53, 0xeb, 0x52, 0x2c, 0x5b,
    0x2c, 0x5b, 0x2c, 0x5b, 0x2c, 0x5b, 0x4c, 0x5b, 0x69, 0x42, 0xe7, 0x39,
    0x6d, 0x63, 0x4d, 0x5b, 0x6d, 0x63, 0x4d, 0x5b, 0x2c, 0x5b, 0x2c, 0x5b,
    0x2c, 0x5b, 0xec, 0x52, 0x2c, 0x5b, 0x2c, 0x5b, 0x2c, 0x5b, 0x2c, 0x5b,
    0x4d, 0x5b, 0x44, 0x21, 0x0c, 0x5b, 0x2c, 0x5b, 0x2c, 0x5b, 0x2c, 0x5b,
    0x2c, 0x5b, 0x2c, 0x5b, 0x2c, 0x5b, 0x2c, 0x5b, 0x2c, 0x5b, 0x2c, 0x5b,
    0x2c, 0x5b, 0x2c, 0x5b, 0x2c, 0x5b, 0x6d, 0x63, 0xc2, 0x10, 0x8e, 0x63,
    0x2c, 0x5b, 0x0d, 0x5b, 0x2c, 0x5b, 0x2c, 0x5b, 0x2c, 0x5b, 0x2c, 0x5b,
    0x2c, 0x5b, 0xeb, 0x52, 0x0c, 0x5b, 0x2c, 0x5b, 0x2c, 0x5b, 0x4d, 0x5b,
    0xcb, 0x4a, 0xa5, 0x29, 0x6d, 0x63, 0x2c, 0x5b, 0x2c, 0x5b, 0x0c, 0x53,
    0x2c, 0x5b, 0x2c, 0x5b, 0x2c, 0x5b, 0x2c, 0x5b, 0x2c, 0x5b, 0x2d, 0x5b,
    0x2c, 0x5b, 0x2c, 0x5b, 0x6d, 0x63, 0xe7, 0x31, 0x69, 0x42, 0x4d, 0x63,
    0x2c, 0x5b, 0x0c, 0x5b, 0x0b, 0x5b, 0x2c, 0x5b, 0x2c, 0x5b, 0x2c, 0x5b,
    0x2c, 0x5b, 0x2c, 0x5b, 0x2c, 0x5b, 0x2c, 0x5b, 0x2c, 0x5b, 0x6d, 0x63,
    0xe3, 0x18, 0x6d, 0x63, 0x4c, 0x5b, 0x4c, 0x5b, 0x2c, 0x5b, 0x2c, 0x5b,
    0x2d, 0x5b, 0x2c, 0x5b, 0x2c, 0x5b, 0x2c, 0x5b, 0x2c, 0x5b, 0x2c, 0x5b,
    0x4c, 0x5b, 0x4d, 0x5b, 0x2c, 0x5b, 0x24, 0x19, 0x6d, 0x63, 0x2c, 0x5b,
    0x2c, 0x5b, 0x2c, 0x5b, 0x2c, 0x5b, 0x2c, 0x5b, 0x0c, 0x5b, 0x0b, 0x53,
    0xeb, 0x52, 0x0b, 0x53, 0xeb, 0x52, 0x2c, 0x5b, 0x4d, 0x5b, 0x69, 0x42,
    0x10, 0x84, 0xcf, 0x7b, 0x28, 0x42, 0x81, 0x10, 0xa1, 0x10, 0xae, 0x6b,
    0x2c, 0x5b, 0xaf, 0x73, 0xcb, 0x4a, 0x0c, 0x53, 0x4d, 0x5b, 0x4d, 0x63,
    0x4d, 0x5b, 0x4d, 0x5b, 0x4d, 0x63, 0x4d, 0x5b, 0x4c, 0x5b, 0x4d, 0x63,
    0xeb, 0x52, 0x85, 0x21, 0x6d, 0x63, 0x4d, 0x5b, 0x4d, 0x5b, 0x4d, 0x5b,
    0x8a, 0x4a, 0xcb, 0x52, 0x4d, 0x5b, 0x2c, 0x5b, 0xb3, 0x84, 0x13, 0xa5,
    0xeb, 0x4a, 0xeb, 0x52, 0xeb, 0x52, 0x10, 0x84, 0xe7, 0x39, 0x4c, 0x5b,
    0x4d, 0x5b, 0x2c, 0x5b, 0x2c, 0x5b, 0x0c, 0x5b, 0x76, 0xa5, 0x72, 0x8c,
    0x2c, 0x5b, 0xeb, 0x52, 0x2d, 0x53, 0x8e, 0x6b, 0xec, 0x52, 0x2c, 0x5b,
    0xe3, 0x18, 0x4d, 0x5b, 0x4d, 0x5b, 0x4d, 0x5b, 0x4d, 0x5b, 0x4d, 0x63,
    0x4d, 0x5b, 0x6d, 0x63, 0x2c, 0x5b, 0x4d, 0x5b, 0x4d, 0x5b, 0x4d, 0x5b,
    0x4d, 0x5b, 0x4d, 0x5b, 0x6d, 0x63, 0xe2, 0x18, 0x8d, 0x6b, 0xea, 0x5a,
    0xea, 0x5a, 0xea, 0x5a, 0xea, 0x5a, 0xa9, 0x52, 0xaa, 0x52, 0xcb, 0x4a,
    0xaf, 0x73, 0xee, 0x7b, 0x89, 0x4a, 0x68, 0x4a, 0xf0, 0x7b, 0xf1, 0x83,
    0x85, 0x29, 0x2c, 0x5b, 0x8e, 0x63, 0x92, 0x8c, 0x13, 0x9d, 0x91, 0x8c,
    0x6d, 0x63, 0x2c, 0x5b, 0x4d, 0x5b, 0x4d, 0x5b, 0x4d, 0x5b, 0x4d, 0x5b,
    0x4d, 0x5b, 0x6d, 0x63, 0xc6, 0x31, 0xaa, 0x4a, 0x6d, 0x63, 0xab, 0x4a,
    0xca, 0x5a, 0xcd, 0x9c, 0x6a, 0x6b, 0xcb, 0x4a, 0x2d, 0x5b, 0x55, 0x9d,
    0xce, 0x6b, 0x10, 0x74, 0x34, 0x9d, 0xcf, 0x73, 0x6d, 0x63, 0xe3, 0x10,
    0x8e, 0x63, 0x4d, 0x5b, 0xaa, 0x4a, 0x6e, 0x6b, 0xcf, 0x6b, 0x4d, 0x63,
    0x31, 0x6c, 0x38, 0xc6, 0x0c, 0x63, 0x0b, 0x53, 0xeb, 0x52, 0xcb, 0x4a,
    0x10, 0x74, 0xeb, 0x52, 0x44, 0x29, 0x8e, 0x63, 0xeb, 0x52, 0x0c, 0x5b,
    0x6e, 0x63, 0xcf, 0x73, 0x0c, 0x5b, 0x15, 0x95, 0xb5, 0xad, 0xcb, 0x4a,
    0xec, 0x52, 0xec, 0x5a, 0xcb, 0x4a, 0x30, 0x7c, 0x49, 0x42, 0xe7, 0x39,
    0x6d, 0x63, 0x0a, 0x5b, 0xa6, 0x31, 0x26, 0x4a, 0x4d, 0x5b, 0x2c, 0x5b,
    0xf0, 0x6b, 0x75, 0xb5, 0xcf, 0x6b, 0xcb, 0x4a, 0xeb, 0x52, 0xef, 0x73,
    0x92, 0x84, 0xe3, 0x10, 0x0b, 0x5b, 0x0f, 0x74, 0xef, 0x73, 0xef, 0x73,
    0x10, 0x74, 0x4d, 0x5b, 0x4d, 0x5b, 0x4d, 0x5b, 0x4d, 0x5b, 0x4d, 0x5b,
    0x4d, 0x5b, 0x4d, 0x5b, 0x4d, 0x5b, 0x8e, 0x63, 0xc2, 0x10, 0x8e, 0x6b,
    0x6b, 0x5b, 0x87, 0x64, 0x2d, 0x5b, 0x4d, 0x5b, 0x4d, 0x5b, 0x4d, 0x5b,
    0x0c, 0x53, 0x18, 0xb6, 0xb1, 0x8c, 0x8a, 0x4a, 0x10, 0x74, 0xeb, 0x52,
    0xaa, 0x4a, 0x85, 0x29, 0x6d, 0x63, 0x4d, 0x5b, 0x0c, 0x53, 0xf3, 0x9c,
    0x2d, 0x5b, 0x4d, 0x5b, 0x4d, 0x5b, 0x4d, 0x5b, 0x4d, 0x5b, 0x4d, 0x5b,
    0x4d, 0x5b, 0x4c, 0x5b, 0x6d, 0x63, 0xe7, 0x31, 0x69, 0x4a, 0x4d, 0x63,
    0x2c, 0x5b, 0x72, 0x74, 0x16, 0x85, 0x2d, 0x5b, 0x4c, 0x5b, 0x4d, 0x5b,
    0x4d, 0x5b, 0x4d, 0x5b, 0x4d, 0x5b, 0x4d, 0x5b, 0x4d, 0x5b, 0x8e, 0x63,
    0xe2, 0x18, 0x6d, 0x63, 0x4c, 0x63, 0xcf, 0x4a, 0x4d, 0x5b, 0x4d, 0x63,
    0x4d, 0x5b, 0x4d, 0x5b, 0x4d, 0x5b, 0x4d, 0x63, 0x4d, 0x5b, 0x4d, 0x5b,
    0x4d, 0x5b, 0x4d, 0x63, 0x2c, 0x5b, 0x24, 0x19, 0x6d, 0x63, 0x8d, 0x63,
    0x2c, 0x5b, 0x4d, 0x5b, 0x4d, 0x5b, 0x2c, 0x5b, 0xb4, 0x84, 0xf3, 0x94,
    0x13, 0x9d, 0x55, 0x9d, 0x38, 0xbe, 0x0f, 0x7c, 0x4d, 0x5b, 0x69, 0x4a,
    0x10, 0x84, 0xcf, 0x7b, 0x29, 0x42, 0x81, 0x10, 0xc1, 0x10, 0x6d, 0x63,
    0x8a, 0x42, 0x9a, 0xde, 0x74, 0xad, 0xf3, 0x9c, 0xeb, 0x52, 0xeb, 0x52,
    0xeb, 0x52, 0x0c, 0x53, 0x0c, 0x5b, 0x0b, 0x53, 0x0c, 0x53, 0x0c, 0x5b,
    0xaa, 0x4a, 0x85, 0x29, 0x2c, 0x5b, 0x0c, 0x53, 0x0b, 0x53, 0xeb, 0x5a,
    0xad, 0xcd, 0xc5, 0x39, 0x2c, 0x5b, 0xeb, 0x52, 0xb3, 0x7c, 0x70, 0x8c,
    0x56, 0x95, 0x39, 0xbe, 0x17, 0xb6, 0xcf, 0x7b, 0xc6, 0x31, 0xae, 0x6b,
    0x71, 0x84, 0x92, 0x8c, 0x6d, 0x63, 0xcb, 0x4a, 0x35, 0x95, 0x76, 0x9d,
    0x54, 0xa5, 0xd7, 0xad, 0x9a, 0xc6, 0x9a, 0xce, 0xb4, 0x94, 0x9a, 0xc6,
    0x68, 0x52, 0xeb, 0x52, 0x0c, 0x5b, 0x0b, 0x53, 0x0c, 0x5b, 0xaa, 0x4a,
    0x28, 0x3a, 0x13, 0x9d, 0xce, 0x73, 0xeb, 0x52, 0xeb, 0x52, 0xeb, 0x52,
    0xeb, 0x52, 0xcb, 0x52, 0x2c, 0x53, 0xe2, 0x18, 0x8d, 0x6b, 0xc9, 0x52,
    0xca, 0x5a, 0xca, 0x52, 0x68, 0x4a, 0xf3, 0x84, 0x1d, 0xbf, 0xa6, 0x29,
    0x6d, 0x6b, 0xf6, 0xbd, 0x57, 0xa5, 0x79, 0xce, 0x75, 0xad, 0xfa, 0xc5,
    0x24, 0x19, 0x71, 0x84, 0x1b, 0xdf, 0x9c, 0xf7, 0xfa, 0xde, 0x57, 0xce,
    0x99, 0xce, 0x2c, 0x5b, 0xeb, 0x52, 0xcb, 0x52, 0xcb, 0x52, 0xeb, 0x52,
    0xeb, 0x52, 0x0c, 0x53, 0xa6, 0x29, 0x89, 0x4a, 0x4c, 0x5b, 0xa5, 0x10,
    0xa2, 0x6a, 0x00, 0x08, 0x41, 0x7b, 0x26, 0x21, 0x2c, 0x5b, 0xeb, 0x52,
    0xeb, 0x52, 0xeb, 0x52, 0xeb, 0x52, 0x0b, 0x53, 0x4d, 0x5b, 0xe2, 0x18,
    0x4d, 0x63, 0xeb, 0x52, 0xb4, 0x9c, 0x6f, 0x73, 0xed, 0x62, 0xac, 0x5a,
    0x11, 0x6c, 0xf7, 0xb5, 0x75, 0xa5, 0x56, 0x9d, 0x38, 0xb6, 0x58, 0xbe,
    0x9a, 0xce, 0xaa, 0x4a, 0x64, 0x29, 0x2c, 0x5b, 0x4d, 0x63, 0x74, 0x9c,
    0x2e, 0x6b, 0x0e, 0x63, 0x8b, 0x4a, 0x15, 0x95, 0x74, 0xa5, 0x97, 0x9d,
    0xf7, 0xb5, 0x75, 0xad, 0x9a, 0xc6, 0xf7, 0xb5, 0xe7, 0x31, 0xe7, 0x31,
    0x4d, 0x5b, 0x65, 0x5a, 0x60, 0x10, 0xa0, 0x51, 0x0c, 0x53, 0x0c, 0x53,
    0x4d, 0x5b, 0x55, 0xa5, 0x76, 0xa5, 0xdb, 0xce, 0xb7, 0xad, 0x18, 0xbe,
    0x77, 0x95, 0xef, 0x7b, 0xaa, 0x4a, 0xc6, 0x29, 0xb2, 0x94, 0x13, 0x9d,
    0xa6, 0x29, 0xcb, 0x52, 0xeb, 0x52, 0xeb, 0x52, 0x0c, 0x5b, 0x0c, 0x5b,
    0x0b, 0x5b, 0x0c, 0x5b, 0x0c, 0x53, 0x4c, 0x5b, 0xc2, 0x10, 0x4d, 0x63,
    0xa9, 0x5b, 0x43, 0x76, 0xcc, 0x4a, 0x0c, 0x53, 0x0c, 0x5b, 0x0c, 0x5b,
    0xcb, 0x52, 0xb1, 0x8c, 0x14, 0x95, 0x1b, 0xcf, 0x36, 0xa5, 0xfb, 0xce,
    0x0c, 0x63, 0x85, 0x29, 0x2c, 0x5b, 0xcb, 0x52, 0x13, 0x95, 0xd6, 0xad,
    0xaa, 0x4a, 0x0b, 0x5b, 0xcb, 0x52, 0x0b, 0x53, 0x0c, 0x5b, 0x0b, 0x5b,
    0x0b, 0x53, 0x0c, 0x5b, 0x2c, 0x5b, 0xc7, 0x31, 0x69, 0x42, 0x2c, 0x53,
    0xeb, 0x52, 0x31, 0x5c, 0x0c, 0x43, 0x33, 0x64, 0x2d, 0x53, 0x0b, 0x5b,
    0xcb, 0x52, 0xeb, 0x52, 0xeb, 0x52, 0xcb, 0x52, 0x0c, 0x53, 0x4c, 0x5b,
    0xe2, 0x18, 0x4d, 0x5b, 0x2b, 0x5b, 0x31, 0x2a, 0x2d, 0x53, 0x0b, 0x5b,
    0xeb, 0x52, 0xeb, 0x52, 0xeb, 0x52, 0x0b, 0x53, 0x0c, 0x5b, 0x0c, 0x53,
    0x0b, 0x5b, 0x0c, 0x5b, 0xeb, 0x52, 0x44, 0x21, 0x0c, 0x53, 0xcb, 0x52,
    0x92, 0x8c, 0xeb, 0x52, 0x0c, 0x5b, 0xcb, 0x52, 0xb3, 0x84, 0x71, 0x8c,
    0x57, 0x95, 0x10, 0x74, 0x59, 0xc6, 0xae, 0x73, 0x0b, 0x53, 0x49, 0x42,
    0x10, 0x84, 0xcf, 0x7b, 0x28, 0x42, 0x81, 0x10, 0xc1, 0x10, 0x2c, 0x53,
    0xb2, 0x94, 0x1c, 0xef, 0xfd, 0xff, 0x71, 0x8c, 0x8a, 0x4a, 0x31, 0x74,
    0xee, 0x7b, 0xaa, 0x4a, 0xaa, 0x4a, 0xeb, 0x52, 0xeb, 0x52, 0x0c, 0x53,
    0xaa, 0x4a, 0x65, 0x29, 0x0c, 0x5b, 0xeb, 0x52, 0xe9, 0x5a, 0x69, 0xac,
    0xe5, 0x72, 0x49, 0x42, 0x0c, 0x53, 0xca, 0x4a, 0xf4, 0x84, 0xc9, 0x5a,
    0xf9, 0xa5, 0x59, 0xc6, 0x54, 0xad, 0x31, 0x7c, 0xa6, 0x29, 0x92, 0x84,
    0xba, 0xce, 0x10, 0x7c, 0xe7, 0x49, 0xcb, 0x4a, 0x72, 0x74, 0x79, 0xbe,
    0x17, 0xbe, 0xb7, 0xa5, 0xf4, 0x9c, 0x79, 0xbe, 0x76, 0xad, 0xf8, 0xb5,
    0x4d, 0x63, 0xeb, 0x52, 0xeb, 0x52, 0x0c, 0x53, 0x6d, 0x63, 0x90, 0x94,
    0x48, 0x4a, 0x0b, 0x63, 0xad, 0x6b, 0xcb, 0x4a, 0x72, 0x8c, 0xcf, 0x6b,
    0x71, 0x8c, 0xf4, 0x94, 0xee, 0x73, 0xe2, 0x18, 0x6d, 0x6b, 0xa9, 0x52,
    0xa9, 0x52, 0xc9, 0x19, 0x39, 0xbe, 0xff, 0xe7, 0x31, 0x64, 0x68, 0x4a,
    0x4d, 0x63, 0xf7, 0xb5, 0xf5, 0x9c, 0x95, 0xa5, 0x19, 0xbe, 0x37, 0xad,
    0x24, 0x21, 0x91, 0x8c, 0xfa, 0xde, 0x7c, 0xef, 0xff, 0xff, 0xd6, 0xb5,
    0xd9, 0xde, 0x2d, 0x5b, 0xcf, 0x73, 0xb3, 0x84, 0x72, 0x84, 0xb1, 0x94,
    0x10, 0x74, 0x30, 0x84, 0x85, 0x29, 0x89, 0x4a, 0x2c, 0x5b, 0x85, 0x10,
    0x21, 0xcd, 0xe2, 0xff, 0xa2, 0xfe, 0xc7, 0x10, 0x2c, 0x5b, 0xeb, 0x52,
    0xec, 0x52, 0x2c, 0x5b, 0xeb, 0x52, 0xeb, 0x52, 0x2c, 0x5b, 0xe2, 0x10,
    0x2c, 0x5b, 0xb0, 0x73, 0x08, 0x3a, 0xab, 0x52, 0xc7, 0x29, 0x65, 0x21,
    0x52, 0x6c, 0x95, 0xad, 0xd6, 0xad, 0x56, 0xa5, 0x18, 0xb6, 0x55, 0xa5,
    0xdb, 0xd6, 0xaa, 0x4a, 0x64, 0x21, 0x0b, 0x53, 0xd1, 0x7b, 0xe7, 0x31,
    0x69, 0x42, 0xc6, 0x29, 0xc6, 0x29, 0x55, 0x9d, 0x75, 0xa5, 0x76, 0x95,
    0x18, 0xbe, 0x34, 0xa5, 0x79, 0xbe, 0x95, 0xa5, 0xe7, 0x31, 0xe7, 0x31,
    0x0c, 0x53, 0x49, 0x94, 0xc3, 0x10, 0xa7, 0x83, 0xea, 0x52, 0xeb, 0x52,
    0x6e, 0x5b, 0xf7, 0xa5, 0x16, 0xa5, 0xfb, 0xd6, 0x97, 0xb5, 0xd3, 0x94,
    0xd8, 0xa5, 0xaa, 0x62, 0x48, 0x3a, 0x49, 0x42, 0xfe, 0xff, 0x99, 0xce,
    0xeb, 0x52, 0x08, 0x3a, 0xd3, 0x84, 0x50, 0x84, 0x8a, 0x4a, 0xaa, 0x4a,
    0xca, 0x4a, 0xcb, 0x52, 0xeb, 0x52, 0x2c, 0x5b, 0xc3, 0x10, 0x4d, 0x5b,
    0x69, 0x53, 0xe2, 0x75, 0x06, 0xcc, 0xea, 0x5a, 0xeb, 0x52, 0xeb, 0x52,
    0xaa, 0x4a, 0xd8, 0xa5, 0xb7, 0xad, 0xba, 0xce, 0xf5, 0x9c, 0xfc, 0xd6,
    0x4d, 0x6b, 0x84, 0x29, 0x2c, 0x5b, 0x8a, 0x4a, 0xb5, 0xad, 0x92, 0x84,
    0xef, 0x73, 0xab, 0x42, 0x75, 0xa5, 0xea, 0x52, 0xca, 0x4a, 0xaa, 0x4a,
    0xeb, 0x52, 0xeb, 0x52, 0x0c, 0x5b, 0xc6, 0x31, 0x68, 0x42, 0x0c, 0x53,
    0xca, 0x52, 0x93, 0x5c, 0x53, 0x6c, 0x2f, 0x43, 0x0f, 0x3b, 0xaa, 0x52,
    0xf4, 0x8c, 0x10, 0x74, 0x50, 0x84, 0xd2, 0x94, 0xca, 0x52, 0x2c, 0x5b,
    0xe2, 0x18, 0x2c, 0x5b, 0xeb, 0x52, 0x30, 0x84, 0x0b, 0x5b, 0xeb, 0x52,
    0xcf, 0x6b, 0x10, 0x7c, 0x10, 0x7c, 0xcb, 0x4a, 0xaa, 0x4a, 0xaa, 0x4a,
    0xcb, 0x4a, 0xca, 0x4a, 0xaa, 0x4a, 0x44, 0x21, 0xeb, 0x4a, 0x37, 0xc6,
    0xb1, 0x8c, 0xaa, 0x4a, 0xeb, 0x52, 0xca, 0x4a, 0x94, 0x8c, 0x51, 0x84,
    0x34, 0x9d, 0xf8, 0xa5, 0x2e, 0x84, 0xaa, 0x4a, 0x0c, 0x53, 0x48, 0x42,
    0x10, 0x84, 0xcf, 0x7b, 0x29, 0x42, 0x81, 0x10, 0xa1, 0x10, 0x2c, 0x5b,
    0x3c, 0xef, 0x95, 0xad, 0xae, 0x6b, 0x0f, 0x74, 0xaa, 0x4a, 0x76, 0xa5,
    0xf0, 0x73, 0x51, 0x7c, 0x75, 0x9d, 0xd7, 0xb5, 0x8a, 0x4a, 0x0b, 0x53,
    0xaa, 0x4a, 0x85, 0x29, 0x2c, 0x53, 0x27, 0x42, 0x3a, 0xf7, 0xd4, 0xd5,
    0x44, 0x62, 0x0b, 0x5b, 0xec, 0x52, 0xeb, 0x52, 0xeb, 0x52, 0xec, 0x52,
    0xeb, 0x52, 0xcb, 0x4a, 0x0c, 0x53, 0xe7, 0x39, 0x27, 0x3a, 0xb6, 0xad,
    0x4d, 0x63, 0x00, 0x00, 0x48, 0x42, 0x0c, 0x53, 0x2c, 0x5b, 0xca, 0x4a,
    0xeb, 0x52, 0xeb, 0x52, 0xeb, 0x4a, 0xeb, 0x52, 0xab, 0x4a, 0x75, 0xa5,
    0xc2, 0x10, 0x0c, 0x53, 0x0c, 0x53, 0xa6, 0x29, 0x23, 0x21, 0xad, 0x73,
    0x43, 0x21, 0x66, 0x21, 0x2c, 0x5b, 0xaa, 0x4a, 0x59, 0xbe, 0xf4, 0x8c,
    0xaa, 0x4a, 0xd3, 0x8c, 0x34, 0x9d, 0xc2, 0x10, 0x8d, 0x6b, 0x89, 0x52,
    0x6a, 0x3a, 0x2e, 0x53, 0x5a, 0xae, 0xf0, 0x63, 0x27, 0x42, 0xa9, 0x52,
    0x2c, 0x63, 0x54, 0x9d, 0x15, 0xad, 0x48, 0x4a, 0x88, 0x52, 0x6d, 0x63,
    0x65, 0x21, 0x50, 0x84, 0x2f, 0x84, 0x74, 0xad, 0x95, 0xad, 0x0f, 0x84,
    0x12, 0xa5, 0x0c, 0x53, 0x57, 0x95, 0x4f, 0x8c, 0xb3, 0x7c, 0x0a, 0x5b,
    0x77, 0x9d, 0x0b, 0x5b, 0xa5, 0x29, 0x89, 0x4a, 0x4d, 0x5b, 0xc5, 0x10,
    0xa2, 0x8b, 0xa3, 0xb4, 0x03, 0xbd, 0xe6, 0x18, 0x2c, 0x5b, 0xeb, 0x52,
    0x10, 0x64, 0x8d, 0x73, 0xeb, 0x52, 0xec, 0x52, 0x2c, 0x5b, 0xe3, 0x10,
    0x2c, 0x5b, 0xcf, 0x73, 0xcb, 0x4a, 0x47, 0x31, 0x89, 0x42, 0x0c, 0x53,
    0xeb, 0x52, 0x0c, 0x5b, 0xcb, 0x4a, 0xcb, 0x52, 0xeb, 0x52, 0xeb, 0x52,
    0xcb, 0x52, 0x2c, 0x5b, 0x64, 0x29, 0xeb, 0x52, 0xb0, 0x73, 0x6a, 0x4a,
    0xa8, 0x39, 0xaa, 0x4a, 0xeb, 0x52, 0xeb, 0x52, 0x0b, 0x53, 0xeb, 0x52,
    0xab, 0x4a, 0xeb, 0x52, 0xeb, 0x4a, 0x4d, 0x63, 0x49, 0x3a, 0xe7, 0x31,
    0x0c, 0x53, 0xe8, 0x8b, 0x02, 0x11, 0x66, 0x7b, 0xea, 0x52, 0xec, 0x52,
    0xeb, 0x52, 0x0b, 0x53, 0xeb, 0x52, 0xeb, 0x52, 0xcb, 0x4a, 0xeb, 0x52,
    0x0c, 0x53, 0x24, 0x21, 0x08, 0x3a, 0x13, 0x9d, 0xf2, 0x9c, 0xce, 0x7b,
    0xd6, 0xb5, 0xa6, 0x29, 0x32, 0x6c, 0xce, 0x73, 0xd3, 0x94, 0x54, 0x9d,
    0xb4, 0x8c, 0x0f, 0x7c, 0xcb, 0x4a, 0x2c, 0x5b, 0xe2, 0x10, 0x2f, 0x53,
    0x6c, 0x3b, 0x02, 0x7e, 0xc3, 0xfc, 0x0a, 0x63, 0x0c, 0x4b, 0x0b, 0x53,
    0xeb, 0x52, 0x0c, 0x53, 0xca, 0x4a, 0xeb, 0x52, 0xeb, 0x52, 0xeb, 0x52,
    0xeb, 0x52, 0x85, 0x29, 0x0c, 0x53, 0xeb, 0x52, 0x78, 0xce, 0xfa, 0xde,
    0xae, 0x6b, 0x52, 0x74, 0x4b, 0x6b, 0x31, 0x7c, 0x32, 0x7c, 0x56, 0xa5,
    0x95, 0xad, 0xaa, 0x4a, 0x0c, 0x53, 0xc7, 0x29, 0x49, 0x42, 0x0c, 0x53,
    0xca, 0x52, 0x59, 0x4d, 0x1e, 0x2d, 0x0f, 0x3b, 0xad, 0x42, 0xaa, 0x4a,
    0x17, 0xb6, 0x72, 0x7c, 0x34, 0xa5, 0x7a, 0xbe, 0xaa, 0x4a, 0x2c, 0x5b,
    0x03, 0x19, 0x2c, 0x5b, 0xeb, 0x52, 0x54, 0x33, 0x2d, 0x53, 0xcb, 0x4a,
    0x52, 0x7c, 0xba, 0xc6, 0x10, 0x7c, 0x18, 0xb6, 0xb2, 0x8c, 0x55, 0x9d,
    0xf0, 0x73, 0x35, 0x95, 0x91, 0x8c, 0x03, 0x19, 0x0c, 0x53, 0x8e, 0x63,
    0xf3, 0xd5, 0x0c, 0x5b, 0xeb, 0x52, 0x0b, 0x53, 0xeb, 0x52, 0x2c, 0x5b,
    0xeb, 0x52, 0xeb, 0x52, 0xeb, 0x52, 0x6d, 0x63, 0x0c, 0x53, 0x48, 0x42,
    0x10, 0x84, 0xcf, 0x7b, 0x28, 0x42, 0x81, 0x10, 0xc1, 0x10, 0xcb, 0x52,
    0x95, 0xad, 0xb6, 0xb5, 0x2c, 0x63, 0xd7, 0xcd, 0xeb, 0x4a, 0xec, 0x4a,
    0xf7, 0xad, 0xf6, 0xbd, 0xd7, 0xa5, 0xf3, 0x94, 0x2c, 0x5b, 0x4d, 0x5b,
    0x69, 0x42, 0x85, 0x29, 0xcb, 0x4a, 0x0e, 0x8c, 0x93, 0xbd, 0x64, 0x29,
    0x03, 0x5a, 0x89, 0x4a, 0xcb, 0x4a, 0x8a, 0x42, 0xca, 0x4a, 0xcb, 0x52,
    0xaa, 0x4a, 0xaa, 0x4a, 0xeb, 0x4a, 0xe7, 0x31, 0x69, 0x4a, 0xc7, 0x31,
    0x00, 0x00, 0x0f, 0x74, 0x14, 0x95, 0xaa, 0x4a, 0xca, 0x4a, 0xcb, 0x4a,
    0x8a, 0x4a, 0xca, 0x4a, 0x89, 0x42, 0xaa, 0x4a, 0xab, 0x4a, 0xca, 0x4a,
    0x03, 0x19, 0xeb, 0x52, 0x2c, 0x5b, 0x81, 0x10, 0xd1, 0x94, 0x40, 0x08,
    0x64, 0x21, 0x0c, 0x53, 0xaa, 0x4a, 0xcc, 0x4a, 0x9a, 0xc6, 0x17, 0xb6,
    0x6c, 0x63, 0x9b, 0xbe, 0x50, 0x84, 0xc2, 0x10, 0x4c, 0x63, 0x08, 0x32,
    0xcc, 0x42, 0x49, 0x3a, 0x4a, 0x32, 0x47, 0x4a, 0x88, 0x52, 0x88, 0x4a,
    0x68, 0x4a, 0x07, 0x3a, 0x47, 0x42, 0x88, 0x4a, 0x68, 0x4a, 0x4c, 0x63,
    0x85, 0x29, 0x89, 0x4a, 0x0a, 0x5b, 0x70, 0x8c, 0x12, 0x9d, 0x0f, 0x84,
    0xf2, 0x9c, 0x2c, 0x5b, 0x36, 0x95, 0x50, 0x84, 0xd4, 0x84, 0x2f, 0x84,
    0xec, 0x4a, 0xb5, 0xad, 0x45, 0x21, 0x69, 0x42, 0x0c, 0x53, 0xe5, 0x18,
    0x21, 0x29, 0x00, 0x00, 0x02, 0x4a, 0x86, 0x31, 0xeb, 0x4a, 0xaa, 0x4a,
    0x72, 0x7c, 0xaa, 0x4a, 0xcb, 0x4a, 0xcb, 0x4a, 0x0b, 0x53, 0xe3, 0x10,
    0x0c, 0x53, 0xd0, 0x7b, 0x6b, 0x4a, 0x25, 0x21, 0x4c, 0x5b, 0xaa, 0x4a,
    0xcb, 0x52, 0xaa, 0x4a, 0x8a, 0x42, 0xaa, 0x4a, 0x8a, 0x4a, 0x89, 0x42,
    0xcb, 0x4a, 0x8a, 0x42, 0x64, 0x29, 0xcb, 0x4a, 0xf0, 0x7b, 0x09, 0x3a,
    0xa9, 0x39, 0x0c, 0x5b, 0xcb, 0x4a, 0xcb, 0x4a, 0xcb, 0x4a, 0x8a, 0x4a,
    0x8a, 0x4a, 0x8a, 0x42, 0xaa, 0x4a, 0xcb, 0x4a, 0x28, 0x3a, 0xe7, 0x31,
    0xcb, 0x4a, 0xc7, 0x8b, 0x65, 0x21, 0x65, 0x83, 0xca, 0x52, 0xcb, 0x4a,
    0xcb, 0x52, 0xca, 0x4a, 0xaa, 0x4a, 0xca, 0x4a, 0xaa, 0x4a, 0xcb, 0x4a,
    0xeb, 0x52, 0x44, 0x21, 0xe7, 0x31, 0xf3, 0xa4, 0xef, 0x83, 0x33, 0xad,
    0x75, 0xb5, 0xa6, 0x29, 0x32, 0x6c, 0x30, 0x74, 0xf4, 0x9c, 0x79, 0xc6,
    0x93, 0x8c, 0x34, 0x9d, 0x0c, 0x5b, 0x4d, 0x63, 0xc1, 0x10, 0x72, 0x5b,
    0xd1, 0x43, 0xa1, 0x6d, 0xc3, 0xfc, 0x06, 0x7a, 0x8a, 0x52, 0xaa, 0x4a,
    0xcb, 0x4a, 0xcb, 0x4a, 0xcb, 0x4a, 0xcb, 0x4a, 0xca, 0x4a, 0xcb, 0x4a,
    0x49, 0x42, 0xa5, 0x31, 0x8a, 0x42, 0x34, 0x9d, 0xd5, 0xb5, 0x49, 0x3a,
    0x69, 0x42, 0x11, 0x6c, 0x6c, 0x6b, 0x15, 0x95, 0x15, 0x9d, 0x18, 0xae,
    0xb2, 0x94, 0x2c, 0x5b, 0x4d, 0x5b, 0xa6, 0x29, 0x48, 0x42, 0xeb, 0x52,
    0x89, 0x52, 0x77, 0x34, 0x9a, 0x0b, 0x6d, 0x32, 0x6d, 0x3a, 0x89, 0x4a,
    0xf3, 0x8c, 0x72, 0x7c, 0xd2, 0x94, 0xb3, 0x84, 0x0b, 0x5b, 0xeb, 0x52,
    0xe3, 0x18, 0xeb, 0x52, 0x13, 0x54, 0x74, 0x0a, 0x38, 0x4c, 0x89, 0x4a,
    0x31, 0x7c, 0x7a, 0xbe, 0xd3, 0x94, 0x76, 0x95, 0x96, 0xad, 0xf3, 0x8c,
    0x14, 0xa5, 0x18, 0xb6, 0x13, 0x9d, 0x03, 0x19, 0x69, 0x42, 0x91, 0x8c,
    0x2b, 0x5b, 0xd4, 0xc5, 0x6a, 0x42, 0xaa, 0x42, 0x8a, 0x42, 0xca, 0x4a,
    0xcb, 0x4a, 0x8a, 0x4a, 0xab, 0x4a, 0x8a, 0x4a, 0xcb, 0x52, 0x48, 0x3a,
    0x10, 0x84, 0xcf, 0x7b, 0x29, 0x42, 0x81, 0x10, 0xc1, 0x10, 0x8a, 0x42,
    0x18, 0xce, 0x95, 0xb5, 0xf3, 0xa4, 0x10, 0x84, 0x28, 0x3a, 0x10, 0x74,
    0xeb, 0x4a, 0x34, 0x9d, 0xf0, 0x73, 0x8e, 0x63, 0x10, 0x74, 0xef, 0x73,
    0x08, 0x3a, 0xa6, 0x29, 0x44, 0x31, 0x35, 0xde, 0xa0, 0x10, 0x08, 0x32,
    0x89, 0x4a, 0x69, 0x42, 0x6b, 0x42, 0x54, 0xad, 0x07, 0x3a, 0x49, 0x32,
    0x8a, 0x4a, 0xef, 0x73, 0x08, 0x3a, 0xa5, 0x29, 0x07, 0x3a, 0x86, 0x29,
    0xd3, 0x8c, 0x38, 0xb6, 0xcf, 0x6b, 0x49, 0x42, 0x69, 0x42, 0x49, 0x42,
    0xef, 0x73, 0x08, 0x32, 0xf4, 0x8c, 0x89, 0x4a, 0x49, 0x3a, 0xaa, 0x4a,
    0x03, 0x19, 0x49, 0x3a, 0x2b, 0x63, 0x2b, 0x63, 0x00, 0x00, 0x48, 0x42,
    0x8a, 0x4a, 0x8a, 0x42, 0x69, 0x42, 0x6e, 0x5b, 0x14, 0x95, 0x14, 0x9d,
    0x07, 0x3a, 0x0c, 0x53, 0xae, 0x6b, 0xe2, 0x18, 0x2d, 0x5b, 0xcf, 0x63,
    0x46, 0x19, 0xa4, 0x00, 0x25, 0x19, 0x68, 0x4a, 0x48, 0x4a, 0x47, 0x4a,
    0x49, 0x42, 0x54, 0xad, 0xc6, 0x39, 0x06, 0x3a, 0x68, 0x4a, 0x72, 0x84,
    0x64, 0x21, 0x6d, 0x5b, 0x8c, 0x73, 0x60, 0x08, 0x06, 0x3a, 0xca, 0x5a,
    0x12, 0xa5, 0xeb, 0x52, 0x2c, 0x5b, 0x10, 0x74, 0xae, 0x6b, 0x48, 0x42,
    0xf0, 0x73, 0x4d, 0x63, 0x64, 0x21, 0x48, 0x42, 0xaa, 0x4a, 0x85, 0x08,
    0x23, 0x7b, 0x02, 0x73, 0xa3, 0xb4, 0x47, 0x73, 0x6a, 0x42, 0x49, 0x42,
    0xcf, 0x6b, 0x69, 0x42, 0x69, 0x42, 0x89, 0x42, 0xaa, 0x4a, 0xe3, 0x18,
    0xaa, 0x4a, 0x6e, 0x6b, 0x8a, 0x4a, 0x0c, 0x5b, 0x90, 0x73, 0x69, 0x42,
    0x69, 0x42, 0x2d, 0x53, 0xd2, 0x94, 0xef, 0x6b, 0xae, 0x6b, 0x75, 0xa5,
    0x48, 0x42, 0x49, 0x3a, 0x64, 0x29, 0x69, 0x42, 0xd0, 0x7b, 0x48, 0x3a,
    0x2e, 0x63, 0x4d, 0x63, 0x69, 0x42, 0x69, 0x42, 0x28, 0x42, 0xb3, 0x7c,
    0x30, 0x7c, 0x10, 0x74, 0x0b, 0x5b, 0x89, 0x42, 0xe7, 0x31, 0xc6, 0x31,
    0x6a, 0x42, 0xa7, 0x43, 0x85, 0x29, 0x04, 0x2b, 0x89, 0x42, 0x89, 0x42,
    0x69, 0x42, 0x49, 0x42, 0xcf, 0x6b, 0x29, 0x42, 0xef, 0x73, 0xe7, 0x31,
    0x69, 0x42, 0x03, 0x19, 0x28, 0x3a, 0x87, 0x41, 0x39, 0xd6, 0xff, 0xff,
    0xe8, 0x49, 0xa6, 0x29, 0x0c, 0x53, 0x0b, 0x53, 0x4c, 0x5b, 0x72, 0x84,
    0x0c, 0x5b, 0xcf, 0x6b, 0xcf, 0x73, 0x8e, 0x73, 0xc2, 0x10, 0x31, 0x4b,
    0xb0, 0x3b, 0xa0, 0x6d, 0xc3, 0xfc, 0xa1, 0xf8, 0x66, 0x71, 0xf0, 0x63,
    0x89, 0x4a, 0x28, 0x3a, 0x28, 0x3a, 0x28, 0x3a, 0x28, 0x3a, 0x49, 0x3a,
    0xe7, 0x31, 0x85, 0x29, 0x2c, 0x5b, 0x16, 0xc6, 0xcb, 0x52, 0x69, 0x42,
    0x6a, 0x42, 0x49, 0x3a, 0xb2, 0x8c, 0x4d, 0x5b, 0xaf, 0x6b, 0xef, 0x7b,
    0xef, 0x73, 0x10, 0x74, 0x8e, 0x73, 0x85, 0x29, 0x28, 0x3a, 0x8a, 0x42,
    0x48, 0x4a, 0x96, 0x23, 0x19, 0x0b, 0x4c, 0x32, 0x2d, 0x2a, 0x48, 0x42,
    0x72, 0x7c, 0xae, 0x63, 0x8e, 0x63, 0x51, 0x84, 0x48, 0x42, 0xaa, 0x4a,
    0xe2, 0x18, 0x89, 0x4a, 0xfc, 0x8d, 0xd0, 0x19, 0x18, 0x3c, 0x8a, 0x42,
    0x0c, 0x53, 0x6d, 0x5b, 0x2c, 0x5b, 0x10, 0x74, 0xaa, 0x52, 0x30, 0x7c,
    0x8e, 0x63, 0xef, 0x73, 0x8e, 0x6b, 0x03, 0x19, 0x71, 0x84, 0x8d, 0x6b,
    0xec, 0x52, 0x6d, 0x63, 0xac, 0x4a, 0x31, 0x7c, 0x91, 0x84, 0xe7, 0x31,
    0x08, 0x3a, 0xef, 0x73, 0xe7, 0x31, 0xf0, 0x73, 0x28, 0x3a, 0xe7, 0x31,
    0x10, 0x84, 0xcf, 0x7b, 0x29, 0x42, 0x81, 0x10, 0xc1, 0x18, 0xaa, 0x4a,
    0x8d, 0x63, 0x0b, 0x53, 0x39, 0xd6, 0xe7, 0x31, 0x49, 0x3a, 0x08, 0x3a,
    0xab, 0x42, 0xa9, 0x52, 0x08, 0x32, 0x28, 0x3a, 0x28, 0x3a, 0x28, 0x3a,
    0x08, 0x32, 0x85, 0x29, 0xe2, 0x92, 0xa2, 0x08, 0x49, 0x3a, 0x49, 0x42,
    0x49, 0x3a, 0x48, 0x3a, 0x0d, 0x43, 0x6f, 0x8c, 0xd0, 0x73, 0x36, 0x95,
    0xd9, 0xd6, 0x8e, 0x6b, 0xd7, 0xa5, 0xae, 0x73, 0xa5, 0x29, 0x6d, 0x63,
    0x91, 0x84, 0x51, 0x84, 0x8a, 0x4a, 0x48, 0x3a, 0x49, 0x3a, 0x08, 0x32,
    0xb2, 0x84, 0x52, 0x74, 0x18, 0xb6, 0x30, 0x8c, 0xef, 0x73, 0x28, 0x3a,
    0xe3, 0x10, 0x8e, 0x6b, 0xf2, 0x9c, 0x69, 0x4a, 0x86, 0x29, 0x69, 0x42,
    0x49, 0x3a, 0x49, 0x3a, 0x48, 0x3a, 0x28, 0x3a, 0x08, 0x32, 0x08, 0x32,
    0x49, 0x3a, 0x28, 0x3a, 0x48, 0x3a, 0x03, 0x19, 0x52, 0x6c, 0xc5, 0x00,
    0x87, 0x19, 0xe7, 0x39, 0x47, 0x42, 0x07, 0x42, 0x27, 0x42, 0x06, 0x3a,
    0x8b, 0x4a, 0x50, 0x8c, 0xaf, 0x6b, 0xf4, 0x94, 0x9a, 0xce, 0x73, 0x8c,
    0x65, 0x21, 0x49, 0x3a, 0x92, 0x8c, 0xad, 0x73, 0xad, 0x73, 0x2b, 0x63,
    0xae, 0x73, 0x49, 0x3a, 0x28, 0x3a, 0x28, 0x3a, 0x28, 0x3a, 0x49, 0x3a,
    0x28, 0x3a, 0x49, 0x3a, 0x65, 0x21, 0x48, 0x42, 0x29, 0x32, 0x46, 0x9c,
    0xe2, 0x7a, 0xc2, 0x93, 0x60, 0x39, 0xc6, 0x10, 0x69, 0x42, 0x48, 0x3a,
    0x28, 0x3a, 0x49, 0x3a, 0x48, 0x42, 0x49, 0x3a, 0x69, 0x42, 0xe3, 0x10,
    0xaa, 0x4a, 0x07, 0x32, 0x12, 0x8c, 0xb5, 0xa4, 0x8a, 0x4a, 0x48, 0x3a,
    0x08, 0x32, 0xd2, 0x8c, 0x66, 0x21, 0xb1, 0x8c, 0x71, 0x7c, 0x11, 0x6c,
    0x88, 0x52, 0x28, 0x32, 0x85, 0x29, 0x69, 0x42, 0x49, 0x42, 0x74, 0x94,
    0x94, 0x9c, 0x28, 0x3a, 0x49, 0x3a, 0x48, 0x3a, 0x8c, 0x3a, 0x6f, 0x84,
    0xcc, 0x52, 0x9a, 0xbe, 0x2a, 0x6b, 0x29, 0x3a, 0xe7, 0x31, 0xc6, 0x31,
    0x69, 0x3a, 0xe5, 0x59, 0x44, 0x21, 0x63, 0x51, 0x48, 0x42, 0x49, 0x3a,
    0x49, 0x3a, 0x08, 0x3a, 0xb3, 0x8c, 0xc8, 0x39, 0x72, 0x7c, 0xb6, 0xad,
    0xf0, 0x6b, 0xc9, 0x5a, 0x48, 0x3a, 0x00, 0x00, 0xeb, 0x6a, 0x0c, 0x6b,
    0x00, 0x00, 0x08, 0x32, 0x48, 0x42, 0x28, 0x3a, 0x28, 0x3a, 0x08, 0x3a,
    0x28, 0x3a, 0x28, 0x3a, 0x28, 0x3a, 0x49, 0x3a, 0xe2, 0x18, 0x31, 0x4b,
    0x90, 0x3b, 0xa0, 0x6d, 0xe2, 0xfc, 0xe3, 0xf8, 0x25, 0x69, 0xb3, 0x74,
    0x07, 0x42, 0xf4, 0x8c, 0x31, 0x7c, 0xf2, 0x9c, 0xf4, 0x8c, 0x91, 0x94,
    0x0f, 0x84, 0x46, 0x21, 0xaa, 0x42, 0xcf, 0x73, 0xe7, 0x31, 0x49, 0x3a,
    0x49, 0x3a, 0x49, 0x3a, 0x28, 0x3a, 0x28, 0x3a, 0x28, 0x3a, 0x28, 0x3a,
    0x28, 0x3a, 0x28, 0x3a, 0x49, 0x3a, 0x85, 0x21, 0x28, 0x3a, 0x49, 0x3a,
    0x47, 0x42, 0x15, 0x1b, 0x79, 0x02, 0xec, 0x29, 0x0d, 0x2a, 0x48, 0x42,
    0x08, 0x3a, 0x28, 0x3a, 0x28, 0x3a, 0x08, 0x3a, 0x49, 0x3a, 0x69, 0x42,
    0xe2, 0x18, 0x89, 0x4a, 0x77, 0x4c, 0x6e, 0x62, 0x56, 0x64, 0x6b, 0x3a,
    0x28, 0x3a, 0x28, 0x3a, 0x28, 0x3a, 0x28, 0x3a, 0x48, 0x3a, 0x08, 0x3a,
    0x28, 0x3a, 0x28, 0x3a, 0x08, 0x32, 0x24, 0x19, 0x10, 0x7c, 0x54, 0x9d,
    0x28, 0x3a, 0x08, 0x32, 0xcc, 0x52, 0x18, 0xa6, 0x73, 0xad, 0x34, 0x9d,
    0xf0, 0x73, 0x75, 0x9d, 0xd2, 0x8c, 0x91, 0x8c, 0xd4, 0x8c, 0x68, 0x4a,
    0x10, 0x84, 0xcf, 0x7b, 0x28, 0x42, 0x81, 0x10, 0xc2, 0x18, 0x8a, 0x42,
    0xc7, 0x29, 0xc7, 0x29, 0xaa, 0x4a, 0xe7, 0x31, 0xe7, 0x31, 0xe7, 0x31,
    0xe7, 0x31, 0xe7, 0x31, 0x07, 0x32, 0xe7, 0x31, 0x07, 0x32, 0x07, 0x32,
    0xc7, 0x29, 0xa6, 0x29, 0xa6, 0x31, 0x08, 0x32, 0x07, 0x32, 0x07, 0x32,
    0xe7, 0x31, 0xe7, 0x31, 0x08, 0x32, 0xf3, 0x8c, 0x95, 0xa5, 0x56, 0x9d,
    0x11, 0x9d, 0x30, 0x74, 0x76, 0x9d, 0xd5, 0xb5, 0x65, 0x29, 0xc7, 0x29,
    0x69, 0x42, 0x28, 0x3a, 0xe7, 0x31, 0x07, 0x32, 0xe7, 0x31, 0xa6, 0x29,
    0x91, 0x84, 0x92, 0x7c, 0xf7, 0xad, 0xd5, 0xb5, 0x50, 0x84, 0xc7, 0x29,
    0x03, 0x19, 0x28, 0x3a, 0x65, 0x21, 0x49, 0x3a, 0x08, 0x32, 0x07, 0x32,
    0xe7, 0x31, 0xe7, 0x31, 0xe7, 0x31, 0x07, 0x32, 0xe7, 0x31, 0xe7, 0x31,
    0x07, 0x32, 0x07, 0x32, 0x08, 0x32, 0x23, 0x21, 0x69, 0x42, 0x45, 0x19,
    0x64, 0x29, 0x64, 0x29, 0x64, 0x21, 0x44, 0x21, 0x44, 0x29, 0x44, 0x21,
    0x84, 0x29, 0x72, 0x84, 0xf3, 0x9c, 0xb3, 0x8c, 0x92, 0x94, 0x95, 0x84,
    0xc3, 0x10, 0x66, 0x21, 0x25, 0x19, 0x28, 0x3a, 0x8a, 0x42, 0x0b, 0x53,
    0x08, 0x3a, 0xe7, 0x31, 0x07, 0x32, 0xe7, 0x31, 0x08, 0x32, 0xe7, 0x31,
    0x07, 0x32, 0x08, 0x32, 0x44, 0x21, 0x27, 0x3a, 0xe7, 0x31, 0x89, 0x4a,
    0x86, 0x4a, 0x69, 0x42, 0xc9, 0x52, 0x29, 0x3a, 0xa6, 0x29, 0xc6, 0x29,
    0x86, 0x21, 0xa6, 0x29, 0x86, 0x29, 0xa6, 0x31, 0x08, 0x32, 0xe3, 0x18,
    0x89, 0x42, 0xe7, 0x31, 0xe7, 0x31, 0xe7, 0x31, 0xe7, 0x31, 0x07, 0x32,
    0xa6, 0x29, 0x92, 0x84, 0x29, 0x3a, 0x91, 0x84, 0x31, 0x7c, 0xd2, 0x8c,
    0xa6, 0x29, 0xc7, 0x29, 0x85, 0x31, 0x08, 0x32, 0xe7, 0x31, 0x08, 0x32,
    0xe7, 0x31, 0xe7, 0x31, 0xe7, 0x31, 0xe7, 0x31, 0x09, 0x32, 0x70, 0x84,
    0xf9, 0xbd, 0xf8, 0xa5, 0xe9, 0x62, 0xe7, 0x29, 0xa6, 0x29, 0xc6, 0x31,
    0x08, 0x32, 0xa6, 0x49, 0x66, 0x29, 0x86, 0x41, 0xe7, 0x31, 0xe7, 0x31,
    0x07, 0x32, 0xc6, 0x29, 0x93, 0x84, 0x25, 0x29, 0x56, 0xa5, 0xf6, 0xad,
    0x56, 0xa5, 0x4c, 0x6b, 0x28, 0x3a, 0x45, 0x19, 0xe3, 0x10, 0xe3, 0x10,
    0x45, 0x21, 0x08, 0x32, 0xe7, 0x31, 0x08, 0x32, 0x07, 0x32, 0x07, 0x32,
    0x07, 0x32, 0x07, 0x32, 0x07, 0x32, 0x08, 0x32, 0x03, 0x19, 0xaa, 0x4a,
    0x49, 0x3a, 0x87, 0x4a, 0x87, 0x5a, 0xe8, 0x59, 0xc7, 0x39, 0x72, 0x74,
    0xa5, 0x31, 0xb3, 0x84, 0xda, 0xd6, 0x2f, 0x7c, 0xb3, 0x84, 0x99, 0xce,
    0x70, 0x8c, 0x47, 0x21, 0xe7, 0x31, 0xa6, 0x29, 0x07, 0x32, 0x07, 0x32,
    0xe7, 0x31, 0xe7, 0x31, 0x07, 0x32, 0xe7, 0x31, 0xe7, 0x31, 0x08, 0x32,
    0xe7, 0x31, 0xe7, 0x31, 0x08, 0x32, 0x65, 0x21, 0x07, 0x3a, 0xe7, 0x31,
    0xe7, 0x31, 0x4b, 0x2a, 0xed, 0x21, 0xe8, 0x29, 0xc9, 0x29, 0x07, 0x32,
    0x07, 0x32, 0xe7, 0x31, 0x07, 0x32, 0x07, 0x32, 0xe7, 0x31, 0x08, 0x32,
    0xe3, 0x18, 0x69, 0x3a, 0xec, 0x5a, 0x2c, 0x83, 0x0b, 0x7b, 0x08, 0x32,
    0xe7, 0x31, 0x07, 0x32, 0x08, 0x32, 0x07, 0x32, 0xe8, 0x31, 0x08, 0x32,
    0xe7, 0x31, 0xe7, 0x31, 0xe7, 0x31, 0x65, 0x21, 0x28, 0x3a, 0x69, 0x42,
    0xe7, 0x31, 0xe7, 0x31, 0x8b, 0x42, 0xb9, 0xc6, 0x36, 0x9d, 0xf3, 0x8c,
    0x33, 0xa5, 0x14, 0x8d, 0x17, 0xbe, 0x70, 0x84, 0x18, 0xae, 0xca, 0x5a,
    0x10, 0x84, 0xcf, 0x7b, 0x28, 0x42, 0x81, 0x10, 0xe2, 0x18, 0x49, 0x3a,
    0xa6, 0x29, 0xc6, 0x29, 0xa6, 0x29, 0xc7, 0x29, 0xc7, 0x29, 0xc6, 0x29,
    0xc7, 0x29, 0xc7, 0x29, 0xc6, 0x29, 0xc7, 0x29, 0xc7, 0x29, 0xc7, 0x31,
    0x86, 0x21, 0xa5, 0x31, 0xc7, 0x29, 0xc6, 0x29, 0xc7, 0x29, 0xc7, 0x29,
    0xc7, 0x29, 0xa6, 0x31, 0xc8, 0x29, 0xad, 0x6b, 0x8a, 0x4a, 0x49, 0x42,
    0x6d, 0x63, 0xaa, 0x4a, 0xaa, 0x4a, 0xaf, 0x63, 0x85, 0x29, 0xc7, 0x29,
    0xa6, 0x29, 0xa6, 0x29, 0xc7, 0x29, 0xc6, 0x29, 0xc7, 0x29, 0xa6, 0x29,
    0x69, 0x42, 0xec, 0x52, 0xeb, 0x52, 0x69, 0x4a, 0x8a, 0x4a, 0xc6, 0x29,
    0xe3, 0x18, 0x69, 0x42, 0xc6, 0x29, 0xa6, 0x29, 0xc7, 0x29, 0xc7, 0x29,
    0xc6, 0x29, 0xc7, 0x31, 0xc7, 0x29, 0xc7, 0x29, 0xc7, 0x31, 0xc6, 0x29,
    0xc7, 0x31, 0xc7, 0x29, 0xc7, 0x31, 0x81, 0x10, 0x17, 0xbe, 0x17, 0xbe,
    0x17, 0xbe, 0xf7, 0xbd, 0x17, 0xbe, 0x16, 0xbe, 0xf7, 0xbd, 0x17, 0xbe,
    0x17, 0xbe, 0xd6, 0xbd, 0xb6, 0xb5, 0xd6, 0xb5, 0xd6, 0xbd, 0xd6, 0xbd,
    0xf7, 0xbd, 0x16, 0xbe, 0x16, 0xbe, 0xf6, 0xbd, 0x58, 0xc6, 0xa6, 0x29,
    0xa6, 0x29, 0xc7, 0x29, 0xc7, 0x29, 0xc6, 0x29, 0xc7, 0x29, 0xc7, 0x29,
    0xc6, 0x29, 0xc7, 0x31, 0x24, 0x21, 0x07, 0x3a, 0xa7, 0x29, 0xa6, 0x29,
    0xa7, 0x29, 0xa6, 0x29, 0xa6, 0x29, 0x85, 0x21, 0xb3, 0x84, 0x2b, 0x63,
    0x96, 0xa5, 0x35, 0x95, 0x34, 0x9d, 0x8d, 0x73, 0xa6, 0x29, 0xe3, 0x10,
    0x49, 0x42, 0xc7, 0x29, 0xc7, 0x29, 0xc6, 0x29, 0xc7, 0x29, 0xc7, 0x29,
    0xa6, 0x29, 0xe8, 0x31, 0x6d, 0x63, 0xaa, 0x42, 0x69, 0x42, 0x10, 0x7c,
    0xc6, 0x31, 0x86, 0x29, 0xa5, 0x31, 0xc7, 0x29, 0xc6, 0x29, 0xc6, 0x29,
    0xc6, 0x29, 0xc7, 0x29, 0xc7, 0x29, 0xc7, 0x29, 0x86, 0x29, 0x2d, 0x5b,
    0xaa, 0x52, 0x8a, 0x3a, 0x07, 0x3a, 0xc6, 0x29, 0x86, 0x21, 0xa6, 0x31,
    0xc7, 0x29, 0xc7, 0x29, 0xc7, 0x29, 0xc7, 0x29, 0xc6, 0x29, 0xc7, 0x29,
    0xc7, 0x29, 0xa6, 0x29, 0x6a, 0x3a, 0xcf, 0x73, 0x8a, 0x4a, 0xeb, 0x4a,
    0x8b, 0x4a, 0x85, 0x31, 0x28, 0x3a, 0xc7, 0x31, 0xc7, 0x31, 0xc7, 0x31,
    0xe7, 0x31, 0xc6, 0x29, 0xc7, 0x29, 0xc7, 0x29, 0xc7, 0x29, 0xa7, 0x29,
    0xc7, 0x29, 0xc7, 0x29, 0xc6, 0x29, 0xc7, 0x31, 0x03, 0x19, 0x28, 0x3a,
    0xa6, 0x29, 0xa7, 0x29, 0xa7, 0x21, 0xc6, 0x29, 0xa6, 0x29, 0x69, 0x3a,
    0xee, 0x73, 0xec, 0x52, 0x0c, 0x53, 0x33, 0xa5, 0x15, 0x85, 0x6c, 0x73,
    0xab, 0x52, 0x85, 0x29, 0xc7, 0x29, 0xc7, 0x31, 0xc6, 0x29, 0xc7, 0x29,
    0xc7, 0x31, 0xc6, 0x29, 0xc7, 0x29, 0xc7, 0x29, 0xc6, 0x29, 0xc7, 0x29,
    0xc7, 0x29, 0xc6, 0x29, 0xc7, 0x29, 0x44, 0x21, 0xe7, 0x31, 0xc6, 0x29,
    0xc7, 0x29, 0xa6, 0x29, 0xc6, 0x31, 0xc7, 0x29, 0xc6, 0x29, 0xc7, 0x29,
    0xc7, 0x29, 0xc7, 0x29, 0xc7, 0x29, 0xc7, 0x29, 0xc6, 0x29, 0xe7, 0x31,
    0xe2, 0x18, 0x49, 0x3a, 0xa6, 0x29, 0xa6, 0x21, 0xa6, 0x29, 0xc6, 0x29,
    0xc7, 0x29, 0xc7, 0x29, 0xc6, 0x29, 0xc7, 0x29, 0xc6, 0x29, 0xc7, 0x29,
    0xc7, 0x29, 0xc6, 0x29, 0xa6, 0x29, 0x85, 0x29, 0xc7, 0x29, 0xa6, 0x29,
    0xc7, 0x29, 0xa6, 0x29, 0xe8, 0x31, 0xeb, 0x5a, 0x29, 0x3a, 0x4d, 0x63,
    0x69, 0x42, 0x8a, 0x42, 0xae, 0x6b, 0x48, 0x3a, 0x2d, 0x5b, 0x85, 0x31,
    0x10, 0x84, 0xcf, 0x7b, 0x29, 0x42, 0x81, 0x10, 0xe1, 0x18, 0x28, 0x3a,
    0x86, 0x21, 0x86, 0x29, 0x86, 0x29, 0x86, 0x29, 0x86, 0x21, 0x86, 0x29,
    0x86, 0x29, 0x86, 0x21, 0x86, 0x29, 0x86, 0x29, 0x86, 0x29, 0x86, 0x21,
    0x65, 0x21, 0xa6, 0x31, 0x86, 0x21, 0x86, 0x29, 0x86, 0x29, 0x86, 0x29,
    0x86, 0x29, 0x86, 0x21, 0x86, 0x29, 0x65, 0x21, 0x65, 0x21, 0x65, 0x21,
    0x65, 0x21, 0x65, 0x21, 0x65, 0x21, 0xc7, 0x29, 0xa6, 0x31, 0x86, 0x21,
    0x86, 0x29, 0x86, 0x29, 0x86, 0x21, 0x86, 0x29, 0x86, 0x29, 0x86, 0x21,
    0x85, 0x21, 0x65, 0x21, 0x65, 0x21, 0x65, 0x21, 0x85, 0x21, 0xa6, 0x29,
    0xe3, 0x10, 0x28, 0x3a, 0x86, 0x21, 0x86, 0x29, 0x86, 0x29, 0x86, 0x29,
    0x86, 0x29, 0x86, 0x29, 0x86, 0x29, 0x86, 0x29, 0x86, 0x29, 0x86, 0x21,
    0x86, 0x29, 0x86, 0x29, 0x86, 0x21, 0x60, 0x00, 0xff, 0xff, 0xff, 0xff,
    0xff, 0xff, 0xff, 0xff, 0xff, 0xff, 0xff, 0xff, 0xff, 0xff, 0xff, 0xff,
    0xff, 0xff, 0xff, 0xff, 0xff, 0xff, 0xff, 0xff, 0xff, 0xff, 0xff, 0xff,
    0xff, 0xff, 0xff, 0xff, 0xff, 0xff, 0xff, 0xff, 0xff, 0xff, 0xa6, 0x29,
    0x85, 0x21, 0x86, 0x29, 0x86, 0x29, 0x86, 0x29, 0x86, 0x29, 0x86, 0x29,
    0x86, 0x29, 0xa6, 0x29, 0x24, 0x19, 0xe7, 0x31, 0x86, 0x21, 0x86, 0x29,
    0x86, 0x21, 0x86, 0x21, 0x86, 0x29, 0x45, 0x19, 0x72, 0x74, 0x89, 0x52,
    0x8e, 0x63, 0xaf, 0x5b, 0x74, 0xb5, 0x4c, 0x63, 0x65, 0x21, 0xe3, 0x18,
    0x28, 0x3a, 0x85, 0x21, 0x86, 0x29, 0x86, 0x29, 0x86, 0x21, 0x86, 0x29,
    0x86, 0x29, 0x85, 0x21, 0x65, 0x21, 0x65, 0x21, 0x85, 0x21, 0x65, 0x21,
    0x86, 0x21, 0x65, 0x21, 0xa5, 0x31, 0x86, 0x21, 0x86, 0x29, 0x86, 0x29,
    0x86, 0x29, 0x86, 0x29, 0x86, 0x29, 0x86, 0x29, 0x86, 0x21, 0x65, 0x21,
    0x65, 0x21, 0x65, 0x21, 0x86, 0x21, 0x86, 0x29, 0x65, 0x21, 0xa6, 0x29,
    0x86, 0x21, 0x85, 0x29, 0x86, 0x29, 0x86, 0x29, 0x86, 0x29, 0x86, 0x29,
    0x86, 0x29, 0x86, 0x29, 0x85, 0x21, 0x65, 0x21, 0x65, 0x21, 0x65, 0x21,
    0x86, 0x21, 0xe2, 0x18, 0x28, 0x3a, 0x85, 0x21, 0x86, 0x21, 0x86, 0x21,
    0x86, 0x29, 0x86, 0x29, 0x86, 0x29, 0x86, 0x29, 0x86, 0x29, 0x86, 0x29,
    0x86, 0x29, 0x86, 0x29, 0x86, 0x29, 0x86, 0x29, 0x23, 0x19, 0x08, 0x32,
    0x86, 0x21, 0x86, 0x21, 0x86, 0x29, 0x86, 0x21, 0x86, 0x29, 0x85, 0x21,
    0x65, 0x21, 0x65, 0x21, 0xc7, 0x29, 0x28, 0x42, 0xab, 0x4a, 0x45, 0x21,
    0x44, 0x19, 0xa5, 0x31, 0x86, 0x21, 0x86, 0x29, 0x86, 0x29, 0x86, 0x21,
    0x86, 0x29, 0x86, 0x29, 0x86, 0x29, 0x86, 0x29, 0x86, 0x29, 0x86, 0x29,
    0x86, 0x29, 0x86, 0x29, 0x86, 0x29, 0x44, 0x19, 0xe7, 0x31, 0x86, 0x21,
    0x86, 0x29, 0x86, 0x29, 0x86, 0x29, 0x86, 0x29, 0x86, 0x29, 0x86, 0x29,
    0x86, 0x29, 0x86, 0x29, 0x86, 0x29, 0x86, 0x21, 0x86, 0x29, 0xa6, 0x29,
    0xe2, 0x18, 0x28, 0x3a, 0x85, 0x21, 0x86, 0x29, 0x86, 0x29, 0x86, 0x29,
    0x86, 0x29, 0x86, 0x29, 0x86, 0x29, 0x86, 0x29, 0x86, 0x29, 0x86, 0x29,
    0x86, 0x29, 0x86, 0x21, 0x86, 0x21, 0x85, 0x29, 0xa6, 0x29, 0x86, 0x21,
    0x86, 0x29, 0x86, 0x21, 0x85, 0x21, 0x65, 0x21, 0x85, 0x21, 0x65, 0x21,
    0x65, 0x21, 0x65, 0x21, 0x45, 0x21, 0x85, 0x21, 0x65, 0x21, 0x65, 0x21,
    0x10, 0x84, 0xcf, 0x7b, 0x29, 0x42, 0x81, 0x10, 0xe2, 0x18, 0xe7, 0x31,
    0x24, 0x19, 0x45, 0x19, 0x44, 0x19, 0x44, 0x19, 0x44, 0x19, 0x44, 0x19,
    0x44, 0x19, 0x44, 0x19, 0x44, 0x19, 0x44, 0x19, 0x44, 0x19, 0x44, 0x19,
    0x24, 0x19, 0xc6, 0x31, 0x44, 0x19, 0x44, 0x19, 0x44, 0x19, 0x44, 0x19,
    0x44, 0x19, 0x44, 0x19, 0x45, 0x19, 0x45, 0x19, 0x45, 0x19, 0x45, 0x19,
    0x45, 0x19, 0x45, 0x19, 0x45, 0x19, 0x23, 0x19, 0xa5, 0x31, 0x44, 0x19,
    0x44, 0x19, 0x44, 0x19, 0x44, 0x19, 0x44, 0x19, 0x44, 0x19, 0x45, 0x19,
    0x44, 0x19, 0x45, 0x19, 0x45, 0x19, 0x44, 0x19, 0x45, 0x19, 0x45, 0x19,
    0xe2, 0x10, 0x08, 0x3a, 0x24, 0x19, 0x44, 0x19, 0x44, 0x19, 0x44, 0x19,
    0x44, 0x19, 0x44, 0x19, 0x44, 0x19, 0x44, 0x19, 0x44, 0x19, 0x44, 0x19,
    0x44, 0x19, 0x44, 0x19, 0x45, 0x19, 0x60, 0x08, 0xff, 0xff, 0x91, 0x94,
    0xf7, 0xbd, 0x38, 0xc6, 0xb9, 0xd6, 0xd0, 0x7b, 0x99, 0xd6, 0x1b, 0xe7,
    0x99, 0xce, 0xf9, 0xee, 0xd4, 0x94, 0xfa, 0xde, 0xf3, 0xa4, 0x10, 0x84,
    0x38, 0xce, 0xfb, 0xde, 0xb6, 0xbd, 0x58, 0xce, 0xff, 0xff, 0x66, 0x21,
    0x24, 0x19, 0x44, 0x19, 0x44, 0x19, 0x44, 0x19, 0x44, 0x19, 0x44, 0x19,
    0x44, 0x19, 0x45, 0x19, 0x03, 0x19, 0xe6, 0x31, 0x44, 0x19, 0x44, 0x19,
    0x44, 0x19, 0x45, 0x19, 0x44, 0x19, 0xe3, 0x10, 0x92, 0x7c, 0xea, 0x5a,
    0xaf, 0x6b, 0xcf, 0x6b, 0x55, 0xad, 0x2c, 0x63, 0x24, 0x11, 0xe3, 0x18,
    0xe7, 0x31, 0x24, 0x19, 0x44, 0x19, 0x45, 0x19, 0x44, 0x19, 0x44, 0x19,
    0x45, 0x19, 0x44, 0x19, 0x45, 0x19, 0x45, 0x19, 0x45, 0x19, 0x45, 0x19,
    0x45, 0x19, 0x24, 0x19, 0xc5, 0x31, 0x44, 0x19, 0x45, 0x19, 0x44, 0x19,
    0x44, 0x19, 0x44, 0x19, 0x44, 0x19, 0x44, 0x19, 0x44, 0x19, 0x45, 0x19,
    0x44, 0x19, 0x45, 0x19, 0x44, 0x19, 0x44, 0x19, 0x44, 0x19, 0xa6, 0x29,
    0x44, 0x19, 0x44, 0x19, 0x44, 0x19, 0x44, 0x19, 0x44, 0x19, 0x44, 0x19,
    0x44, 0x19, 0x44, 0x19, 0x44, 0x19, 0x45, 0x19, 0x44, 0x19, 0x44, 0x19,
    0x45, 0x21, 0xe2, 0x18, 0x07, 0x32, 0x24, 0x19, 0x44, 0x19, 0x44, 0x19,
    0x44, 0x19, 0x44, 0x19, 0x44, 0x19, 0x44, 0x19, 0x44, 0x19, 0x44, 0x19,
    0x44, 0x19, 0x44, 0x19, 0x45, 0x19, 0x45, 0x19, 0x24, 0x19, 0xa6, 0x29,
    0x44, 0x19, 0x44, 0x19, 0x44, 0x19, 0x44, 0x19, 0x45, 0x19, 0x44, 0x19,
    0x25, 0x19, 0x45, 0x19, 0x24, 0x19, 0x24, 0x19, 0x24, 0x19, 0x45, 0x19,
    0x24, 0x19, 0xa5, 0x31, 0x44, 0x19, 0x44, 0x19, 0x44, 0x19, 0x44, 0x19,
    0x44, 0x19, 0x44, 0x19, 0x44, 0x19, 0x44, 0x19, 0x44, 0x19, 0x44, 0x19,
    0x44, 0x19, 0x44, 0x19, 0x45, 0x19, 0x04, 0x19, 0xc6, 0x31, 0x24, 0x19,
    0x44, 0x19, 0x44, 0x19, 0x44, 0x19, 0x44, 0x19, 0x44, 0x19, 0x44, 0x19,
    0x44, 0x19, 0x44, 0x19, 0x44, 0x19, 0x44, 0x19, 0x44, 0x19, 0x45, 0x19,
    0xe2, 0x18, 0x07, 0x32, 0x24, 0x19, 0x44, 0x19, 0x44, 0x19, 0x44, 0x19,
    0x44, 0x19, 0x44, 0x19, 0x44, 0x19, 0x44, 0x19, 0x44, 0x19, 0x44, 0x19,
    0x44, 0x19, 0x45, 0x21, 0x24, 0x19, 0xa6, 0x29, 0x45, 0x19, 0x44, 0x19,
    0x44, 0x19, 0x45, 0x19, 0x45, 0x19, 0x44, 0x19, 0x45, 0x19, 0x45, 0x19,
    0x45, 0x19, 0x45, 0x19, 0x45, 0x19, 0x45, 0x19, 0x44, 0x19, 0x45, 0x21,
    0x10, 0x84, 0xef, 0x7b, 0x08, 0x3a, 0x81, 0x10, 0xe2, 0x18, 0xa6, 0x29,
    0xe3, 0x10, 0x04, 0x11, 0x03, 0x11, 0x04, 0x11, 0x04, 0x11, 0x04, 0x11,
    0x03, 0x11, 0x04, 0x11, 0xe4, 0x10, 0x04, 0x11, 0x03, 0x11, 0x04, 0x11,
    0xe3, 0x10, 0xa6, 0x31, 0xe3, 0x10, 0x04, 0x11, 0x04, 0x11, 0x03, 0x11,
    0x04, 0x11, 0x03, 0x11, 0x03, 0x11, 0x03, 0x11, 0x03, 0x11, 0x03, 0x11,
    0x04, 0x11, 0x03, 0x11, 0xe4, 0x10, 0x03, 0x19, 0x85, 0x29, 0xe4, 0x10,
    0x04, 0x11, 0x04, 0x11, 0x04, 0x11, 0x03, 0x11, 0x04, 0x11, 0x03, 0x11,
    0xe3, 0x10, 0x04, 0x11, 0x03, 0x11, 0xe4, 0x10, 0x03, 0x11, 0x04, 0x11,
    0xc2, 0x10, 0xe7, 0x31, 0xe3, 0x10, 0x04, 0x11, 0x04, 0x11, 0x03, 0x11,
    0x04, 0x11, 0x04, 0x11, 0x03, 0x11, 0x04, 0x11, 0x04, 0x11, 0x03, 0x11,
    0x04, 0x11, 0x04, 0x11, 0xe3, 0x10, 0x40, 0x00, 0xff, 0xff, 0x55, 0xbd,
    0xb3, 0xa4, 0xb6, 0xb5, 0xd0, 0x8b, 0x35, 0xad, 0x16, 0xad, 0xae, 0x7b,
    0x97, 0xb5, 0xfe, 0xff, 0xb3, 0x94, 0x30, 0x94, 0x52, 0x84, 0xb9, 0xde,
    0x4f, 0x83, 0x34, 0xad, 0x15, 0x9d, 0x72, 0x94, 0xff, 0xff, 0x24, 0x19,
    0xc2, 0x08, 0xe3, 0x08, 0xe3, 0x08, 0xe3, 0x10, 0xe3, 0x08, 0xe3, 0x08,
    0xe3, 0x10, 0xe3, 0x08, 0xc2, 0x10, 0x85, 0x29, 0xc3, 0x08, 0xe3, 0x10,
    0xe3, 0x10, 0xe3, 0x10, 0xe3, 0x10, 0xe3, 0x10, 0xa2, 0x00, 0xc2, 0x10,
    0xc3, 0x08, 0xa2, 0x08, 0x82, 0x08, 0xc3, 0x08, 0x04, 0x11, 0xe3, 0x10,
    0xc6, 0x29, 0xe3, 0x10, 0x04, 0x11, 0x03, 0x11, 0x04, 0x11, 0x03, 0x11,
    0x03, 0x11, 0x04, 0x11, 0x03, 0x11, 0x03, 0x11, 0xe3, 0x10, 0x03, 0x11,
    0x04, 0x11, 0xe3, 0x10, 0xa5, 0x31, 0xe4, 0x10, 0x03, 0x11, 0x04, 0x11,
    0x04, 0x11, 0x03, 0x11, 0x04, 0x11, 0x03, 0x11, 0x04, 0x11, 0x03, 0x11,
    0x04, 0x11, 0xe4, 0x10, 0x03, 0x11, 0xe4, 0x10, 0x04, 0x19, 0x85, 0x29,
    0xe3, 0x10, 0x04, 0x11, 0x04, 0x11, 0x03, 0x11, 0x04, 0x11, 0x04, 0x11,
    0x03, 0x11, 0x04, 0x11, 0xe4, 0x10, 0x03, 0x11, 0x04, 0x11, 0x04, 0x11,
    0x04, 0x11, 0xc2, 0x10, 0xc7, 0x31, 0xe3, 0x10, 0x04, 0x11, 0x04, 0x11,
    0x03, 0x11, 0x04, 0x11, 0x04, 0x11, 0xe3, 0x10, 0x04, 0x11, 0x03, 0x11,
    0xe3, 0x10, 0x04, 0x11, 0x03, 0x11, 0xe3, 0x10, 0x24, 0x19, 0x86, 0x21,
    0xe3, 0x10, 0x04, 0x11, 0x03, 0x11, 0x04, 0x11, 0x03, 0x11, 0x03, 0x11,
    0x04, 0x11, 0x03, 0x11, 0x04, 0x11, 0x03, 0x11, 0x04, 0x11, 0x03, 0x11,
    0x04, 0x11, 0xa5, 0x31, 0xe4, 0x10, 0x04, 0x11, 0x04, 0x11, 0x04, 0x11,
    0x03, 0x11, 0x04, 0x11, 0x04, 0x11, 0x04, 0x11, 0x03, 0x11, 0x04, 0x11,
    0x04, 0x11, 0x03, 0x11, 0x03, 0x11, 0xe3, 0x10, 0xa6, 0x29, 0xe3, 0x10,
    0x04, 0x11, 0x04, 0x11, 0x03, 0x11, 0x04, 0x11, 0x04, 0x11, 0x03, 0x11,
    0xe4, 0x10, 0x04, 0x11, 0x03, 0x11, 0x04, 0x11, 0x04, 0x11, 0x04, 0x11,
    0xc2, 0x10, 0xc7, 0x29, 0xe3, 0x10, 0x04, 0x11, 0x04, 0x11, 0x04, 0x11,
    0x03, 0x11, 0xe4, 0x10, 0x04, 0x11, 0x03, 0x11, 0xe4, 0x10, 0x04, 0x11,
    0x03, 0x11, 0x03, 0x11, 0xe3, 0x10, 0xa6, 0x29, 0x04, 0x11, 0xe3, 0x10,
    0x03, 0x11, 0x04, 0x11, 0x03, 0x11, 0x04, 0x11, 0xe3, 0x10, 0x03, 0x11,
    0x03, 0x11, 0x03, 0x11, 0x04, 0x11, 0x03, 0x11, 0xe4, 0x10, 0x24, 0x19,
    0x10, 0x84, 0xf0, 0x83, 0x81, 0x10, 0x03, 0x21, 0x02, 0x19, 0x85, 0x21,
    0x65, 0x29, 0x65, 0x29, 0x65, 0x29, 0x65, 0x29, 0x65, 0x29, 0x65, 0x29,
    0x65, 0x29, 0x65, 0x29, 0x65, 0x29, 0x65, 0x29, 0x65, 0x29, 0x65, 0x29,
    0x65, 0x29, 0xe2, 0x18, 0x85, 0x29, 0x65, 0x29, 0x65, 0x29, 0x65, 0x29,
    0x65, 0x29, 0x65, 0x29, 0x65, 0x29, 0x65, 0x29, 0x65, 0x29, 0x65, 0x29,
    0x65, 0x29, 0x65, 0x29, 0x85, 0x29, 0x44, 0x21, 0x23, 0x21, 0x85, 0x29,
    0x65, 0x29, 0x65, 0x29, 0x65, 0x29, 0x65, 0x29, 0x65, 0x29, 0x65, 0x29,
    0x65, 0x29, 0x65, 0x29, 0x65, 0x29, 0x65, 0x29, 0x65, 0x29, 0x85, 0x29,
    0x03, 0x19, 0x44, 0x21, 0x44, 0x21, 0x44, 0x21, 0x44, 0x21, 0x24, 0x21,
    0x44, 0x21, 0x24, 0x21, 0x44, 0x21, 0x24, 0x21, 0x24, 0x21, 0x44, 0x21,
    0x24, 0x21, 0x44, 0x21, 0x24, 0x21, 0x81, 0x10, 0xff, 0xff, 0xd1, 0xa4,
    0xae, 0x7b, 0xba, 0xce, 0xd5, 0xac, 0xf3, 0x9c, 0x14, 0xad, 0xf4, 0x9c,
    0x59, 0xd6, 0x5b, 0xe7, 0x14, 0x9d, 0x96, 0xb5, 0x75, 0xad, 0x54, 0xa5,
    0xd5, 0xac, 0x79, 0xce, 0xb0, 0x73, 0x34, 0xad, 0xff, 0xf7, 0x8b, 0x4a,
    0xac, 0x52, 0xac, 0x5a, 0xac, 0x5a, 0xac, 0x5a, 0xac, 0x52, 0xac, 0x5a,
    0xac, 0x5a, 0xac, 0x52, 0x6a, 0x4a, 0x6b, 0x52, 0xcc, 0x5a, 0xac, 0x52,
    0xac, 0x52, 0xac, 0x5a, 0xac, 0x52, 0xcc, 0x5a, 0xc7, 0x39, 0x65, 0x21,
    0x85, 0x29, 0x65, 0x29, 0x65, 0x29, 0x85, 0x29, 0x85, 0x29, 0xe2, 0x18,
    0x65, 0x21, 0x65, 0x29, 0x65, 0x29, 0x65, 0x29, 0x65, 0x29, 0x65, 0x29,
    0x65, 0x29, 0x65, 0x29, 0x65, 0x29, 0x65, 0x29, 0x65, 0x29, 0x65, 0x29,
    0x85, 0x29, 0x65, 0x29, 0xe2, 0x18, 0x85, 0x29, 0x65, 0x29, 0x65, 0x29,
    0x65, 0x29, 0x65, 0x29, 0x65, 0x29, 0x65, 0x29, 0x65, 0x29, 0x65, 0x29,
    0x65, 0x29, 0x65, 0x29, 0x65, 0x29, 0x85, 0x29, 0x44, 0x21, 0x23, 0x21,
    0x85, 0x29, 0x65, 0x29, 0x65, 0x29, 0x65, 0x29, 0x65, 0x29, 0x65, 0x29,
    0x65, 0x29, 0x65, 0x29, 0x65, 0x29, 0x65, 0x29, 0x65, 0x29, 0x65, 0x29,
    0x85, 0x29, 0x03, 0x19, 0x44, 0x21, 0x85, 0x29, 0x65, 0x29, 0x65, 0x29,
    0x65, 0x29, 0x65, 0x29, 0x65, 0x29, 0x65, 0x29, 0x65, 0x29, 0x65, 0x29,
    0x65, 0x29, 0x65, 0x29, 0x85, 0x29, 0x85, 0x29, 0xe2, 0x18, 0x65, 0x29,
    0x65, 0x29, 0x65, 0x29, 0x65, 0x29, 0x65, 0x29, 0x65, 0x29, 0x65, 0x29,
    0x65, 0x29, 0x65, 0x29, 0x85, 0x29, 0x65, 0x29, 0x65, 0x29, 0x85, 0x29,
    0x64, 0x29, 0x02, 0x19, 0x85, 0x29, 0x65, 0x29, 0x65, 0x29, 0x65, 0x29,
    0x65, 0x29, 0x65, 0x29, 0x65, 0x29, 0x65, 0x29, 0x65, 0x29, 0x65, 0x29,
    0x65, 0x29, 0x65, 0x29, 0x85, 0x29, 0x24, 0x21, 0x24, 0x21, 0x85, 0x29,
    0x65, 0x29, 0x65, 0x29, 0x65, 0x29, 0x65, 0x29, 0x65, 0x29, 0x65, 0x29,
    0x65, 0x29, 0x65, 0x29, 0x65, 0x29, 0x65, 0x29, 0x65, 0x29, 0x85, 0x29,
    0xe2, 0x18, 0x64, 0x29, 0x85, 0x29, 0x65, 0x29, 0x65, 0x29, 0x65, 0x29,
    0x65, 0x29, 0x65, 0x29, 0x65, 0x29, 0x65, 0x29, 0x65, 0x29, 0x65, 0x29,
    0x65, 0x29, 0x65, 0x29, 0x65, 0x29, 0xe2, 0x18, 0x85, 0x29, 0x65, 0x29,
    0x65, 0x29, 0x65, 0x29, 0x65, 0x29, 0x65, 0x29, 0x65, 0x29, 0x65, 0x29,
    0x65, 0x29, 0x65, 0x29, 0x65, 0x29, 0x65, 0x29, 0x85, 0x29, 0x44, 0x21,
    0x10, 0x84, 0x10, 0x84, 0x00, 0x00, 0x40, 0x00, 0x40, 0x00, 0x40, 0x00,
    0x40, 0x00, 0x20, 0x00, 0x40, 0x00, 0x40, 0x00, 0x20, 0x08, 0x40, 0x00,
    0x40, 0x00, 0x20, 0x08, 0x40, 0x00, 0x40, 0x00, 0x40, 0x08, 0x20, 0x00,
    0x40, 0x00, 0x40, 0x00, 0x40, 0x00, 0x40, 0x00, 0x20, 0x00, 0x40, 0x00,
    0x40, 0x00, 0x20, 0x08, 0x40, 0x00, 0x40, 0x00, 0x20, 0x00, 0x40, 0x00,
    0x40, 0x08, 0x20, 0x00, 0x40, 0x00, 0x40, 0x00, 0x40, 0x08, 0x20, 0x00,
    0x40, 0x00, 0x40, 0x00, 0x20, 0x08, 0x40, 0x00, 0x40, 0x00, 0x40, 0x08,
    0x40, 0x08, 0x40, 0x00, 0x40, 0x08, 0x40, 0x00, 0x20, 0x08, 0x40, 0x00,
    0x40, 0x08, 0x00, 0x00, 0x48, 0x32, 0x27, 0x32, 0x27, 0x32, 0x27, 0x32,
    0x27, 0x32, 0x27, 0x32, 0x27, 0x32, 0x27, 0x32, 0x27, 0x32, 0x27, 0x32,
    0x27, 0x32, 0x27, 0x32, 0x27, 0x32, 0x49, 0x42, 0xff, 0xff, 0xff, 0xff,
    0x55, 0xad, 0xff, 0xff, 0xff, 0xff, 0xff, 0xff, 0xff, 0xff, 0xff, 0xff,
    0xff, 0xff, 0xff, 0xff, 0xff, 0xff, 0xff, 0xff, 0xff, 0xff, 0xff, 0xff,
    0xff, 0xff, 0xff, 0xff, 0x96, 0xb5, 0xff, 0xff, 0xff, 0xff, 0x03, 0x19,
    0x81, 0x10, 0xa1, 0x10, 0x80, 0x10, 0xa1, 0x10, 0xa1, 0x10, 0xa1, 0x10,
    0xa1, 0x10, 0xa1, 0x10, 0xa1, 0x10, 0xa1, 0x10, 0xa1, 0x10, 0xa1, 0x10,
    0xa1, 0x10, 0xa1, 0x10, 0xa1, 0x10, 0x80, 0x08, 0x25, 0x29, 0x20, 0x00,
    0x40, 0x00, 0x40, 0x00, 0x20, 0x00, 0x40, 0x00, 0x20, 0x00, 0x40, 0x08,
    0x40, 0x00, 0x40, 0x00, 0x40, 0x00, 0x20, 0x00, 0x40, 0x00, 0x40, 0x08,
    0x20, 0x00, 0x40, 0x08, 0x40, 0x08, 0x40, 0x00, 0x40, 0x08, 0x20, 0x00,
    0x40, 0x00, 0x40, 0x08, 0x40, 0x00, 0x40, 0x00, 0x20, 0x00, 0x40, 0x00,
    0x40, 0x00, 0x20, 0x00, 0x40, 0x00, 0x20, 0x08, 0x40, 0x00, 0x40, 0x00,
    0x40, 0x08, 0x40, 0x00, 0x40, 0x00, 0x20, 0x08, 0x40, 0x00, 0x40, 0x00,
    0x20, 0x00, 0x40, 0x00, 0x40, 0x08, 0x40, 0x08, 0x40, 0x08, 0x40, 0x08,
    0x40, 0x08, 0x40, 0x08, 0x60, 0x08, 0x40, 0x08, 0x40, 0x08, 0x40, 0x08,
    0x40, 0x08, 0x60, 0x08, 0x60, 0x08, 0x40, 0x08, 0x40, 0x08, 0x40, 0x08,
    0x40, 0x08, 0x40, 0x08, 0x40, 0x08, 0x60, 0x08, 0x40, 0x08, 0x40, 0x08,
    0x60, 0x08, 0x40, 0x08, 0x40, 0x08, 0x40, 0x08, 0x60, 0x08, 0x40, 0x08,
    0x40, 0x08, 0x60, 0x08, 0x40, 0x08, 0x40, 0x08, 0x40, 0x08, 0x40, 0x08,
    0x40, 0x08, 0x40, 0x08, 0x40, 0x08, 0x40, 0x08, 0x40, 0x08, 0x40, 0x08,
    0x40, 0x08, 0x60, 0x08, 0x40, 0x08, 0x40, 0x08, 0x40, 0x08, 0x40, 0x08,
    0x40, 0x08, 0x40, 0x08, 0x40, 0x08, 0x40, 0x08, 0x40, 0x08, 0x40, 0x08,
    0x40, 0x08, 0x40, 0x08, 0x40, 0x08, 0x60, 0x08, 0x60, 0x08, 0x40, 0x08,
    0x40, 0x08, 0x40, 0x08, 0x40, 0x08, 0x40, 0x08, 0x40, 0x08, 0x40, 0x08,
    0x60, 0x08, 0x40, 0x08, 0x40, 0x08, 0x40, 0x08, 0x40, 0x08, 0x40, 0x08,
    0x60, 0x08, 0x40, 0x08, 0x40, 0x08, 0x40, 0x08, 0x40, 0x08, 0x40, 0x08,
    0x40, 0x08, 0x60, 0x08, 0x40, 0x08, 0x40, 0x08, 0x60, 0x08, 0x40, 0x08,
    0x40, 0x08, 0x40, 0x08, 0x40, 0x08, 0x60, 0x08, 0x40, 0x08, 0x40, 0x08,
    0x40, 0x08, 0x60, 0x08, 0x40, 0x08, 0x40, 0x08, 0x60, 0x08, 0x40, 0x08,
    0x40, 0x08, 0x40, 0x08, 0x40, 0x08, 0x40, 0x08, 0x40, 0x08, 0x60, 0x08,
    0x10, 0x84, 0x10, 0x84, 0x81, 0x10, 0x43, 0x21, 0x43, 0x29, 0x43, 0x29,
    0x43, 0x21, 0x43, 0x29, 0x43, 0x21, 0x43, 0x21, 0x43, 0x29, 0x43, 0x21,
    0x43, 0x21, 0x43, 0x29, 0x43, 0x21, 0x43, 0x21, 0x43, 0x21, 0x43, 0x29,
    0x43, 0x21, 0x43, 0x21, 0x43, 0x29, 0x03, 0x21, 0x43, 0x29, 0x43, 0x21,
    0x43, 0x21, 0x43, 0x29, 0x43, 0x21, 0x43, 0x29, 0x43, 0x21, 0x43, 0x21,
    0x43, 0x29, 0x43, 0x21, 0x43, 0x21, 0x43, 0x29, 0x23, 0x21, 0x43, 0x21,
    0x43, 0x29, 0x43, 0x21, 0x43, 0x21, 0x43, 0x29, 0x43, 0x21, 0x43, 0x21,
    0x43, 0x21, 0x43, 0x21, 0x43, 0x21, 0x43, 0x29, 0x43, 0x21, 0x43, 0x21,
    0x23, 0x21, 0x85, 0x31, 0xf4, 0x8c, 0xb2, 0x84, 0xb2, 0x84, 0xb2, 0x84,
    0xb2, 0x84, 0xb2, 0x84, 0xb2, 0x84, 0x92, 0x84, 0x92, 0x84, 0xb2, 0x84,
    0xb2, 0x84, 0xb2, 0x84, 0xb2, 0x84, 0xd3, 0x8c, 0x85, 0x29, 0xd7, 0xb5,
    0xb5, 0x6c, 0xe7, 0x31, 0x28, 0x3a, 0xe7, 0x31, 0xcf, 0x6b, 0xa6, 0x31,
    0xe7, 0x31, 0xc6, 0x31, 0x49, 0x3a, 0x49, 0x4a, 0x49, 0x42, 0x28, 0x3a,
    0x48, 0x42, 0xc6, 0x31, 0x0c, 0x5b, 0x8a, 0x42, 0x0f, 0x7c, 0x80, 0x08,
    0xa1, 0x10, 0xa1, 0x10, 0x28, 0x42, 0xc1, 0x18, 0x04, 0x21, 0x22, 0x21,
    0xa1, 0x10, 0xc1, 0x10, 0x43, 0x21, 0x80, 0x10, 0xa1, 0x10, 0xc1, 0x10,
    0xe2, 0x18, 0xe2, 0x18, 0xe2, 0x18, 0xa1, 0x10, 0xe8, 0x41, 0x23, 0x21,
    0x23, 0x21, 0x23, 0x21, 0x43, 0x21, 0x43, 0x21, 0x43, 0x29, 0x43, 0x21,
    0x43, 0x29, 0x43, 0x21, 0x43, 0x29, 0x43, 0x21, 0x43, 0x21, 0x43, 0x29,
    0x43, 0x21, 0x43, 0x21, 0x43, 0x21, 0x43, 0x21, 0x23, 0x21, 0x23, 0x21,
    0x43, 0x29, 0x43, 0x21, 0x43, 0x21, 0x43, 0x29, 0x43, 0x29, 0x43, 0x21,
    0x43, 0x29, 0x23, 0x21, 0x23, 0x21, 0x43, 0x21, 0x43, 0x21, 0x43, 0x29,
    0x43, 0x21, 0x43, 0x21, 0x43, 0x21, 0x43, 0x21, 0x43, 0x29, 0x43, 0x21,
    0x43, 0x21, 0x44, 0x29, 0xa1, 0x10, 0x60, 0x08, 0x60, 0x08, 0x60, 0x08,
    0x60, 0x08, 0x60, 0x08, 0x60, 0x08, 0x60, 0x08, 0x60, 0x08, 0x60, 0x08,
    0x60, 0x08, 0x60, 0x08, 0x60, 0x08, 0x60, 0x08, 0x60, 0x08, 0x60, 0x08,
    0x60, 0x08, 0x60, 0x08, 0x60, 0x08, 0x60, 0x08, 0x60, 0x08, 0x60, 0x08,
    0x60, 0x08, 0x60, 0x08, 0x60, 0x08, 0x60, 0x08, 0x60, 0x08, 0x60, 0x08,
    0x60, 0x08, 0x60, 0x08, 0x60, 0x08, 0x60, 0x08, 0x60, 0x08, 0x60, 0x08,
    0x60, 0x08, 0x60, 0x08, 0x60, 0x08, 0x60, 0x08, 0x60, 0x08, 0x60, 0x08,
    0x60, 0x08, 0x60, 0x08, 0x60, 0x08, 0x60, 0x08, 0x60, 0x08, 0x60, 0x08,
    0x60, 0x08, 0x60, 0x08, 0x60, 0x08, 0x60, 0x08, 0x60, 0x08, 0x60, 0x08,
    0x60, 0x08, 0x60, 0x08, 0x60, 0x08, 0x60, 0x08, 0x60, 0x08, 0x60, 0x08,
    0x60, 0x08, 0x60, 0x08, 0x60, 0x08, 0x60, 0x08, 0x60, 0x08, 0x60, 0x08,
    0x60, 0x08, 0x60, 0x08, 0x60, 0x08, 0x60, 0x08, 0x60, 0x08, 0x60, 0x08,
    0x60, 0x08, 0x60, 0x08, 0x60, 0x08, 0x60, 0x08, 0x60, 0x08, 0x60, 0x00,
    0x60, 0x08, 0x60, 0x08, 0x60, 0x08, 0x60, 0x08, 0x60, 0x08, 0x60, 0x08,
    0x60, 0x08, 0x60, 0x08, 0x60, 0x08, 0x60, 0x08, 0x60, 0x08, 0x60, 0x08,
    0x60, 0x08, 0x60, 0x08, 0x60, 0x08, 0x60, 0x08, 0x60, 0x08, 0x60, 0x08,
    0x60, 0x08, 0x60, 0x08, 0x60, 0x08, 0x60, 0x08, 0x60, 0x08, 0x60, 0x08,
    0x10, 0x84, 0xf0, 0x83, 0xa1, 0x10, 0x40, 0x00, 0x00, 0x00, 0x40, 0x00,
    0x40, 0x08, 0x40, 0x08, 0x40, 0x08, 0x40, 0x08, 0x40, 0x08, 0x40, 0x08,
    0x00, 0x00, 0x00, 0x00, 0x40, 0x08, 0x40, 0x08, 0x40, 0x08, 0x20, 0x00,
    0x40, 0x08, 0x40, 0x08, 0x40, 0x00, 0xe2, 0x18, 0xc2, 0x18, 0x00, 0x00,
    0x00, 0x00, 0x40, 0x08, 0x40, 0x08, 0x00, 0x00, 0x40, 0x00, 0x40, 0x08,
    0x40, 0x08, 0x40, 0x08, 0x00, 0x00, 0x20, 0x00, 0x20, 0x00, 0x00, 0x00,
    0x40, 0x08, 0x40, 0x08, 0x40, 0x08, 0x40, 0x08, 0x40, 0x08, 0x20, 0x00,
    0x20, 0x00, 0x00, 0x00, 0x40, 0x08, 0x40, 0x08, 0x40, 0x08, 0x40, 0x08,
    0x40, 0x00, 0xc2, 0x10, 0x28, 0x3a, 0xa6, 0x29, 0xe7, 0x31, 0xa7, 0x29,
    0xc7, 0x31, 0xc7, 0x31, 0xa7, 0x29, 0xaa, 0x4a, 0xaa, 0x4a, 0xc7, 0x31,
    0xc7, 0x31, 0xa7, 0x29, 0xe7, 0x31, 0xaa, 0x4a, 0x00, 0x00, 0x1e, 0xdf,
    0xdc, 0x64, 0x20, 0x00, 0x80, 0x10, 0x86, 0x29, 0xa9, 0x52, 0xcc, 0x52,
    0x68, 0x52, 0x6a, 0x4a, 0x10, 0x6c, 0xca, 0x6a, 0x29, 0x32, 0xef, 0x83,
    0x0f, 0x7c, 0x07, 0x42, 0x51, 0x8c, 0xd1, 0x73, 0xaa, 0x5a, 0x6d, 0x63,
    0x2c, 0x63, 0xe3, 0x18, 0x8e, 0x73, 0x28, 0x42, 0x2e, 0x6b, 0x2b, 0x5b,
    0x69, 0x4a, 0x94, 0x94, 0x8d, 0x7b, 0x4d, 0x63, 0x0c, 0x5b, 0x47, 0x4a,
    0xc1, 0x10, 0xe2, 0x18, 0xe2, 0x18, 0xc1, 0x10, 0x45, 0x29, 0x20, 0x00,
    0xc2, 0x18, 0xc2, 0x18, 0x40, 0x00, 0x00, 0x00, 0x40, 0x08, 0x40, 0x08,
    0x20, 0x00, 0x40, 0x08, 0x40, 0x08, 0x20, 0x00, 0x00, 0x00, 0x40, 0x08,
    0x40, 0x08, 0x40, 0x08, 0x40, 0x08, 0x20, 0x00, 0x84, 0x29, 0x20, 0x00,
    0x00, 0x00, 0x20, 0x00, 0x40, 0x08, 0x20, 0x00, 0x40, 0x08, 0x40, 0x08,
    0x40, 0x08, 0x20, 0x00, 0x84, 0x29, 0x20, 0x00, 0x00, 0x00, 0x40, 0x08,
    0x40, 0x08, 0x40, 0x08, 0x00, 0x00, 0x40, 0x08, 0x40, 0x08, 0x40, 0x08,
    0x40, 0x08, 0x40, 0x00, 0xe2, 0x18, 0x60, 0x08, 0x60, 0x08, 0x60, 0x08,
    0x60, 0x08, 0x60, 0x08, 0x60, 0x08, 0x60, 0x08, 0x60, 0x08, 0x60, 0x08,
    0x60, 0x08, 0x60, 0x08, 0x60, 0x08, 0x60, 0x08, 0x60, 0x08, 0x60, 0x08,
    0x60, 0x08, 0x60, 0x08, 0x60, 0x08, 0x60, 0x08, 0x60, 0x08, 0x60, 0x08,
    0x60, 0x08, 0x60, 0x08, 0x60, 0x08, 0x60, 0x08, 0x60, 0x08, 0x60, 0x08,
    0x60, 0x08, 0x60, 0x08, 0x60, 0x08, 0x60, 0x08, 0x60, 0x08, 0x60, 0x08,
    0x60, 0x08, 0x60, 0x08, 0x60, 0x08, 0x60, 0x08, 0x60, 0x08, 0x60, 0x08,
    0x60, 0x08, 0x60, 0x08, 0x60, 0x08, 0x60, 0x08, 0x60, 0x08, 0x60, 0x08,
    0x60, 0x08, 0x60, 0x08, 0x60, 0x08, 0x60, 0x08, 0x60, 0x08, 0x60, 0x08,
    0x60, 0x08, 0x60, 0x08, 0x60, 0x08, 0x60, 0x08, 0x60, 0x08, 0x60, 0x08,
    0x60, 0x08, 0x60, 0x08, 0x60, 0x08, 0x60, 0x08, 0x60, 0x08, 0x60, 0x08,
    0x60, 0x08, 0x60, 0x08, 0x60, 0x08, 0x60, 0x08, 0x60, 0x08, 0x60, 0x08,
    0x60, 0x08, 0x60, 0x08, 0x60, 0x08, 0x60, 0x08, 0x60, 0x08, 0x60, 0x08,
    0x60, 0x08, 0x60, 0x08, 0x60, 0x08, 0x60, 0x08, 0x60, 0x08, 0x60, 0x08,
    0x60, 0x08, 0x60, 0x08, 0x60, 0x08, 0x60, 0x08, 0x60, 0x08, 0x60, 0x08,
    0x60, 0x08, 0x60, 0x08, 0x60, 0x08, 0x60, 0x08, 0x60, 0x08, 0x60, 0x08,
    0x60, 0x08, 0x60, 0x08, 0x60, 0x08, 0x60, 0x08, 0x60, 0x08, 0x60, 0x08,
    0x10, 0x84, 0xf0, 0x83, 0x80, 0x10, 0x00, 0x00, 0xae, 0x6b, 0x00, 0x08,
    0x00, 0x00, 0x00, 0x00, 0x00, 0x00, 0x00, 0x00, 0x00, 0x00, 0x00, 0x00,
    0x89, 0x42, 0xd3, 0x8c, 0x00, 0x00, 0x00, 0x00, 0x00, 0x00, 0xe6, 0x39,
    0x00, 0x00, 0x00, 0x00, 0x00, 0x00, 0xe2, 0x18, 0xa1, 0x10, 0xeb, 0x52,
    0x88, 0x52, 0x00, 0x00, 0x00, 0x00, 0x28, 0x42, 0x40, 0x08, 0x00, 0x00,
    0x00, 0x00, 0x00, 0x00, 0x2c, 0x63, 0xc1, 0x18, 0xc3, 0x10, 0xce, 0x73,
    0x00, 0x00, 0x00, 0x00, 0x00, 0x00, 0x00, 0x00, 0x00, 0x00, 0xe8, 0x31,
    0xe3, 0x20, 0xce, 0x7b, 0x00, 0x00, 0x00, 0x00, 0x00, 0x00, 0x00, 0x00,
    0x20, 0x00, 0xc2, 0x18, 0x28, 0x3a, 0xb4, 0x84, 0x30, 0x84, 0x51, 0x7c,
    0x0f, 0x74, 0x6d, 0x63, 0xd0, 0x73, 0xf7, 0xbd, 0x51, 0x7c, 0x51, 0x84,
    0x2c, 0x5b, 0xb1, 0x8c, 0xa7, 0x21, 0x7a, 0xc6, 0x00, 0x00, 0xf9, 0xa5,
    0x1d, 0xb6, 0xc8, 0x39, 0xc1, 0x10, 0x82, 0x10, 0x31, 0x7c, 0x09, 0x4a,
    0x14, 0x95, 0xd0, 0x83, 0x0a, 0x4b, 0xcd, 0x83, 0x09, 0x2a, 0xd1, 0x83,
    0xf1, 0x8c, 0x50, 0x6b, 0x6b, 0x73, 0x51, 0x8c, 0xca, 0x5a, 0xf5, 0x8c,
    0x2a, 0x73, 0x60, 0x08, 0x8b, 0x3a, 0x14, 0xa5, 0x6e, 0x73, 0xb2, 0x8c,
    0xb1, 0x8c, 0x47, 0x31, 0x6c, 0x6b, 0x70, 0x5b, 0xef, 0x8b, 0xc9, 0x5a,
    0xa1, 0x10, 0xe2, 0x18, 0xe2, 0x18, 0xc1, 0x10, 0xe3, 0x18, 0x00, 0x00,
    0xe2, 0x18, 0xe2, 0x18, 0x00, 0x00, 0x2c, 0x63, 0x00, 0x00, 0x00, 0x00,
    0x07, 0x3a, 0x00, 0x00, 0x00, 0x00, 0x86, 0x29, 0xce, 0x73, 0x00, 0x00,
    0x00, 0x00, 0x00, 0x00, 0x00, 0x00, 0x00, 0x00, 0x85, 0x31, 0x00, 0x00,
    0xa9, 0x4a, 0xa6, 0x31, 0x00, 0x00, 0x08, 0x42, 0x00, 0x00, 0x00, 0x00,
    0x00, 0x00, 0x40, 0x00, 0x64, 0x29, 0x82, 0x08, 0xee, 0x7b, 0x00, 0x00,
    0x00, 0x00, 0x00, 0x00, 0xcb, 0x5a, 0x00, 0x00, 0x00, 0x00, 0x00, 0x00,
    0x00, 0x00, 0x40, 0x08, 0xe2, 0x18, 0x60, 0x08, 0x60, 0x08, 0x60, 0x08,
    0x60, 0x08, 0x60, 0x08, 0x60, 0x08, 0x60, 0x08, 0x60, 0x08, 0x60, 0x08,
    0x60, 0x08, 0x60, 0x08, 0x60, 0x08, 0x60, 0x08, 0x60, 0x08, 0x60, 0x08,
    0x60, 0x08, 0x60, 0x08, 0x60, 0x08, 0x60, 0x08, 0x60, 0x08, 0x60, 0x08,
    0x60, 0x08, 0x60, 0x08, 0x60, 0x08, 0x60, 0x08, 0x60, 0x08, 0x60, 0x08,
    0x60, 0x08, 0x60, 0x08, 0x60, 0x08, 0x60, 0x08, 0x60, 0x08, 0x60, 0x08,
    0x60, 0x08, 0x60, 0x08, 0x60, 0x08, 0x60, 0x08, 0x60, 0x08, 0x60, 0x08,
    0x60, 0x08, 0x60, 0x08, 0x60, 0x08, 0x60, 0x08, 0x60, 0x08, 0x60, 0x08,
    0x60, 0x08, 0x60, 0x08, 0x60, 0x08, 0x60, 0x08, 0x60, 0x08, 0x60, 0x08,
    0x60, 0x08, 0x60, 0x08, 0x60, 0x08, 0x60, 0x08, 0x60, 0x08, 0x60, 0x08,
    0x60, 0x08, 0x60, 0x08, 0x60, 0x08, 0x60, 0x08, 0x60, 0x08, 0x60, 0x08,
    0x60, 0x08, 0x60, 0x08, 0x60, 0x08, 0x60, 0x08, 0x60, 0x08, 0x60, 0x08,
    0x60, 0x08, 0x60, 0x08, 0x60, 0x08, 0x60, 0x08, 0x60, 0x08, 0x60, 0x08,
    0x60, 0x08, 0x60, 0x08, 0x60, 0x08, 0x60, 0x08, 0x60, 0x08, 0x60, 0x08,
    0x60, 0x08, 0x60, 0x08, 0x60, 0x08, 0x60, 0x08, 0x60, 0x08, 0x60, 0x08,
    0x60, 0x08, 0x60, 0x08, 0x60, 0x08, 0x60, 0x08, 0x60, 0x08, 0x60, 0x08,
    0x60, 0x08, 0x60, 0x08, 0x60, 0x08, 0x60, 0x08, 0x60, 0x08, 0x60, 0x08,
    0x10, 0x84, 0x10, 0x84, 0x60, 0x08, 0x0a, 0x32, 0xaf, 0x7b, 0x6a, 0x42,
    0xb2, 0x8c, 0xd4, 0x9c, 0x30, 0x84, 0x51, 0x8c, 0x96, 0xa5, 0x62, 0x08,
    0x0f, 0x8c, 0x72, 0x7c, 0xd1, 0x83, 0xd6, 0xad, 0xea, 0x5a, 0x55, 0xad,
    0x72, 0x84, 0x15, 0x9d, 0xc9, 0x62, 0xa1, 0x10, 0x81, 0x10, 0x49, 0x32,
    0x10, 0x84, 0x52, 0x84, 0xb2, 0x8c, 0x34, 0x95, 0x35, 0xb5, 0x92, 0x7c,
    0x16, 0xbe, 0x00, 0x00, 0x5b, 0xb6, 0x26, 0x52, 0x88, 0x29, 0x11, 0x84,
    0xf6, 0xbd, 0x2e, 0x5b, 0x58, 0xc6, 0x10, 0x84, 0x8d, 0x6b, 0x29, 0x32,
    0x35, 0xa5, 0xf1, 0x7b, 0xf4, 0x9c, 0x4f, 0x84, 0xf3, 0x84, 0xd7, 0xb5,
    0xe6, 0x41, 0xa1, 0x10, 0x08, 0x32, 0x96, 0x9d, 0xb5, 0x94, 0x94, 0xad,
    0x32, 0x74, 0xfa, 0xd6, 0x56, 0xa5, 0xd4, 0x9c, 0x7c, 0xd7, 0x34, 0x9d,
    0xbd, 0xe7, 0x12, 0xa5, 0xe8, 0x29, 0xfb, 0xce, 0x00, 0x00, 0x4d, 0x32,
    0x53, 0x94, 0x6a, 0x52, 0xa1, 0x10, 0x04, 0x21, 0x2b, 0x63, 0xf0, 0x73,
    0xc7, 0x39, 0xaa, 0x5a, 0xa5, 0x29, 0x29, 0x4a, 0x65, 0x29, 0x82, 0x18,
    0x69, 0x4a, 0x06, 0x42, 0x4d, 0x63, 0x08, 0x42, 0x65, 0x31, 0xeb, 0x52,
    0x85, 0x39, 0x81, 0x10, 0x8e, 0x6b, 0x66, 0x31, 0x69, 0x52, 0x28, 0x42,
    0xc7, 0x41, 0x0b, 0x5b, 0x89, 0x52, 0xcb, 0x52, 0x65, 0x31, 0xa5, 0x31,
    0xc2, 0x18, 0xe2, 0x18, 0xe2, 0x18, 0x60, 0x08, 0x57, 0xad, 0xa5, 0x39,
    0xa1, 0x10, 0xc1, 0x18, 0x42, 0x00, 0x9d, 0xe7, 0x4c, 0x63, 0x6e, 0x6b,
    0xb6, 0xad, 0x72, 0x84, 0x8c, 0x73, 0xc2, 0x18, 0x72, 0x7c, 0x12, 0x8c,
    0xf6, 0xad, 0xf0, 0x83, 0xd3, 0x8c, 0xc6, 0x41, 0x44, 0x21, 0x00, 0x00,
    0xf8, 0xad, 0xf4, 0x9c, 0x13, 0x9d, 0x55, 0xa5, 0x6f, 0x6b, 0x51, 0x7c,
    0x13, 0x95, 0x00, 0x08, 0x43, 0x29, 0x68, 0x21, 0x31, 0x8c, 0x54, 0xa5,
    0x50, 0x84, 0x72, 0x7c, 0x95, 0xad, 0x2f, 0x84, 0xf1, 0x7b, 0x92, 0x84,
    0xd1, 0x94, 0x00, 0x00, 0xe2, 0x18, 0x40, 0x00, 0x60, 0x08, 0x60, 0x08,
    0x60, 0x08, 0x60, 0x08, 0x60, 0x08, 0x60, 0x08, 0x60, 0x08, 0x60, 0x08,
    0x60, 0x08, 0x60, 0x08, 0x60, 0x08, 0x60, 0x08, 0x60, 0x08, 0x60, 0x08,
    0x60, 0x08, 0x60, 0x08, 0x60, 0x08, 0x60, 0x08, 0x60, 0x08, 0x60, 0x08,
    0x60, 0x08, 0x60, 0x08, 0x60, 0x08, 0x60, 0x08, 0x60, 0x08, 0x60, 0x08,
    0x60, 0x08, 0x60, 0x08, 0x60, 0x08, 0x60, 0x08, 0x60, 0x08, 0x60, 0x08,
    0x60, 0x08, 0x60, 0x08, 0x60, 0x08, 0x60, 0x08, 0x60, 0x08, 0x60, 0x08,
    0x60, 0x08, 0x60, 0x08, 0x60, 0x08, 0x60, 0x08, 0x60, 0x08, 0x60, 0x08,
    0x60, 0x08, 0x60, 0x08, 0x60, 0x08, 0x60, 0x08, 0x60, 0x08, 0x60, 0x08,
    0x60, 0x08, 0x60, 0x08, 0x60, 0x08, 0x60, 0x08, 0x60, 0x08, 0x60, 0x08,
    0x60, 0x08, 0x60, 0x08, 0x60, 0x08, 0x60, 0x08, 0x60, 0x08, 0x60, 0x08,
    0x60, 0x08, 0x60, 0x08, 0x60, 0x08, 0x60, 0x08, 0x60, 0x08, 0x60, 0x08,
    0x60, 0x08, 0x60, 0x08, 0x60, 0x08, 0x60, 0x08, 0x60, 0x08, 0x60, 0x08,
    0x60, 0x08, 0x60, 0x08, 0x60, 0x08, 0x60, 0x08, 0x60, 0x08, 0x60, 0x08,
    0x60, 0x08, 0x60, 0x08, 0x60, 0x08, 0x60, 0x08, 0x60, 0x08, 0x60, 0x08,
    0x60, 0x08, 0x60, 0x08, 0x60, 0x08, 0x60, 0x08, 0x60, 0x08, 0x60, 0x08,
    0x60, 0x08, 0x60, 0x08, 0x60, 0x08, 0x60, 0x08, 0x60, 0x08, 0x60, 0x08,
    0x10, 0x84, 0xf0, 0x83, 0x80, 0x08, 0x26, 0x21, 0x39, 0xc6, 0x75, 0xad,
    0xb8, 0xad, 0x5a, 0xc6, 0x30, 0x8c, 0x97, 0xa5, 0x54, 0xad, 0x61, 0x10,
    0x71, 0x94, 0x56, 0x9d, 0x36, 0xad, 0xf2, 0x94, 0x35, 0xad, 0x32, 0x7c,
    0x95, 0xb5, 0x98, 0xad, 0x00, 0x10, 0xe2, 0x18, 0xa1, 0x10, 0x89, 0x32,
    0x31, 0x8c, 0xf9, 0xb5, 0x8e, 0x7b, 0x5c, 0xcf, 0x93, 0xac, 0xdb, 0xbe,
    0xf2, 0x9c, 0x00, 0x00, 0x39, 0xb6, 0x78, 0xd6, 0x26, 0x19, 0x55, 0xa5,
    0x51, 0x8c, 0x30, 0x7c, 0x77, 0xa5, 0x16, 0xb6, 0x11, 0x8c, 0x00, 0x00,
    0xfa, 0xd6, 0xd4, 0x94, 0x74, 0xb5, 0xb5, 0x8c, 0x1b, 0xdf, 0xcc, 0x5a,
    0xf2, 0x9c, 0x60, 0x08, 0x48, 0x3a, 0x0d, 0x4b, 0xd3, 0x9c, 0x8e, 0x6b,
    0x93, 0x8c, 0xd7, 0xad, 0xb2, 0x94, 0xaf, 0x6b, 0x34, 0x9d, 0xcf, 0x73,
    0x92, 0x84, 0x98, 0xce, 0x87, 0x29, 0x34, 0x9d, 0x40, 0x08, 0xa1, 0x10,
    0x60, 0x08, 0x82, 0x10, 0xc1, 0x10, 0xc1, 0x10, 0x80, 0x08, 0x24, 0x21,
    0xa1, 0x10, 0x81, 0x10, 0xa1, 0x10, 0xa1, 0x10, 0xc1, 0x10, 0xc1, 0x10,
    0xa1, 0x10, 0xa1, 0x10, 0x80, 0x08, 0xa1, 0x10, 0xa1, 0x10, 0x81, 0x10,
    0xa1, 0x10, 0xc2, 0x10, 0x81, 0x08, 0xa1, 0x10, 0xa1, 0x10, 0xa1, 0x10,
    0xa1, 0x10, 0xa1, 0x10, 0x81, 0x10, 0xa1, 0x10, 0xa1, 0x10, 0xa1, 0x10,
    0xc2, 0x10, 0xc2, 0x18, 0xc2, 0x18, 0x60, 0x08, 0x32, 0x74, 0x8f, 0x8c,
    0x80, 0x08, 0x80, 0x10, 0x6e, 0x5b, 0x51, 0x84, 0xd9, 0xce, 0x71, 0x8c,
    0x0f, 0x84, 0xd4, 0x84, 0x8c, 0x73, 0x00, 0x00, 0x93, 0x84, 0x77, 0xad,
    0xb8, 0xc6, 0x13, 0x7c, 0xf6, 0xc5, 0xa5, 0x31, 0x44, 0x29, 0x00, 0x00,
    0xb2, 0x8c, 0xfb, 0xc6, 0xf3, 0xa4, 0xb1, 0x94, 0xf3, 0x8c, 0x6c, 0x63,
    0x9b, 0xc6, 0x00, 0x08, 0x43, 0x29, 0x67, 0x21, 0x35, 0xa5, 0x78, 0xc6,
    0xcb, 0x5a, 0x1c, 0xcf, 0xb3, 0x84, 0xce, 0x83, 0x96, 0xa5, 0x6d, 0x63,
    0x9a, 0xce, 0x00, 0x00, 0xe2, 0x18, 0x60, 0x08, 0x60, 0x08, 0x60, 0x08,
    0x60, 0x08, 0x60, 0x08, 0x60, 0x08, 0x60, 0x08, 0x60, 0x08, 0x60, 0x08,
    0x60, 0x08, 0x60, 0x08, 0x60, 0x08, 0x60, 0x08, 0x60, 0x08, 0x60, 0x08,
    0x60, 0x08, 0x60, 0x08, 0x60, 0x08, 0x60, 0x08, 0x60, 0x08, 0x60, 0x08,
    0x60, 0x08, 0x60, 0x08, 0x60, 0x08, 0x60, 0x08, 0x60, 0x08, 0x60, 0x08,
    0x60, 0x08, 0x60, 0x08, 0x60, 0x08, 0x60, 0x08, 0x60, 0x08, 0x60, 0x08,
    0x60, 0x08, 0x60, 0x08, 0x60, 0x08, 0x60, 0x08, 0x60, 0x08, 0x60, 0x08,
    0x60, 0x08, 0x60, 0x08, 0x60, 0x08, 0x60, 0x08, 0x60, 0x08, 0x60, 0x08,
    0x60, 0x08, 0x60, 0x08, 0x60, 0x08, 0x60, 0x08, 0x60, 0x08, 0x60, 0x08,
    0x60, 0x08, 0x60, 0x08, 0x60, 0x08, 0x60, 0x08, 0x60, 0x08, 0x60, 0x08,
    0x60, 0x08, 0x60, 0x08, 0x60, 0x08, 0x60, 0x08, 0x60, 0x08, 0x60, 0x08,
    0x60, 0x08, 0x60, 0x08, 0x60, 0x08, 0x60, 0x08, 0x60, 0x08, 0x60, 0x08,
    0x60, 0x08, 0x60, 0x08, 0x60, 0x08, 0x60, 0x08, 0x60, 0x08, 0x60, 0x08,
    0x60, 0x08, 0x60, 0x08, 0x60, 0x08, 0x60, 0x08, 0x60, 0x08, 0x60, 0x08,
    0x60, 0x08, 0x60, 0x08, 0x60, 0x08, 0x60, 0x08, 0x60, 0x08, 0x60, 0x08,
    0x60, 0x08, 0x60, 0x08, 0x60, 0x08, 0x60, 0x08, 0x60, 0x08, 0x60, 0x08,
    0x60, 0x08, 0x60, 0x08, 0x60, 0x08, 0x60, 0x08, 0x60, 0x08, 0x60, 0x08,
    0x10, 0x84, 0xf0, 0x83, 0xa1, 0x10, 0x00, 0x00, 0x86, 0x29, 0xc4, 0x18,
    0xc2, 0x20, 0x64, 0x29, 0xcd, 0x4a, 0xef, 0x8b, 0x66, 0x21, 0x40, 0x08,
    0x44, 0x21, 0x03, 0x21, 0x24, 0x21, 0x65, 0x29, 0xa1, 0x10, 0x45, 0x29,
    0x04, 0x19, 0x24, 0x21, 0x40, 0x00, 0xe2, 0x18, 0xc1, 0x10, 0xa1, 0x10,
    0x60, 0x08, 0xa6, 0x31, 0xa1, 0x10, 0x23, 0x21, 0xa2, 0x18, 0x25, 0x19,
    0x59, 0xc6, 0x00, 0x00, 0x45, 0x21, 0x44, 0x29, 0x41, 0x08, 0xa5, 0x31,
    0xe8, 0x21, 0xa8, 0x5a, 0xa3, 0x18, 0xc3, 0x10, 0xe2, 0x20, 0x20, 0x00,
    0xc3, 0x18, 0x81, 0x10, 0x65, 0x29, 0xc3, 0x10, 0xc1, 0x18, 0x44, 0x21,
    0x81, 0x10, 0xc2, 0x10, 0x69, 0x42, 0x08, 0x3a, 0xe7, 0x31, 0x08, 0x32,
    0xc7, 0x31, 0x2d, 0x53, 0x28, 0x42, 0xe7, 0x31, 0xe7, 0x31, 0xe7, 0x31,
    0xab, 0x42, 0x30, 0x7c, 0xe7, 0x31, 0xca, 0x4a, 0x03, 0x19, 0xe6, 0x31,
    0xc6, 0x31, 0xc6, 0x31, 0xe7, 0x31, 0xe6, 0x31, 0xc7, 0x31, 0xc6, 0x31,
    0xe6, 0x31, 0xe6, 0x31, 0xc6, 0x31, 0xe6, 0x31, 0xe6, 0x31, 0xc6, 0x31,
    0xc7, 0x31, 0xe6, 0x31, 0xc6, 0x31, 0xe7, 0x31, 0xe6, 0x31, 0xe6, 0x31,
    0xe7, 0x31, 0xe6, 0x31, 0xe6, 0x31, 0xc6, 0x31, 0xe6, 0x31, 0xc6, 0x31,
    0xc6, 0x31, 0xe6, 0x31, 0xe6, 0x31, 0xc6, 0x31, 0xe6, 0x31, 0xe6, 0x31,
    0xe6, 0x31, 0xc6, 0x31, 0xe7, 0x31, 0x23, 0x19, 0x6a, 0x42, 0x40, 0x08,
    0xc2, 0x18, 0xc1, 0x18, 0xe3, 0x18, 0x00, 0x00, 0x04, 0x21, 0x44, 0x21,
    0x45, 0x21, 0x24, 0x21, 0x20, 0x08, 0x40, 0x00, 0xc2, 0x18, 0x45, 0x21,
    0x22, 0x19, 0xa2, 0x10, 0x25, 0x21, 0xa1, 0x10, 0x64, 0x29, 0x20, 0x00,
    0xc2, 0x18, 0x62, 0x10, 0x64, 0x29, 0x82, 0x10, 0xe3, 0x20, 0x85, 0x31,
    0x64, 0x29, 0x20, 0x00, 0x64, 0x29, 0x41, 0x00, 0xc6, 0x39, 0x00, 0x00,
    0x85, 0x31, 0xc2, 0x18, 0x81, 0x10, 0x45, 0x29, 0xc3, 0x10, 0x85, 0x31,
    0x44, 0x21, 0x20, 0x00, 0xe2, 0x18, 0x40, 0x08, 0x60, 0x08, 0x60, 0x08,
    0x60, 0x08, 0x60, 0x08, 0x60, 0x00, 0x60, 0x08, 0x60, 0x08, 0x60, 0x08,
    0x60, 0x08, 0x60, 0x08, 0x60, 0x08, 0x60, 0x08, 0x60, 0x08, 0x60, 0x08,
    0x60, 0x08, 0x60, 0x00, 0x60, 0x08, 0x60, 0x08, 0x60, 0x00, 0x60, 0x08,
    0x60, 0x08, 0x60, 0x00, 0x60, 0x08, 0x60, 0x08, 0x60, 0x08, 0x60, 0x08,
    0x60, 0x08, 0x60, 0x08, 0x60, 0x08, 0x60, 0x08, 0x60, 0x08, 0x60, 0x08,
    0x60, 0x08, 0x60, 0x08, 0x60, 0x00, 0x60, 0x08, 0x60, 0x08, 0x60, 0x00,
    0x60, 0x08, 0x60, 0x08, 0x60, 0x00, 0x60, 0x08, 0x60, 0x08, 0x60, 0x00,
    0x60, 0x08, 0x60, 0x08, 0x60, 0x00, 0x60, 0x08, 0x60, 0x08, 0x60, 0x00,
    0x60, 0x08, 0x60, 0x08, 0x60, 0x00, 0x60, 0x08, 0x60, 0x08, 0x60, 0x00,
    0x60, 0x08, 0x60, 0x08, 0x60, 0x00, 0x60, 0x08, 0x60, 0x08, 0x60, 0x00,
    0x60, 0x08, 0x60, 0x08, 0x60, 0x00, 0x60, 0x08, 0x60, 0x08, 0x60, 0x00,
    0x60, 0x08, 0x60, 0x08, 0x60, 0x08, 0x60, 0x08, 0x60, 0x08, 0x60, 0x08,
    0x60, 0x08, 0x60, 0x08, 0x60, 0x00, 0x60, 0x08, 0x60, 0x08, 0x60, 0x00,
    0x60, 0x08, 0x60, 0x08, 0x60, 0x00, 0x60, 0x08, 0x60, 0x08, 0x60, 0x08,
    0x60, 0x08, 0x60, 0x08, 0x60, 0x08, 0x60, 0x08, 0x60, 0x08, 0x60, 0x08,
    0x60, 0x08, 0x60, 0x08, 0x60, 0x08, 0x60, 0x08, 0x60, 0x08, 0x60, 0x08,
    0x10, 0x84, 0xf0, 0x83, 0xa1, 0x10, 0x60, 0x08, 0x40, 0x00, 0x60, 0x08,
    0x40, 0x08, 0x40, 0x00, 0xa1, 0x10, 0x40, 0x00, 0x40, 0x00, 0x60, 0x08,
    0x40, 0x08, 0x40, 0x00, 0x40, 0x00, 0x40, 0x08, 0x60, 0x08, 0x40, 0x08,
    0x40, 0x08, 0x40, 0x08, 0x60, 0x08, 0x02, 0x19, 0xe2, 0x18, 0x40, 0x08,
    0x60, 0x08, 0x40, 0x00, 0x60, 0x08, 0x40, 0x08, 0x40, 0x08, 0x60, 0x08,
    0x60, 0x10, 0x60, 0x08, 0x40, 0x08, 0x40, 0x08, 0x60, 0x08, 0x40, 0x08,
    0x80, 0x08, 0x40, 0x08, 0x60, 0x08, 0x40, 0x08, 0x60, 0x08, 0x60, 0x08,
    0x60, 0x08, 0x60, 0x08, 0x40, 0x08, 0x40, 0x08, 0x60, 0x08, 0x40, 0x00,
    0x40, 0x00, 0xe2, 0x18, 0x8a, 0x42, 0x69, 0x42, 0x69, 0x42, 0x69, 0x42,
    0x69, 0x3a, 0x49, 0x3a, 0x49, 0x3a, 0x69, 0x42, 0x69, 0x42, 0x69, 0x3a,
    0x49, 0x3a, 0x28, 0x3a, 0x49, 0x3a, 0x2c, 0x5b, 0x80, 0x08, 0x80, 0x10,
    0x61, 0x10, 0x60, 0x10, 0x60, 0x10, 0xc1, 0x18, 0x81, 0x10, 0xc2, 0x18,
    0xc1, 0x10, 0xc2, 0x18, 0xc1, 0x10, 0xa1, 0x10, 0xa1, 0x10, 0x80, 0x10,
    0xc2, 0x18, 0xa1, 0x10, 0xa1, 0x10, 0xc1, 0x10, 0xc2, 0x18, 0xa1, 0x10,
    0xc1, 0x18, 0xc2, 0x18, 0xc2, 0x18, 0xc1, 0x18, 0xc2, 0x18, 0xc2, 0x10,
    0xc2, 0x18, 0xc2, 0x18, 0xc2, 0x10, 0xc2, 0x18, 0xc2, 0x18, 0xc2, 0x18,
    0xc1, 0x18, 0xc2, 0x18, 0xc1, 0x18, 0xa1, 0x10, 0x25, 0x29, 0x40, 0x00,
    0x02, 0x19, 0x03, 0x19, 0x40, 0x08, 0x60, 0x08, 0x40, 0x08, 0x40, 0x08,
    0x40, 0x08, 0x40, 0x08, 0x60, 0x08, 0x60, 0x08, 0x60, 0x08, 0x40, 0x08,
    0x40, 0x08, 0x60, 0x08, 0x40, 0x08, 0x40, 0x00, 0xa5, 0x31, 0x60, 0x08,
    0x60, 0x08, 0x60, 0x08, 0x40, 0x00, 0x60, 0x08, 0x40, 0x08, 0x40, 0x00,
    0x40, 0x08, 0x60, 0x08, 0xa5, 0x31, 0x40, 0x08, 0x40, 0x00, 0x60, 0x08,
    0x40, 0x08, 0x40, 0x08, 0x60, 0x08, 0x40, 0x08, 0x60, 0x08, 0x40, 0x00,
    0x40, 0x08, 0x60, 0x08, 0x03, 0x19, 0x60, 0x08, 0x60, 0x08, 0x60, 0x08,
    0x60, 0x08, 0x60, 0x08, 0x60, 0x08, 0x60, 0x08, 0x60, 0x08, 0x60, 0x08,
    0x60, 0x08, 0x60, 0x08, 0x60, 0x08, 0x60, 0x08, 0x60, 0x08, 0x60, 0x08,
    0x60, 0x08, 0x60, 0x08, 0x60, 0x08, 0x60, 0x08, 0x60, 0x08, 0x60, 0x08,
    0x60, 0x08, 0x60, 0x08, 0x60, 0x08, 0x60, 0x08, 0x60, 0x08, 0x60, 0x08,
    0x60, 0x08, 0x60, 0x08, 0x60, 0x08, 0x60, 0x08, 0x60, 0x08, 0x60, 0x08,
    0x60, 0x08, 0x60, 0x08, 0x60, 0x08, 0x60, 0x08, 0x60, 0x08, 0x60, 0x08,
    0x60, 0x08, 0x60, 0x08, 0x60, 0x08, 0x60, 0x08, 0x60, 0x08, 0x60, 0x08,
    0x60, 0x08, 0x60, 0x08, 0x60, 0x08, 0x60, 0x08, 0x60, 0x08, 0x60, 0x08,
    0x60, 0x08, 0x60, 0x08, 0x60, 0x08, 0x60, 0x08, 0x60, 0x08, 0x60, 0x08,
    0x60, 0x08, 0x60, 0x08, 0x60, 0x08, 0x60, 0x08, 0x60, 0x08, 0x60, 0x08,
    0x60, 0x08, 0x60, 0x08, 0x60, 0x08, 0x60, 0x08, 0x60, 0x08, 0x60, 0x08,
    0x60, 0x08, 0x60, 0x08, 0x60, 0x08, 0x60, 0x08, 0x60, 0x08, 0x60, 0x08,
    0x60, 0x08, 0x60, 0x08, 0x60, 0x08, 0x60, 0x08, 0x60, 0x08, 0x60, 0x08,
    0x60, 0x08, 0x60, 0x08, 0x60, 0x08, 0x60, 0x08, 0x60, 0x08, 0x60, 0x08,
    0x60, 0x08, 0x60, 0x08, 0x60, 0x08, 0x60, 0x08, 0x60, 0x08, 0x60, 0x08,
    0x60, 0x08, 0x60, 0x08, 0x60, 0x08, 0x60, 0x08, 0x60, 0x08, 0x60, 0x08,
    0x10, 0x84, 0xf0, 0x7b, 0x22, 0x21, 0xe2, 0x18, 0x02, 0x19, 0x02, 0x19,
    0x02, 0x19, 0x02, 0x19, 0xe2, 0x18, 0x02, 0x21, 0x02, 0x19, 0x02, 0x19,
    0x03, 0x19, 0x02, 0x19, 0x02, 0x19, 0x02, 0x19, 0x02, 0x19, 0x02, 0x19,
    0x02, 0x19, 0x03, 0x19, 0x02, 0x19, 0xe2, 0x18, 0x03, 0x19, 0x02, 0x19,
    0x02, 0x19, 0x03, 0x21, 0x02, 0x19, 0x03, 0x19, 0x03, 0x19, 0x02, 0x19,
    0xe2, 0x18, 0x03, 0x19, 0x02, 0x19, 0x02, 0x19, 0x02, 0x19, 0x02, 0x19,
    0x02, 0x19, 0x02, 0x19, 0x02, 0x19, 0x02, 0x19, 0x02, 0x19, 0x02, 0x19,
    0x02, 0x19, 0x02, 0x19, 0x02, 0x19, 0x02, 0x19, 0x02, 0x19, 0x02, 0x19,
    0x02, 0x21, 0xe2, 0x18, 0xa1, 0x08, 0xa1, 0x10, 0xa1, 0x10, 0xa1, 0x10,
    0xa1, 0x10, 0xa1, 0x10, 0xa1, 0x10, 0xa1, 0x10, 0xa1, 0x10, 0xa1, 0x10,
    0xa1, 0x10, 0xa1, 0x10, 0x81, 0x08, 0x86, 0x31, 0x43, 0x21, 0x55, 0xd6,
    0x33, 0xdd, 0xd3, 0xf4, 0x74, 0xdd, 0x40, 0x00, 0xce, 0x73, 0x40, 0x08,
    0x81, 0x10, 0x60, 0x08, 0x45, 0x19, 0x44, 0x31, 0xe8, 0x39, 0xef, 0x7b,
    0x40, 0x00, 0x28, 0x42, 0x65, 0x21, 0x03, 0x31, 0xe2, 0x10, 0xc7, 0x39,
    0xc1, 0x18, 0xe2, 0x18, 0xe2, 0x18, 0xe2, 0x18, 0xe2, 0x18, 0xe2, 0x18,
    0xe2, 0x18, 0xe2, 0x18, 0xe2, 0x18, 0xe2, 0x18, 0xe2, 0x18, 0xe2, 0x18,
    0xe2, 0x18, 0xe2, 0x18, 0xe2, 0x18, 0xa1, 0x10, 0xc7, 0x39, 0xe2, 0x18,
    0xe2, 0x18, 0x02, 0x19, 0x03, 0x19, 0x02, 0x19, 0x02, 0x19, 0x03, 0x19,
    0x02, 0x19, 0x02, 0x19, 0x02, 0x21, 0x02, 0x19, 0x02, 0x19, 0x02, 0x19,
    0x02, 0x19, 0x02, 0x19, 0x02, 0x19, 0x02, 0x19, 0xe2, 0x18, 0x02, 0x19,
    0x02, 0x19, 0x03, 0x19, 0x02, 0x19, 0x03, 0x19, 0x03, 0x19, 0x02, 0x19,
    0x03, 0x19, 0x02, 0x19, 0xe2, 0x18, 0x02, 0x19, 0x02, 0x19, 0x02, 0x19,
    0x02, 0x19, 0x02, 0x19, 0x02, 0x19, 0x02, 0x19, 0x02, 0x19, 0x02, 0x19,
    0x02, 0x19, 0x02, 0x21, 0x02, 0x19, 0x02, 0x19, 0x02, 0x19, 0x03, 0x19,
    0x02, 0x19, 0x02, 0x19, 0x02, 0x19, 0x02, 0x19, 0x02, 0x19, 0x02, 0x19,
    0x02, 0x19, 0x02, 0x19, 0x02, 0x19, 0x02, 0x19, 0x02, 0x19, 0x02, 0x19,
    0x02, 0x19, 0x02, 0x19, 0x02, 0x19, 0x02, 0x19, 0x02, 0x19, 0x02, 0x19,
    0x02, 0x19, 0x02, 0x19, 0x02, 0x19, 0x02, 0x19, 0x02, 0x19, 0x02, 0x19,
    0x02, 0x19, 0x02, 0x19, 0x02, 0x19, 0x02, 0x19, 0x02, 0x19, 0x02, 0x19,
    0x02, 0x19, 0x02, 0x19, 0x02, 0x19, 0x02, 0x19, 0x02, 0x19, 0x02, 0x19,
    0x02, 0x19, 0x02, 0x19, 0x02, 0x19, 0x02, 0x19, 0x02, 0x19, 0x02, 0x19,
    0x02, 0x19, 0x02, 0x19, 0x02, 0x19, 0x02, 0x19, 0x02, 0x19, 0x02, 0x19,
    0x02, 0x19, 0x02, 0x19, 0x02, 0x19, 0x02, 0x19, 0x02, 0x19, 0x02, 0x19,
    0x02, 0x19, 0x02, 0x19, 0x02, 0x19, 0x02, 0x19, 0x02, 0x19, 0x02, 0x19,
    0x02, 0x19, 0x02, 0x19, 0x02, 0x19, 0x02, 0x19, 0x02, 0x19, 0x02, 0x19,
    0x02, 0x19, 0x02, 0x19, 0x02, 0x19, 0x02, 0x19, 0x02, 0x19, 0x02, 0x19,
    0x02, 0x19, 0x02, 0x19, 0x02, 0x19, 0x02, 0x19, 0x02, 0x19, 0x02, 0x19,
    0x02, 0x19, 0x02, 0x19, 0x02, 0x19, 0x02, 0x19, 0x02, 0x19, 0x02, 0x19,
    0x02, 0x19, 0x02, 0x19, 0x02, 0x19, 0x02, 0x19, 0x02, 0x19, 0x02, 0x19,
    0x02, 0x19, 0x02, 0x19, 0x02, 0x19, 0x02, 0x19, 0x02, 0x19, 0x02, 0x19,
    0x10, 0x84, 0xf0, 0x83, 0x02, 0x21, 0x02, 0x19, 0x03, 0x21, 0x03, 0x21,
    0x23, 0x21, 0x03, 0x21, 0x03, 0x21, 0x03, 0x21, 0x03, 0x21, 0x03, 0x21,
    0x23, 0x21, 0x03, 0x21, 0x03, 0x21, 0x23, 0x21, 0x03, 0x21, 0x03, 0x21,
    0x23, 0x21, 0x03, 0x21, 0x03, 0x21, 0x23, 0x21, 0x03, 0x21, 0x03, 0x21,
    0x03, 0x21, 0x03, 0x21, 0x03, 0x21, 0x03, 0x21, 0x03, 0x21, 0x23, 0x21,
    0x03, 0x21, 0x03, 0x21, 0x23, 0x21, 0x03, 0x21, 0x03, 0x21, 0x03, 0x21,
    0x03, 0x21, 0x03, 0x21, 0x03, 0x21, 0x03, 0x21, 0x03, 0x21, 0x03, 0x21,
    0x03, 0x21, 0x03, 0x21, 0x03, 0x21, 0x03, 0x21, 0x23, 0x21, 0x03, 0x21,
    0x23, 0x21, 0x23, 0x21, 0x23, 0x21, 0x23, 0x21, 0x23, 0x21, 0x23, 0x21,
    0x23, 0x21, 0x23, 0x21, 0x23, 0x21, 0x23, 0x21, 0x23, 0x21, 0x23, 0x21,
    0x23, 0x21, 0x23, 0x21, 0x02, 0x19, 0xe8, 0x41, 0x43, 0x19, 0xf3, 0xae,
    0x91, 0xb5, 0x11, 0xc5, 0xd2, 0xbd, 0xe4, 0x18, 0x6c, 0x73, 0x70, 0x63,
    0x6e, 0x73, 0x52, 0x8c, 0x91, 0x84, 0xae, 0x83, 0x40, 0x00, 0x49, 0x4a,
    0x31, 0x74, 0x11, 0x8c, 0x31, 0x74, 0x6e, 0x73, 0xaa, 0x52, 0xaa, 0x5a,
    0xa1, 0x10, 0xe2, 0x18, 0xe2, 0x18, 0xe2, 0x18, 0xe2, 0x18, 0xe2, 0x18,
    0xe2, 0x18, 0xe2, 0x18, 0xe2, 0x18, 0xe2, 0x18, 0xe2, 0x18, 0xe2, 0x18,
    0xe2, 0x18, 0xe2, 0x18, 0xe2, 0x18, 0xa1, 0x10, 0xe7, 0x39, 0x03, 0x21,
    0x03, 0x21, 0x03, 0x21, 0x23, 0x21, 0x03, 0x21, 0x03, 0x21, 0x23, 0x21,
    0x23, 0x21, 0x03, 0x21, 0x23, 0x21, 0x03, 0x21, 0x03, 0x21, 0x03, 0x21,
    0x03, 0x21, 0x03, 0x21, 0x03, 0x21, 0x03, 0x21, 0x03, 0x21, 0x03, 0x21,
    0x03, 0x21, 0x03, 0x21, 0x03, 0x21, 0x03, 0x21, 0x23, 0x21, 0x03, 0x21,
    0x03, 0x21, 0x03, 0x21, 0x03, 0x21, 0x03, 0x21, 0x23, 0x21, 0x03, 0x21,
    0x03, 0x21, 0x23, 0x21, 0x03, 0x21, 0x03, 0x21, 0x03, 0x21, 0x03, 0x21,
    0x23, 0x21, 0x03, 0x21, 0x03, 0x21, 0x23, 0x21, 0x03, 0x21, 0x03, 0x21,
    0x23, 0x21, 0x03, 0x21, 0x03, 0x21, 0x03, 0x21, 0x03, 0x21, 0x03, 0x21,
    0x03, 0x21, 0x03, 0x21, 0x03, 0x21, 0x03, 0x21, 0x03, 0x21, 0x03, 0x21,
    0x03, 0x21, 0x03, 0x21, 0x03, 0x21, 0x03, 0x21, 0x03, 0x21, 0x03, 0x21,
    0x03, 0x21, 0x03, 0x21, 0x03, 0x21, 0x03, 0x21, 0x03, 0x21, 0x03, 0x21,
    0x03, 0x21, 0x03, 0x21, 0x03, 0x21, 0x03, 0x21, 0x03, 0x21, 0x03, 0x21,
    0x03, 0x21, 0x23, 0x21, 0x03, 0x21, 0x03, 0x21, 0x03, 0x21, 0x03, 0x21,
    0x03, 0x21, 0x03, 0x21, 0x03, 0x21, 0x03, 0x21, 0x03, 0x21, 0x03, 0x21,
    0x03, 0x21, 0x03, 0x21, 0x23, 0x21, 0x03, 0x21, 0x03, 0x21, 0x03, 0x21,
    0x23, 0x21, 0x03, 0x21, 0x03, 0x21, 0x03, 0x21, 0x03, 0x21, 0x03, 0x21,
    0x03, 0x21, 0x03, 0x21, 0x03, 0x21, 0x03, 0x21, 0x23, 0x21, 0x03, 0x21,
    0x03, 0x21, 0x03, 0x21, 0x03, 0x21, 0x03, 0x21, 0x03, 0x21, 0x03, 0x21,
    0x03, 0x21, 0x03, 0x21, 0x03, 0x21, 0x03, 0x21, 0x03, 0x21, 0x03, 0x21,
    0x03, 0x21, 0x03, 0x21, 0x03, 0x21, 0x03, 0x21, 0x03, 0x21, 0x03, 0x21,
    0x03, 0x21, 0x03, 0x21, 0x03, 0x21, 0x03, 0x21, 0x03, 0x21, 0x03, 0x21,
    0x03, 0x21, 0x03, 0x21, 0x03, 0x21, 0x03, 0x21, 0x03, 0x21, 0x03, 0x21,
    0x03, 0x21, 0x03, 0x21, 0x03, 0x21, 0x03, 0x21, 0x03, 0x21, 0x03, 0x21,
    0x10, 0x84, 0xcf, 0x7b, 0x48, 0x42, 0x04, 0x21, 0xe2, 0x18, 0xe2, 0x18,
    0xc2, 0x18, 0xe2, 0x18, 0xe2, 0x18, 0xe2, 0x18, 0xe2, 0x18, 0xe2, 0x18,
    0xe2, 0x18, 0xe2, 0x18, 0xe2, 0x18, 0xe2, 0x18, 0xe2, 0x18, 0xe2, 0x18,
    0xe2, 0x18, 0xe2, 0x18, 0xe2, 0x18, 0xe2, 0x18, 0xe2, 0x18, 0xe2, 0x18,
    0xe2, 0x18, 0xe2, 0x18, 0xe2, 0x18, 0xe2, 0x18, 0xe2, 0x18, 0xe2, 0x18,
    0xe2, 0x18, 0xe2, 0x18, 0xe2, 0x18, 0xe2, 0x18, 0xe2, 0x18, 0xc2, 0x18,
    0xa1, 0x10, 0xc1, 0x10, 0xe2, 0x18, 0xe2, 0x18, 0xe2, 0x18, 0xe2, 0x18,
    0xe2, 0x18, 0xe2, 0x18, 0xe2, 0x18, 0xe2, 0x18, 0xe2, 0x18, 0xe2, 0x18,
    0xe2, 0x18, 0xe2, 0x18, 0xc2, 0x18, 0xe2, 0x18, 0xe2, 0x18, 0xc2, 0x10,
    0xe2, 0x18, 0xe2, 0x18, 0xc2, 0x18, 0xe2, 0x18, 0xe2, 0x10, 0xc2, 0x18,
    0xe2, 0x18, 0xe2, 0x18, 0xc1, 0x10, 0xa7, 0x39, 0x23, 0x21, 0xd6, 0x96,
    0xf2, 0x96, 0xb1, 0x96, 0xd5, 0x96, 0x61, 0x08, 0x8e, 0x63, 0x8c, 0x5a,
    0x34, 0x95, 0x2e, 0x73, 0x0a, 0x4b, 0x4f, 0x8c, 0x60, 0x08, 0xaa, 0x52,
    0x6f, 0x5b, 0xb2, 0x9c, 0xd0, 0x6b, 0xf4, 0x9c, 0x88, 0x4a, 0x2c, 0x6b,
    0xa1, 0x10, 0xe2, 0x18, 0xe2, 0x18, 0xe2, 0x18, 0xe2, 0x18, 0xe2, 0x18,
    0xe2, 0x18, 0xe2, 0x18, 0xe2, 0x18, 0xe2, 0x18, 0xe2, 0x18, 0xe2, 0x18,
    0xe2, 0x18, 0xe2, 0x18, 0xe2, 0x18, 0xa1, 0x10, 0xa7, 0x39, 0xc1, 0x10,
    0xe2, 0x18, 0xe2, 0x18, 0xe2, 0x18, 0xe2, 0x18, 0xe2, 0x18, 0xe2, 0x18,
    0xe2, 0x18, 0xe2, 0x18, 0xe2, 0x18, 0xe2, 0x18, 0xe2, 0x18, 0xe2, 0x18,
    0xe2, 0x18, 0xe2, 0x18, 0xa1, 0x10, 0x60, 0x08, 0xc0, 0x10, 0xa0, 0x10,
    0x80, 0x08, 0xe2, 0x18, 0xe2, 0x18, 0xe2, 0x18, 0xe2, 0x18, 0xe2, 0x18,
    0xe2, 0x18, 0xe2, 0x18, 0xe2, 0x18, 0xe2, 0x18, 0xe2, 0x18, 0xe2, 0x18,
    0xe2, 0x18, 0xe2, 0x18, 0xe2, 0x18, 0xe2, 0x18, 0xe2, 0x18, 0xc2, 0x18,
    0xa0, 0x10, 0xc1, 0x10, 0xe2, 0x18, 0xe2, 0x18, 0xe2, 0x18, 0xe2, 0x18,
    0xe2, 0x18, 0xe2, 0x18, 0xe2, 0x18, 0xe2, 0x18, 0xe2, 0x18, 0xe2, 0x18,
    0xe2, 0x18, 0xe2, 0x18, 0xe2, 0x18, 0xe2, 0x18, 0xe2, 0x18, 0xe2, 0x18,
    0xe2, 0x18, 0xe2, 0x18, 0xe2, 0x18, 0xe2, 0x18, 0xe2, 0x18, 0xe2, 0x18,
    0xe2, 0x18, 0xe2, 0x18, 0xe2, 0x18, 0xe2, 0x18, 0xe2, 0x18, 0xe2, 0x18,
    0xe2, 0x18, 0xe2, 0x18, 0xe2, 0x18, 0xe2, 0x18, 0xe2, 0x18, 0xe2, 0x18,
    0xe2, 0x18, 0xe2, 0x18, 0xe2, 0x18, 0xe2, 0x18, 0xe2, 0x18, 0xe2, 0x18,
    0xe2, 0x18, 0xe2, 0x18, 0xe2, 0x18, 0xe2, 0x18, 0xe2, 0x18, 0xe2, 0x18,
    0xe2, 0x18, 0xe2, 0x18, 0xe2, 0x18, 0xe2, 0x18, 0xe2, 0x18, 0xe2, 0x18,
    0xe2, 0x18, 0xe2, 0x18, 0xe2, 0x18, 0xe2, 0x18, 0xe2, 0x18, 0xe2, 0x18,
    0xe2, 0x18, 0xe2, 0x18, 0xe2, 0x18, 0xe2, 0x18, 0xe2, 0x18, 0xe2, 0x18,
    0xe2, 0x18, 0xe2, 0x18, 0xe2, 0x18, 0xe2, 0x18, 0xe2, 0x18, 0xe2, 0x18,
    0xe2, 0x18, 0xe2, 0x18, 0xe2, 0x18, 0xe2, 0x18, 0xe2, 0x18, 0xe2, 0x18,
    0xe2, 0x18, 0xe2, 0x18, 0xe2, 0x18, 0xe2, 0x18, 0xe2, 0x18, 0xe2, 0x18,
    0xe2, 0x18, 0xe2, 0x18, 0xe2, 0x18, 0xe2, 0x18, 0xe2, 0x18, 0xe2, 0x18,
    0xe2, 0x18, 0xe2, 0x18, 0xe2, 0x18, 0xe2, 0x18, 0xe2, 0x18, 0xe2, 0x18,
    0xe2, 0x18, 0xe2, 0x18, 0xe2, 0x18, 0xe2, 0x18, 0xe2, 0x18, 0xe2, 0x18,
    0x10, 0x84, 0xcf, 0x7b, 0xc9, 0x52, 0x42, 0x08, 0xc2, 0x18, 0x60, 0x08,
    0xa0, 0x10, 0xa1, 0x10, 0x60, 0x08, 0x80, 0x08, 0x80, 0x08, 0x80, 0x10,
    0x80, 0x08, 0x80, 0x08, 0x80, 0x10, 0x80, 0x08, 0x80, 0x08, 0x80, 0x08,
    0x80, 0x08, 0x80, 0x08, 0x80, 0x08, 0x80, 0x08, 0x80, 0x10, 0x80, 0x08,
    0x80, 0x08, 0x80, 0x08, 0x80, 0x08, 0x80, 0x08, 0x80, 0x08, 0x80, 0x08,
    0x80, 0x08, 0x80, 0x08, 0x80, 0x08, 0x80, 0x08, 0x80, 0x08, 0xc1, 0x10,
    0x0a, 0x5b, 0xa5, 0x31, 0x60, 0x08, 0x80, 0x10, 0x80, 0x08, 0x80, 0x10,
    0x80, 0x10, 0x80, 0x08, 0x80, 0x10, 0x80, 0x08, 0x80, 0x10, 0x80, 0x08,
    0x80, 0x08, 0x80, 0x10, 0x80, 0x08, 0x80, 0x08, 0x80, 0x10, 0x80, 0x08,
    0x80, 0x08, 0x80, 0x08, 0x80, 0x08, 0x80, 0x10, 0x80, 0x08, 0x80, 0x08,
    0x80, 0x10, 0x80, 0x08, 0x60, 0x08, 0x86, 0x31, 0xe3, 0x18, 0xd6, 0x7c,
    0x51, 0x7d, 0x90, 0x75, 0x52, 0x7d, 0x81, 0x08, 0xe6, 0x39, 0x8e, 0x73,
    0xc2, 0x18, 0xa5, 0x31, 0x03, 0x19, 0x44, 0x29, 0xc2, 0x18, 0x02, 0x21,
    0xa5, 0x31, 0x85, 0x31, 0x44, 0x21, 0x23, 0x21, 0x85, 0x29, 0xc6, 0x39,
    0xc1, 0x10, 0xe2, 0x18, 0xe2, 0x18, 0xe2, 0x18, 0xe2, 0x18, 0xe2, 0x18,
    0xe2, 0x18, 0xe2, 0x18, 0xe2, 0x18, 0xe2, 0x18, 0xe2, 0x18, 0xe2, 0x18,
    0xe2, 0x18, 0xe2, 0x18, 0xe2, 0x18, 0xa1, 0x10, 0x66, 0x29, 0x60, 0x08,
    0x80, 0x08, 0x80, 0x08, 0x80, 0x08, 0x80, 0x08, 0x80, 0x08, 0x60, 0x08,
    0x80, 0x08, 0x80, 0x08, 0x60, 0x08, 0x80, 0x08, 0x80, 0x08, 0x80, 0x10,
    0x80, 0x08, 0x60, 0x00, 0x48, 0x5a, 0x73, 0xad, 0x11, 0x21, 0x12, 0x42,
    0xf3, 0xa4, 0x20, 0x00, 0x80, 0x08, 0x80, 0x08, 0x80, 0x10, 0x80, 0x10,
    0xc1, 0x18, 0xe2, 0x18, 0xe2, 0x18, 0xe2, 0x18, 0xe2, 0x18, 0xe2, 0x18,
    0xe2, 0x18, 0xe2, 0x18, 0xe2, 0x18, 0xe2, 0x18, 0xc1, 0x18, 0xc1, 0x10,
    0x54, 0x4b, 0xa8, 0x29, 0xa0, 0x10, 0xe2, 0x18, 0xe2, 0x18, 0xe2, 0x18,
    0xe2, 0x18, 0xe2, 0x18, 0xe2, 0x18, 0xe2, 0x18, 0xe2, 0x18, 0xe2, 0x18,
    0xe2, 0x18, 0xe2, 0x18, 0xe2, 0x18, 0xe2, 0x18, 0xe2, 0x18, 0xe2, 0x18,
    0xe2, 0x18, 0xe2, 0x18, 0xe2, 0x18, 0xe2, 0x18, 0xe2, 0x18, 0xe2, 0x18,
    0xe2, 0x18, 0xe2, 0x18, 0xe2, 0x18, 0xe2, 0x18, 0xe2, 0x18, 0xe2, 0x18,
    0xe2, 0x18, 0xe2, 0x18, 0xe2, 0x18, 0xe2, 0x18, 0xe2, 0x18, 0xe2, 0x18,
    0xe2, 0x18, 0xe2, 0x18, 0xe2, 0x18, 0xe2, 0x18, 0xe2, 0x18, 0xe2, 0x18,
    0xe2, 0x18, 0xe2, 0x18, 0xe2, 0x18, 0xe2, 0x18, 0xe2, 0x18, 0xe2, 0x18,
    0xe2, 0x18, 0xe2, 0x18, 0xe2, 0x18, 0xe2, 0x18, 0xe2, 0x18, 0xe2, 0x18,
    0xe2, 0x18, 0xe2, 0x18, 0xe2, 0x18, 0xe2, 0x18, 0xe2, 0x18, 0xe2, 0x18,
    0xe2, 0x18, 0xe2, 0x18, 0xe2, 0x18, 0xe2, 0x18, 0xe2, 0x18, 0xe2, 0x18,
    0xe2, 0x18, 0xe2, 0x18, 0xe2, 0x18, 0xe2, 0x18, 0xe2, 0x18, 0xe2, 0x18,
    0xe2, 0x18, 0xe2, 0x18, 0xe2, 0x18, 0xe2, 0x18, 0xe2, 0x18, 0xe2, 0x18,
    0xe2, 0x18, 0xe2, 0x18, 0xe2, 0x18, 0xe2, 0x18, 0xe2, 0x18, 0xe2, 0x18,
    0xe2, 0x18, 0xe2, 0x18, 0xe2, 0x18, 0xe2, 0x18, 0xe2, 0x18, 0xe2, 0x18,
    0xe2, 0x18, 0xe2, 0x18, 0xe2, 0x18, 0xe2, 0x18, 0xe2, 0x18, 0xe2, 0x18,
    0xe2, 0x18, 0xe2, 0x18, 0xe2, 0x18, 0xe2, 0x18, 0xe2, 0x18, 0xe2, 0x18,
    0x10, 0x84, 0xcf, 0x7b, 0xa9, 0x52, 0x61, 0x08, 0xa1, 0x10, 0x54, 0xa5,
    0x58, 0xc6, 0x17, 0xb6, 0x92, 0x8c, 0xce, 0x73, 0xcf, 0x73, 0xcf, 0x73,
    0xce, 0x73, 0xcf, 0x73, 0xcf, 0x73, 0xcf, 0x73, 0xcf, 0x73, 0xcf, 0x73,
    0xcf, 0x73, 0xce, 0x73, 0xcf, 0x73, 0xcf, 0x73, 0xce, 0x73, 0xcf, 0x73,
    0xcf, 0x73, 0xce, 0x73, 0xcf, 0x73, 0xce, 0x73, 0xcf, 0x73, 0xce, 0x73,
    0xcf, 0x73, 0xcf, 0x73, 0xce, 0x73, 0xce, 0x73, 0xae, 0x6b, 0xd2, 0x94,
    0x75, 0xa5, 0x75, 0xad, 0xce, 0x73, 0xce, 0x73, 0xce, 0x73, 0xce, 0x73,
    0xce, 0x73, 0xcf, 0x73, 0xce, 0x73, 0xce, 0x73, 0xcf, 0x73, 0xce, 0x73,
    0xce, 0x73, 0xce, 0x73, 0xce, 0x73, 0xce, 0x73, 0xce, 0x73, 0xce, 0x73,
    0xce, 0x73, 0xce, 0x73, 0xce, 0x73, 0xce, 0x73, 0xce, 0x73, 0xce, 0x73,
    0xce, 0x73, 0xce, 0x73, 0xce, 0x73, 0x31, 0x84, 0x60, 0x08, 0x60, 0x08,
    0x40, 0x08, 0x40, 0x08, 0x40, 0x08, 0xe2, 0x18, 0xc1, 0x10, 0xc2, 0x10,
    0xc1, 0x18, 0xc2, 0x10, 0xe2, 0x18, 0xc2, 0x18, 0xe2, 0x18, 0xc2, 0x18,
    0xc1, 0x18, 0xc2, 0x10, 0xc2, 0x18, 0xc2, 0x18, 0xc1, 0x18, 0xc2, 0x10,
    0xe2, 0x18, 0xe2, 0x18, 0xe2, 0x18, 0xe2, 0x18, 0xe2, 0x18, 0xe2, 0x18,
    0xe2, 0x18, 0xe2, 0x18, 0xe2, 0x18, 0xe2, 0x18, 0xe2, 0x18, 0xe2, 0x18,
    0xe2, 0x18, 0xe2, 0x18, 0xe2, 0x18, 0x60, 0x08, 0x31, 0x84, 0xee, 0x73,
    0xcf, 0x73, 0xcf, 0x73, 0xce, 0x73, 0xcf, 0x73, 0xcf, 0x73, 0xce, 0x73,
    0xcf, 0x73, 0xcf, 0x73, 0xcf, 0x73, 0xcf, 0x73, 0xcf, 0x73, 0xce, 0x73,
    0xcf, 0x73, 0xce, 0x73, 0xcf, 0x9b, 0xba, 0xce, 0x39, 0x84, 0x58, 0x84,
    0x99, 0xd6, 0xae, 0x6b, 0xef, 0x73, 0xce, 0x73, 0xef, 0x73, 0xef, 0x73,
    0xc2, 0x10, 0xa1, 0x10, 0xe2, 0x18, 0x60, 0x08, 0xe2, 0x18, 0xe2, 0x18,
    0xe2, 0x18, 0xe2, 0x18, 0xe2, 0x18, 0xe2, 0x18, 0x60, 0x10, 0x9d, 0x5c,
    0x3f, 0x96, 0xbf, 0x7d, 0x65, 0x29, 0xc1, 0x18, 0xe2, 0x18, 0xe2, 0x18,
    0xe2, 0x18, 0xc1, 0x18, 0xc2, 0x18, 0xc1, 0x10, 0xc1, 0x10, 0xc2, 0x18,
    0xe2, 0x10, 0xe2, 0x18, 0xc2, 0x10, 0xc1, 0x10, 0xe2, 0x18, 0xe2, 0x18,
    0xc1, 0x18, 0xc2, 0x10, 0xe2, 0x18, 0xe2, 0x18, 0xe2, 0x18, 0xe2, 0x18,
    0xe2, 0x18, 0xe2, 0x18, 0xc1, 0x10, 0xe2, 0x18, 0xc2, 0x10, 0xe2, 0x18,
    0xe2, 0x18, 0xe2, 0x18, 0xe2, 0x18, 0xc1, 0x10, 0xe2, 0x18, 0xe2, 0x18,
    0xe2, 0x18, 0xe2, 0x18, 0xe2, 0x18, 0xe2, 0x18, 0xe2, 0x18, 0xe2, 0x18,
    0xe2, 0x18, 0xe2, 0x18, 0xe2, 0x18, 0xe2, 0x18, 0xe2, 0x18, 0xe2, 0x18,
    0xe2, 0x18, 0xe2, 0x18, 0xe2, 0x18, 0xe2, 0x18, 0xe2, 0x18, 0xe2, 0x18,
    0xe2, 0x18, 0xe2, 0x18, 0xe2, 0x18, 0xe2, 0x18, 0xe2, 0x18, 0xe2, 0x18,
    0xe2, 0x18, 0xe2, 0x18, 0xe2, 0x18, 0xe2, 0x18, 0xe2, 0x18, 0xe2, 0x18,
    0xe2, 0x18, 0xe2, 0x18, 0xe2, 0x18, 0xe2, 0x18, 0xe2, 0x18, 0xe2, 0x18,
    0xe2, 0x18, 0xe2, 0x18, 0xe2, 0x18, 0xe2, 0x18, 0xe2, 0x18, 0xe2, 0x18,
    0xe2, 0x18, 0xe2, 0x18, 0xe2, 0x18, 0xe2, 0x18, 0xe2, 0x18, 0xe2, 0x18,
    0xe2, 0x18, 0xe2, 0x18, 0xe2, 0x18, 0xe2, 0x18, 0xe2, 0x18, 0xe2, 0x18,
    0xe2, 0x18, 0xe2, 0x18, 0xe2, 0x18, 0xe2, 0x18, 0xe2, 0x18, 0xe2, 0x18,
    0xe2, 0x18, 0xe2, 0x18, 0xe2, 0x18, 0xe2, 0x18, 0xe2, 0x18, 0xe2, 0x18,
    0x10, 0x84, 0xcf, 0x7b, 0xa9, 0x52, 0x00, 0x00, 0x34, 0x9d, 0xff, 0xf7,
    0xdf, 0xef, 0xff, 0xf7, 0xdf, 0xef, 0xdf, 0xef, 0xdf, 0xef, 0xdf, 0xf7,
    0xdf, 0xf7, 0xdf, 0xef, 0xdf, 0xf7, 0xde, 0xef, 0xdf, 0xef, 0xdf, 0xf7,
    0xde, 0xef, 0xdf, 0xef, 0xdf, 0xef, 0xde, 0xef, 0xdf, 0xef, 0xdf, 0xef,
    0xdf, 0xef, 0xde, 0xf7, 0xdf, 0xf7, 0xdf, 0xef, 0xdf, 0xf7, 0xdf, 0xf7,
    0xdf, 0xef, 0xdf, 0xf7, 0xdf, 0xf7, 0xdf, 0xef, 0xdf, 0xf7, 0x7e, 0xe7,
    0x5d, 0xe7, 0x5d, 0xdf, 0x7e, 0xe7, 0x9e, 0xe7, 0x9e, 0xe7, 0x9e, 0xe7,
    0x9e, 0xe7, 0x9e, 0xe7, 0x9e, 0xe7, 0x9e, 0xe7, 0x9e, 0xe7, 0x7e, 0xe7,
    0x9e, 0xe7, 0x9e, 0xe7, 0x7e, 0xe7, 0x9e, 0xe7, 0x9e, 0xe7, 0x7e, 0xe7,
    0x9e, 0xe7, 0x9e, 0xe7, 0x7e, 0xe7, 0x9e, 0xe7, 0x9e, 0xe7, 0x7e, 0xe7,
    0x9e, 0xe7, 0x9e, 0xe7, 0x9e, 0xe7, 0xfd, 0xde, 0x20, 0x00, 0x64, 0x31,
    0x24, 0x31, 0x24, 0x31, 0x44, 0x31, 0xc1, 0x18, 0x81, 0x10, 0xe2, 0x18,
    0xe2, 0x18, 0xe2, 0x18, 0xc1, 0x18, 0xc1, 0x10, 0xc1, 0x10, 0xa1, 0x10,
    0xe2, 0x18, 0xc1, 0x10, 0xc1, 0x18, 0xe2, 0x10, 0xc1, 0x10, 0xa1, 0x10,
    0xe2, 0x18, 0xe2, 0x18, 0xe2, 0x18, 0xe2, 0x18, 0xe2, 0x18, 0xe2, 0x18,
    0xe2, 0x18, 0xe2, 0x18, 0xe2, 0x18, 0xe2, 0x18, 0xe2, 0x18, 0xe2, 0x18,
    0xe2, 0x18, 0xe2, 0x18, 0xe2, 0x18, 0x20, 0x00, 0x5e, 0xe7, 0xff, 0xf7,
    0xdf, 0xf7, 0xdf, 0xf7, 0xdf, 0xf7, 0xdf, 0xef, 0xdf, 0xf7, 0xdf, 0xf7,
    0xdf, 0xef, 0xdf, 0xf7, 0xdf, 0xf7, 0xdf, 0xef, 0xdf, 0xf7, 0xdf, 0xef,
    0xdf, 0xef, 0xff, 0xf7, 0x5c, 0xdf, 0x9e, 0xe7, 0xde, 0xef, 0xde, 0xef,
    0x1c, 0xdf, 0x1d, 0xe7, 0x9e, 0xef, 0xdf, 0xef, 0xdf, 0xef, 0xbe, 0xef,
    0xf4, 0x94, 0xe2, 0x18, 0x9d, 0xf7, 0x90, 0x8c, 0x60, 0x08, 0xe2, 0x18,
    0xe2, 0x18, 0xe2, 0x18, 0xe2, 0x18, 0xc1, 0x18, 0x68, 0x21, 0x7f, 0x65,
    0x5e, 0xdf, 0x9f, 0x75, 0x13, 0x3b, 0xa0, 0x10, 0xe2, 0x18, 0xe2, 0x18,
    0xc1, 0x18, 0x86, 0x29, 0xe3, 0x20, 0x84, 0x29, 0xe7, 0x39, 0xc2, 0x10,
    0x44, 0x31, 0xe3, 0x18, 0x43, 0x29, 0x85, 0x29, 0xc1, 0x10, 0xe3, 0x18,
    0x45, 0x21, 0xa5, 0x31, 0xc1, 0x10, 0xe3, 0x18, 0xc1, 0x10, 0x03, 0x21,
    0xe2, 0x10, 0xc2, 0x18, 0x85, 0x31, 0xe3, 0x10, 0xc5, 0x39, 0xe2, 0x18,
    0xe2, 0x18, 0xa0, 0x10, 0x81, 0x08, 0xc5, 0x31, 0x80, 0x08, 0xe2, 0x18,
    0xe2, 0x18, 0xe2, 0x18, 0xe2, 0x18, 0xe2, 0x18, 0xe2, 0x18, 0xe2, 0x18,
    0xe2, 0x18, 0xe2, 0x18, 0xe2, 0x18, 0xe2, 0x18, 0xe2, 0x18, 0xe2, 0x18,
    0xe2, 0x18, 0xe2, 0x18, 0xe2, 0x18, 0xe2, 0x18, 0xe2, 0x18, 0xe2, 0x18,
    0xe2, 0x18, 0xe2, 0x18, 0xe2, 0x18, 0xe2, 0x18, 0xe2, 0x18, 0xe2, 0x18,
    0xe2, 0x18, 0xe2, 0x18, 0xe2, 0x18, 0xe2, 0x18, 0xe2, 0x18, 0xe2, 0x18,
    0xe2, 0x18, 0xe2, 0x18, 0xe2, 0x18, 0xe2, 0x18, 0xe2, 0x18, 0xe2, 0x18,
    0xe2, 0x18, 0xe2, 0x18, 0xe2, 0x18, 0xe2, 0x18, 0xe2, 0x18, 0xe2, 0x18,
    0xe2, 0x18, 0xe2, 0x18, 0xe2, 0x18, 0xe2, 0x18, 0xe2, 0x18, 0xe2, 0x18,
    0xe2, 0x18, 0xe2, 0x18, 0xe2, 0x18, 0xe2, 0x18, 0xe2, 0x18, 0xe2, 0x18,
    0xe2, 0x18, 0xe2, 0x18, 0xe2, 0x18, 0xe2, 0x18, 0xe2, 0x18, 0xe2, 0x18,
    0xe2, 0x18, 0xe2, 0x18, 0xe2, 0x18, 0xe2, 0x18, 0xe2, 0x18, 0xe2, 0x18,
    0x10, 0x84, 0xcf, 0x7b, 0xa9, 0x52, 0x00, 0x00, 0x9a, 0xc6, 0xff, 0xf7,
    0x14, 0x9d, 0x29, 0x8c, 0x36, 0xdf, 0xdf, 0xef, 0xff, 0xf7, 0xff, 0xf7,
    0xde, 0xef, 0xde, 0xef, 0xff, 0xf7, 0xbe, 0xef, 0x9e, 0xef, 0xde, 0xef,
    0xde, 0xef, 0xbe, 0xef, 0x7f, 0xf7, 0x7e, 0xf7, 0xbe, 0xef, 0xbe, 0xef,
    0xbe, 0xef, 0x9e, 0xef, 0x7e, 0xe7, 0x7d, 0xe7, 0x5d, 0xe7, 0x5d, 0xe7,
    0x7d, 0xe7, 0x7d, 0xe7, 0x7d, 0xe7, 0x5d, 0xe7, 0x3c, 0xdf, 0x1c, 0xd7,
    0x3c, 0xdf, 0x3c, 0xdf, 0x1c, 0xd7, 0x1c, 0xdf, 0x1c, 0xd7, 0x1c, 0xd7,
    0x1c, 0xdf, 0x1c, 0xd7, 0x1c, 0xd7, 0x1c, 0xdf, 0x1c, 0xd7, 0x1c, 0xdf,
    0x1c, 0xdf, 0x1c, 0xd7, 0x1c, 0xdf, 0x1c, 0xd7, 0x1c, 0xdf, 0x1c, 0xdf,
    0x1c, 0xd7, 0x1c, 0xdf, 0x1c, 0xdf, 0x3c, 0xd7, 0x1c, 0xdf, 0x1c, 0xdf,
    0x1c, 0xd7, 0x3c, 0xdf, 0x3c, 0xdf, 0x9b, 0xd6, 0xc0, 0x10, 0x54, 0xd6,
    0x33, 0xdd, 0xb2, 0xec, 0x54, 0xdd, 0x41, 0x08, 0x30, 0x84, 0x40, 0x00,
    0x81, 0x08, 0x60, 0x08, 0x65, 0x19, 0x64, 0x39, 0xe8, 0x31, 0x30, 0x84,
    0x20, 0x00, 0x6a, 0x4a, 0x86, 0x21, 0x03, 0x29, 0xc7, 0x31, 0x0a, 0x63,
    0xa1, 0x10, 0xe2, 0x18, 0xe2, 0x18, 0xe2, 0x18, 0xe2, 0x18, 0xe2, 0x18,
    0xe2, 0x18, 0xe2, 0x18, 0xe2, 0x18, 0xe2, 0x18, 0xe2, 0x18, 0xe2, 0x18,
    0xe2, 0x18, 0xe2, 0x18, 0xe2, 0x18, 0x00, 0x00, 0xfc, 0xde, 0x9d, 0xe7,
    0x7d, 0xe7, 0x7d, 0xe7, 0x7d, 0xe7, 0x7d, 0xe7, 0x7d, 0xe7, 0x7d, 0xe7,
    0x7d, 0xe7, 0x7d, 0xe7, 0x7d, 0xe7, 0x7d, 0xe7, 0x7d, 0xe7, 0x7d, 0xe7,
    0x7d, 0xe7, 0x7d, 0xe7, 0xfb, 0xd6, 0x7d, 0xe7, 0x7d, 0xe7, 0x9d, 0xe7,
    0xb8, 0xbd, 0x39, 0xce, 0x18, 0xbe, 0x9d, 0xe7, 0x7d, 0xe7, 0x1c, 0xdf,
    0x38, 0xbe, 0xea, 0x5a, 0x0f, 0x84, 0x78, 0xce, 0xc2, 0x18, 0xc2, 0x18,
    0xe2, 0x18, 0xe2, 0x18, 0xe2, 0x18, 0xa0, 0x10, 0x4d, 0x32, 0x5f, 0x4c,
    0x7e, 0x85, 0x3e, 0x54, 0x36, 0x3b, 0xa0, 0x10, 0xe2, 0x18, 0xe2, 0x18,
    0xc1, 0x10, 0x46, 0x29, 0xd3, 0x84, 0x2d, 0x73, 0x0d, 0x5b, 0x91, 0x94,
    0x23, 0x21, 0x8a, 0x42, 0xec, 0x6a, 0xd1, 0x94, 0x00, 0x00, 0xae, 0x7b,
    0xef, 0x6b, 0xe6, 0x41, 0x80, 0x08, 0xaf, 0x73, 0x6b, 0x42, 0x47, 0x5a,
    0xec, 0x42, 0x6a, 0x62, 0x0f, 0x7c, 0xe2, 0x18, 0x4c, 0x5b, 0x8e, 0x73,
    0x40, 0x08, 0xd0, 0x6b, 0x4d, 0x63, 0xcc, 0x5a, 0xae, 0x7b, 0x81, 0x10,
    0xe2, 0x18, 0xe2, 0x18, 0xe2, 0x18, 0xe2, 0x18, 0xe2, 0x18, 0xe2, 0x18,
    0xe2, 0x18, 0xe2, 0x18, 0xe2, 0x18, 0xe2, 0x18, 0xe2, 0x18, 0xe2, 0x18,
    0xe2, 0x18, 0xe2, 0x18, 0xe2, 0x18, 0xe2, 0x18, 0xe2, 0x18, 0xe2, 0x18,
    0xe2, 0x18, 0xe2, 0x18, 0xe2, 0x18, 0xe2, 0x18, 0xe2, 0x18, 0xe2, 0x18,
    0xe2, 0x18, 0xe2, 0x18, 0xe2, 0x18, 0xe2, 0x18, 0xe2, 0x18, 0xe2, 0x18,
    0xe2, 0x18, 0xe2, 0x18, 0xe2, 0x18, 0xe2, 0x18, 0xe2, 0x18, 0xe2, 0x18,
    0xe2, 0x18, 0xe2, 0x18, 0xe2, 0x18, 0xe2, 0x18, 0xe2, 0x18, 0xe2, 0x18,
    0xe2, 0x18, 0xe2, 0x18, 0xe2, 0x18, 0xe2, 0x18, 0xe2, 0x18, 0xe2, 0x18,
    0xe2, 0x18, 0xe2, 0x18, 0xe2, 0x18, 0xe2, 0x18, 0xe2, 0x18, 0xe2, 0x18,
    0xe2, 0x18, 0xe2, 0x18, 0xe2, 0x18, 0xe2, 0x18, 0xe2, 0x18, 0xe2, 0x18,
    0xe2, 0x18, 0xe2, 0x18, 0xe2, 0x18, 0xe2, 0x18, 0xe2, 0x18, 0xe2, 0x18,
    0x10, 0x84, 0xcf, 0x7b, 0xa9, 0x52, 0x00, 0x00, 0x99, 0xc6, 0xff, 0xf7,
    0xb5, 0xb5, 0xd2, 0x9c, 0xb1, 0xd6, 0xb9, 0xd6, 0x14, 0x9d, 0xb6, 0xad,
    0x1b, 0xc7, 0xfa, 0xde, 0xf5, 0x94, 0xff, 0xff, 0xff, 0xff, 0x99, 0xd6,
    0x7a, 0xbe, 0xff, 0xff, 0x9f, 0xff, 0xff, 0xf7, 0xff, 0xf7, 0x1c, 0xe7,
    0x1c, 0xdf, 0xff, 0xf7, 0xff, 0xf7, 0x7d, 0xe7, 0x7d, 0xe7, 0x7d, 0xdf,
    0x7d, 0xe7, 0x7d, 0xdf, 0x5c, 0xdf, 0x1c, 0xd7, 0x1c, 0xd7, 0x3c, 0xdf,
    0x1b, 0xdf, 0x3c, 0xd7, 0x3c, 0xdf, 0x3c, 0xdf, 0x3c, 0xdf, 0x1c, 0xdf,
    0x3b, 0xdf, 0x3c, 0xdf, 0x1c, 0xdf, 0x3b, 0xdf, 0x3c, 0xd7, 0x3c, 0xdf,
    0x3c, 0xdf, 0x3c, 0xd7, 0x3c, 0xdf, 0x3c, 0xdf, 0x3c, 0xd7, 0x3c, 0xdf,
    0x3c, 0xdf, 0x3c, 0xdf, 0x1c, 0xd7, 0x3c, 0xdf, 0x3c, 0xdf, 0x1c, 0xd7,
    0x3c, 0xdf, 0x3c, 0xdf, 0x3c, 0xdf, 0x9b, 0xd6, 0xa1, 0x08, 0x13, 0xa7,
    0xb1, 0xad, 0x51, 0xb5, 0x12, 0xb6, 0xc3, 0x10, 0x6c, 0x6b, 0x90, 0x73,
    0x10, 0x84, 0x94, 0x94, 0xb2, 0x8c, 0xef, 0x8b, 0x40, 0x00, 0x49, 0x4a,
    0x73, 0x84, 0x51, 0x94, 0x72, 0x7c, 0x31, 0x8c, 0x89, 0x52, 0x0c, 0x63,
    0xa1, 0x10, 0xe2, 0x18, 0xe2, 0x18, 0xe2, 0x18, 0xe2, 0x18, 0xe2, 0x18,
    0xe2, 0x18, 0xe2, 0x18, 0xe2, 0x18, 0xe2, 0x18, 0xe2, 0x18, 0xe2, 0x18,
    0xe2, 0x18, 0xe2, 0x18, 0xe2, 0x18, 0x00, 0x00, 0xfd, 0xde, 0x9d, 0xe7,
    0x7d, 0xe7, 0x7d, 0xdf, 0x7d, 0xe7, 0x7d, 0xe7, 0x7d, 0xdf, 0x7d, 0xe7,
    0x7d, 0xe7, 0x7d, 0xdf, 0x7d, 0xe7, 0x7d, 0xe7, 0x7d, 0xe7, 0x7d, 0xe7,
    0x7d, 0xe7, 0x7d, 0xe7, 0xfb, 0xce, 0x7d, 0xe7, 0x7d, 0xe7, 0x9d, 0xe7,
    0x39, 0xc6, 0xf8, 0xc5, 0xfd, 0xde, 0x7d, 0xe7, 0x7d, 0xe7, 0x1c, 0xd7,
    0x38, 0xbe, 0xea, 0x5a, 0xee, 0x7b, 0x78, 0xce, 0xc1, 0x18, 0xe2, 0x18,
    0xe2, 0x18, 0xe2, 0x18, 0xe2, 0x18, 0xc1, 0x18, 0xcb, 0x21, 0xbf, 0x33,
    0xdc, 0x74, 0x7d, 0x2b, 0xd4, 0x32, 0xa0, 0x18, 0xe2, 0x18, 0xe2, 0x18,
    0xc1, 0x10, 0xc7, 0x31, 0xce, 0x63, 0xaa, 0x62, 0xca, 0x5a, 0xaa, 0x4a,
    0xcf, 0x7b, 0xae, 0x63, 0x0d, 0x53, 0x50, 0x94, 0xa9, 0x52, 0x6a, 0x52,
    0x40, 0x00, 0x6d, 0x73, 0x40, 0x08, 0x6a, 0x4a, 0x6f, 0x5b, 0x4b, 0x73,
    0xa7, 0x21, 0xab, 0x62, 0x0f, 0x84, 0x81, 0x10, 0xce, 0x6b, 0x49, 0x52,
    0xa1, 0x10, 0x2e, 0x53, 0x6f, 0x73, 0xf2, 0x94, 0x4a, 0x52, 0xa1, 0x10,
    0xe2, 0x18, 0xe2, 0x18, 0xe2, 0x18, 0xe2, 0x18, 0xe2, 0x18, 0xe2, 0x18,
    0xe2, 0x18, 0xe2, 0x18, 0xe2, 0x18, 0xe2, 0x18, 0xe2, 0x18, 0xe2, 0x18,
    0xe2, 0x18, 0xe2, 0x18, 0xe2, 0x18, 0xe2, 0x18, 0xe2, 0x18, 0xe2, 0x18,
    0xe2, 0x18, 0xe2, 0x18, 0xe2, 0x18, 0xe2, 0x18, 0xe2, 0x18, 0xe2, 0x18,
    0xe2, 0x18, 0xe2, 0x18, 0xe2, 0x18, 0xe2, 0x18, 0xe2, 0x18, 0xe2, 0x18,
    0xe2, 0x18, 0xe2, 0x18, 0xe2, 0x18, 0xe2, 0x18, 0xe2, 0x18, 0xe2, 0x18,
    0xe2, 0x18, 0xe2, 0x18, 0xe2, 0x18, 0xe2, 0x18, 0xe2, 0x18, 0xe2, 0x18,
    0xe2, 0x18, 0xe2, 0x18, 0xe2, 0x18, 0xe2, 0x18, 0xe2, 0x18, 0xe2, 0x18,
    0xe2, 0x18, 0xe2, 0x18, 0xe2, 0x18, 0xe2, 0x18, 0xe2, 0x18, 0xe2, 0x18,
    0xe2, 0x18, 0xe2, 0x18, 0xe2, 0x18, 0xe2, 0x18, 0xe2, 0x18, 0xe2, 0x18,
    0xe2, 0x18, 0xe2, 0x18, 0xe2, 0x18, 0xe2, 0x18, 0xe2, 0x18, 0xe2, 0x18,
    0x10, 0x84, 0xcf, 0x7b, 0xa9, 0x52, 0x00, 0x00, 0xdb, 0xce, 0xf4, 0xac,
    0x34, 0xad, 0xf0, 0x7b, 0x4e, 0xce, 0x36, 0xce, 0x97, 0xa5, 0xd6, 0xc5,
    0xfb, 0xb6, 0x77, 0xb5, 0xff, 0xff, 0x10, 0x84, 0xb3, 0x8c, 0x70, 0x7b,
    0x95, 0x9d, 0x30, 0x7c, 0x75, 0xbe, 0xb2, 0x74, 0x10, 0x8c, 0xd1, 0x7b,
    0xf3, 0xac, 0x35, 0x9d, 0xed, 0x6a, 0xbe, 0xe7, 0x7d, 0xe7, 0x7d, 0xe7,
    0x7d, 0xe7, 0x3c, 0xdf, 0x1c, 0xd7, 0x1c, 0xdf, 0x3c, 0xdf, 0x1c, 0xd7,
    0x1c, 0xdf, 0x3c, 0xdf, 0x1c, 0xd7, 0x1b, 0xdf, 0x3c, 0xd7, 0x3c, 0xd7,
    0x1c, 0xdf, 0x3c, 0xd7, 0x3c, 0xdf, 0x1c, 0xd7, 0x1c, 0xdf, 0x3c, 0xdf,
    0x1b, 0xd7, 0x1c, 0xdf, 0x3c, 0xdf, 0x1c, 0xd7, 0x1c, 0xdf, 0x3b, 0xd7,
    0x1c, 0xdf, 0x3c, 0xd7, 0x1b, 0xdf, 0x1c, 0xdf, 0x3c, 0xd7, 0x1b, 0xdf,
    0x3c, 0xdf, 0x1c, 0xd7, 0x3c, 0xdf, 0xbb, 0xd6, 0x81, 0x08, 0xd7, 0x96,
    0xf2, 0x96, 0xf1, 0x96, 0xd5, 0x9e, 0x82, 0x08, 0x30, 0x7c, 0x2e, 0x6b,
    0xf3, 0x8c, 0xb0, 0x83, 0x0a, 0x53, 0x50, 0x94, 0x60, 0x08, 0xaa, 0x52,
    0xf0, 0x6b, 0xf3, 0xa4, 0xf1, 0x6b, 0x92, 0x8c, 0xef, 0x73, 0x8c, 0x73,
    0xa1, 0x10, 0xe2, 0x18, 0xe2, 0x18, 0xe2, 0x18, 0xe2, 0x18, 0xe2, 0x18,
    0xe2, 0x18, 0xe2, 0x18, 0xe2, 0x18, 0xe2, 0x18, 0xe2, 0x18, 0xe2, 0x18,
    0xe2, 0x18, 0xe2, 0x18, 0xe2, 0x18, 0x20, 0x00, 0xfc, 0xde, 0x9d, 0xe7,
    0x7d, 0xe7, 0x5d, 0xe7, 0x7d, 0xe7, 0x7d, 0xdf, 0x5d, 0xe7, 0x7d, 0xe7,
    0x7d, 0xe7, 0x5d, 0xdf, 0x7d, 0xe7, 0x7d, 0xdf, 0x5d, 0xdf, 0x7d, 0xe7,
    0x7d, 0xdf, 0x7d, 0xe7, 0xdb, 0xd6, 0x7d, 0xe7, 0x7d, 0xe7, 0x9e, 0xe7,
    0xb8, 0xbd, 0x16, 0xad, 0x39, 0xc6, 0x9d, 0xe7, 0x7d, 0xe7, 0x3c, 0xdf,
    0x58, 0xbe, 0xe2, 0x18, 0x9d, 0xf7, 0x91, 0x94, 0x60, 0x08, 0xe2, 0x18,
    0xe2, 0x18, 0xe2, 0x18, 0xe2, 0x18, 0xc1, 0x18, 0x04, 0x19, 0xff, 0x1a,
    0x3d, 0xb6, 0xfe, 0x1a, 0xac, 0x21, 0xc1, 0x18, 0xe2, 0x18, 0xe2, 0x18,
    0xc1, 0x10, 0xcb, 0x52, 0x29, 0x42, 0x89, 0x4a, 0xad, 0x6b, 0x69, 0x4a,
    0x84, 0x31, 0x24, 0x19, 0x07, 0x42, 0x2c, 0x5b, 0x40, 0x08, 0x2c, 0x5b,
    0xaa, 0x52, 0x8a, 0x4a, 0xca, 0x52, 0x6c, 0x6b, 0x61, 0x08, 0x69, 0x4a,
    0x89, 0x4a, 0x48, 0x42, 0x89, 0x4a, 0xca, 0x52, 0x68, 0x52, 0x2c, 0x63,
    0x27, 0x42, 0xc7, 0x31, 0x08, 0x42, 0x08, 0x32, 0x72, 0x94, 0x80, 0x10,
    0xe2, 0x18, 0xe2, 0x18, 0xe2, 0x18, 0xe2, 0x18, 0xe2, 0x18, 0xe2, 0x18,
    0xe2, 0x18, 0xe2, 0x18, 0xe2, 0x18, 0xe2, 0x18, 0xe2, 0x18, 0xe2, 0x18,
    0xe2, 0x18, 0xe2, 0x18, 0xe2, 0x18, 0xe2, 0x18, 0xe2, 0x18, 0xe2, 0x18,
    0xe2, 0x18, 0xe2, 0x18, 0xe2, 0x18, 0xe2, 0x18, 0xe2, 0x18, 0xe2, 0x18,
    0xe2, 0x18, 0xe2, 0x18, 0xe2, 0x18, 0xe2, 0x18, 0xe2, 0x18, 0xe2, 0x18,
    0xe2, 0x18, 0xe2, 0x18, 0xe2, 0x18, 0xe2, 0x18, 0xe2, 0x18, 0xe2, 0x18,
    0xe2, 0x18, 0xe2, 0x18, 0xe2, 0x18, 0xe2, 0x18, 0xe2, 0x18, 0xe2, 0x18,
    0xe2, 0x18, 0xe2, 0x18, 0xe2, 0x18, 0xe2, 0x18, 0xe2, 0x18, 0xe2, 0x18,
    0xe2, 0x18, 0xe2, 0x18, 0xe2, 0x18, 0xe2, 0x18, 0xe2, 0x18, 0xe2, 0x18,
    0xe2, 0x18, 0xe2, 0x18, 0xe2, 0x18, 0xe2, 0x18, 0xe2, 0x18, 0xe2, 0x18,
    0xe2, 0x18, 0xe2, 0x18, 0xe2, 0x18, 0xe2, 0x18, 0xe2, 0x18, 0xe2, 0x18,
    0x10, 0x84, 0xcf, 0x7b, 0xa9, 0x52, 0x00, 0x00, 0xdb, 0xce, 0x71, 0xb4,
    0xd6, 0xb5, 0x14, 0x9d, 0x2d, 0xa5, 0x77, 0xce, 0x3d, 0xd7, 0xb0, 0x9c,
    0x93, 0x7c, 0x58, 0xd6, 0x33, 0xad, 0xcf, 0x73, 0xb9, 0xb5, 0x13, 0x8c,
    0x54, 0xa5, 0x10, 0x74, 0x0f, 0x94, 0xb5, 0x85, 0xce, 0x8b, 0x94, 0x94,
    0x50, 0x9c, 0xd3, 0x94, 0x13, 0xa4, 0x5d, 0xd7, 0x7d, 0xe7, 0x7d, 0xe7,
    0x3c, 0xdf, 0x1c, 0xd7, 0x1c, 0xdf, 0x3c, 0xdf, 0x3b, 0xdf, 0x1c, 0xd7,
    0x3c, 0xdf, 0x3c, 0xdf, 0x1c, 0xd7, 0x1c, 0xdf, 0x3c, 0xdf, 0x1c, 0xd7,
    0x1c, 0xdf, 0x1c, 0xdf, 0x3c, 0xd7, 0x1c, 0xdf, 0x1c, 0xdf, 0x3c, 0xd7,
    0x1c, 0xd7, 0x1c, 0xdf, 0x3c, 0xdf, 0x1b, 0xd7, 0x1c, 0xdf, 0x3c, 0xdf,
    0x1c, 0xd7, 0x1c, 0xdf, 0x3c, 0xdf, 0x3c, 0xd7, 0x1c, 0xdf, 0x3c, 0xd7,
    0x1c, 0xdf, 0x3c, 0xd7, 0x3c, 0xdf, 0xbb, 0xd6, 0x41, 0x08, 0x13, 0x6c,
    0x4e, 0x64, 0x8e, 0x64, 0x6f, 0x6c, 0x81, 0x08, 0xc1, 0x18, 0xec, 0x62,
    0x80, 0x08, 0xe2, 0x18, 0xc1, 0x10, 0xc1, 0x10, 0xe2, 0x18, 0xc2, 0x10,
    0xc2, 0x18, 0xc1, 0x10, 0xc1, 0x10, 0xa1, 0x10, 0xe2, 0x18, 0x02, 0x19,
    0xc2, 0x18, 0xe2, 0x18, 0xe2, 0x18, 0xe2, 0x18, 0xe2, 0x18, 0xe2, 0x18,
    0xe2, 0x18, 0xe2, 0x18, 0xe2, 0x18, 0xe2, 0x18, 0xe2, 0x18, 0xe2, 0x18,
    0xe2, 0x18, 0xe2, 0x18, 0xe2, 0x18, 0x20, 0x00, 0xdc, 0xd6, 0x9d, 0xe7,
    0x7d, 0xe7, 0x5d, 0xe7, 0x7d, 0xe7, 0x7d, 0xe7, 0x5d, 0xdf, 0x7d, 0xe7,
    0x7d, 0xe7, 0x7d, 0xe7, 0x7d, 0xe7, 0x7d, 0xe7, 0x5d, 0xe7, 0x7d, 0xe7,
    0x7d, 0xe7, 0x7d, 0xe7, 0x3c, 0xdf, 0xfb, 0xd6, 0x5d, 0xdf, 0x5d, 0xdf,
    0x7d, 0xe7, 0x9e, 0xe7, 0x7d, 0xe7, 0x5d, 0xdf, 0x5d, 0xdf, 0xdc, 0xde,
    0x79, 0xc6, 0x00, 0x00, 0xe2, 0x18, 0x80, 0x08, 0xe2, 0x18, 0xe2, 0x18,
    0xe2, 0x18, 0xe2, 0x18, 0xe2, 0x18, 0xe2, 0x18, 0xc0, 0x18, 0xce, 0x29,
    0x3f, 0x0a, 0x17, 0x22, 0xc0, 0x18, 0xe2, 0x18, 0xe2, 0x18, 0xe2, 0x18,
    0xe2, 0x18, 0xa1, 0x10, 0xc1, 0x10, 0xa1, 0x10, 0xa1, 0x10, 0xc1, 0x10,
    0xc2, 0x18, 0xc2, 0x18, 0xc1, 0x10, 0xa1, 0x10, 0xe2, 0x18, 0xa1, 0x10,
    0xa1, 0x10, 0xe2, 0x18, 0x23, 0x21, 0xa1, 0x10, 0xe2, 0x18, 0xa1, 0x10,
    0xa1, 0x10, 0xc1, 0x10, 0xa1, 0x10, 0xa1, 0x10, 0xa1, 0x10, 0xa1, 0x10,
    0xc1, 0x10, 0xc1, 0x10, 0xa1, 0x10, 0x04, 0x19, 0x67, 0x4a, 0xc1, 0x10,
    0xe2, 0x18, 0xe2, 0x18, 0xe2, 0x18, 0xe2, 0x18, 0xe2, 0x18, 0xe2, 0x18,
    0xe2, 0x18, 0xe2, 0x18, 0xe2, 0x18, 0xe2, 0x18, 0xe2, 0x18, 0xe2, 0x18,
    0xe2, 0x18, 0xe2, 0x18, 0xe2, 0x18, 0xe2, 0x18, 0xe2, 0x18, 0xe2, 0x18,
    0xe2, 0x18, 0xe2, 0x18, 0xe2, 0x18, 0xe2, 0x18, 0xe2, 0x18, 0xe2, 0x18,
    0xe2, 0x18, 0xe2, 0x18, 0xe2, 0x18, 0xe2, 0x18, 0xe2, 0x18, 0xe2, 0x18,
    0xe2, 0x18, 0xe2, 0x18, 0xe2, 0x18, 0xe2, 0x18, 0xe2, 0x18, 0xe2, 0x18,
    0xe2, 0x18, 0xe2, 0x18, 0xe2, 0x18, 0xe2, 0x18, 0xe2, 0x18, 0xe2, 0x18,
    0xe2, 0x18, 0xe2, 0x18, 0xe2, 0x18, 0xe2, 0x18, 0xe2, 0x18, 0xe2, 0x18,
    0xe2, 0x18, 0xe2, 0x18, 0xe2, 0x18, 0xe2, 0x18, 0xe2, 0x18, 0xe2, 0x18,
    0xe2, 0x18, 0xe2, 0x18, 0xe2, 0x18, 0xe2, 0x18, 0xe2, 0x18, 0xe2, 0x18,
    0xe2, 0x18, 0xe2, 0x18, 0xe2, 0x18, 0xe2, 0x18, 0xe2, 0x18, 0xe2, 0x18,
    0x10, 0x84, 0xcf, 0x7b, 0xca, 0x52, 0x00, 0x00, 0xba, 0xc6, 0x18, 0xc6,
    0x61, 0x50, 0xc2, 0x40, 0xbe, 0xef, 0xdf, 0xf7, 0xde, 0xef, 0xff, 0xf7,
    0xff, 0xf7, 0xdf, 0xef, 0xff, 0xef, 0xff, 0xff, 0xdf, 0xf7, 0xff, 0xf7,
    0xfe, 0xff, 0xb2, 0x8c, 0xff, 0xff, 0xdf, 0xf7, 0xff, 0xff, 0xff, 0xf7,
    0xff, 0xff, 0xff, 0xf7, 0xdf, 0xf7, 0x7d, 0xe7, 0x7d, 0xe7, 0x3c, 0xdf,
    0x1c, 0xd7, 0x1c, 0xdf, 0x3c, 0xd7, 0x3c, 0xdf, 0x1c, 0xd7, 0x1c, 0xdf,
    0x3c, 0xd7, 0x1b, 0xdf, 0x3c, 0xdf, 0x3c, 0xd7, 0x1c, 0xdf, 0x3b, 0xdf,
    0x3c, 0xd7, 0x1c, 0xdf, 0x3b, 0xdf, 0x3c, 0xd7, 0x3c, 0xdf, 0x3c, 0xdf,
    0x1c, 0xd7, 0x3c, 0xdf, 0x3c, 0xdf, 0x3c, 0xd7, 0x1c, 0xdf, 0x3c, 0xdf,
    0x3c, 0xd7, 0x1c, 0xdf, 0x3c, 0xd7, 0x1c, 0xdf, 0x3c, 0xdf, 0x1c, 0xd7,
    0x3c, 0xdf, 0x1c, 0xdf, 0x3c, 0xdf, 0xbb, 0xd6, 0x00, 0x00, 0x60, 0x08,
    0x60, 0x08, 0x40, 0x08, 0x60, 0x08, 0xe2, 0x18, 0xc2, 0x18, 0xa1, 0x10,
    0xe2, 0x18, 0xe2, 0x18, 0xe2, 0x18, 0xe2, 0x18, 0xe2, 0x18, 0xe2, 0x18,
    0xe2, 0x18, 0xc2, 0x18, 0xe2, 0x18, 0xe2, 0x18, 0xe2, 0x18, 0xc2, 0x18,
    0xe2, 0x18, 0xe2, 0x18, 0xe2, 0x18, 0xe2, 0x18, 0xe2, 0x18, 0xe2, 0x18,
    0xe2, 0x18, 0xe2, 0x18, 0xe2, 0x18, 0xe2, 0x18, 0xe2, 0x18, 0xe2, 0x18,
    0xe2, 0x18, 0xe2, 0x18, 0xe2, 0x18, 0x20, 0x00, 0xbb, 0xd6, 0x3c, 0xdf,
    0x7d, 0xe7, 0x7d, 0xdf, 0x7d, 0xe7, 0x7d, 0xe7, 0x7d, 0xe7, 0x5d, 0xdf,
    0x7d, 0xe7, 0x7d, 0xe7, 0x5d, 0xdf, 0x7d, 0xe7, 0x7d, 0xe7, 0x5d, 0xdf,
    0x7d, 0xe7, 0x7d, 0xe7, 0x7d, 0xe7, 0x1c, 0xd7, 0xda, 0xce, 0xda, 0xce,
    0xda, 0xce, 0xda, 0xce, 0xda, 0xce, 0xba, 0xce, 0xba, 0xce, 0xbe, 0xef,
    0x59, 0xc6, 0x40, 0x08, 0xe2, 0x18, 0xe2, 0x18, 0xe2, 0x18, 0xe2, 0x18,
    0xe2, 0x18, 0xe2, 0x18, 0xe2, 0x18, 0xe2, 0x18, 0xe2, 0x18, 0xc1, 0x10,
    0x48, 0x19, 0xc2, 0x10, 0xe2, 0x18, 0xe2, 0x18, 0xe2, 0x18, 0xe2, 0x18,
    0xe2, 0x18, 0xe2, 0x18, 0xe2, 0x18, 0xe2, 0x18, 0xe2, 0x18, 0xe2, 0x18,
    0xe2, 0x18, 0xe2, 0x18, 0xe2, 0x18, 0xe2, 0x18, 0xe2, 0x18, 0xe2, 0x18,
    0xe2, 0x18, 0xe2, 0x18, 0xc2, 0x18, 0xe2, 0x18, 0xe2, 0x18, 0xe2, 0x18,
    0xe2, 0x18, 0xe2, 0x18, 0xe2, 0x18, 0xe2, 0x18, 0xe2, 0x18, 0xe2, 0x18,
    0xe2, 0x18, 0xe2, 0x18, 0xe2, 0x18, 0xc2, 0x18, 0xc1, 0x10, 0xe2, 0x18,
    0xe2, 0x18, 0xe2, 0x18, 0xe2, 0x18, 0xe2, 0x18, 0xe2, 0x18, 0xe2, 0x18,
    0xe2, 0x18, 0xe2, 0x18, 0xe2, 0x18, 0xe2, 0x18, 0xe2, 0x18, 0xe2, 0x18,
    0xe2, 0x18, 0xe2, 0x18, 0xe2, 0x18, 0xe2, 0x18, 0xe2, 0x18, 0xe2, 0x18,
    0xe2, 0x18, 0xe2, 0x18, 0xe2, 0x18, 0xe2, 0x18, 0xe2, 0x18, 0xe2, 0x18,
    0xe2, 0x18, 0xe2, 0x18, 0xe2, 0x18, 0xe2, 0x18, 0xe2, 0x18, 0xe2, 0x18,
    0xe2, 0x18, 0xe2, 0x18, 0xe2, 0x18, 0xe2, 0x18, 0xe2, 0x18, 0xe2, 0x18,
    0xe2, 0x18, 0xe2, 0x18, 0xe2, 0x18, 0xe2, 0x18, 0xe2, 0x18, 0xe2, 0x18,
    0xe2, 0x18, 0xe2, 0x18, 0xe2, 0x18, 0xe2, 0x18, 0xe2, 0x18, 0xe2, 0x18,
    0xe2, 0x18, 0xe2, 0x18, 0xe2, 0x18, 0xe2, 0x18, 0xe2, 0x18, 0xe2, 0x18,
    0xe2, 0x18, 0xe2, 0x18, 0xe2, 0x18, 0xe2, 0x18, 0xe2, 0x18, 0xe2, 0x18,
    0xe2, 0x18, 0xe2, 0x18, 0xe2, 0x18, 0xe2, 0x18, 0xe2, 0x18, 0xe2, 0x18,
    0x10, 0x84, 0xf0, 0x7b, 0x85, 0x29, 0x00, 0x00, 0x99, 0xc6, 0xff, 0xef,
    0x3c, 0xe7, 0x7e, 0xef, 0x9e, 0xe7, 0x7d, 0xe7, 0x9e, 0xe7, 0x9d, 0xe7,
    0x9d, 0xe7, 0x9e, 0xe7, 0x9d, 0xe7, 0x9d, 0xe7, 0x9d, 0xe7, 0x9d, 0xe7,
    0x9e, 0xe7, 0xdf, 0xef, 0x5e, 0xef, 0x7e, 0xe7, 0x7d, 0xe7, 0x7d, 0xe7,
    0x7d, 0xe7, 0x7d, 0xdf, 0x7d, 0xe7, 0x7d, 0xe7, 0x5d, 0xdf, 0x1c, 0xd7,
    0x1c, 0xdf, 0x3c, 0xdf, 0x1c, 0xd7, 0x1c, 0xdf, 0x3c, 0xdf, 0x3c, 0xd7,
    0x1c, 0xdf, 0x1c, 0xd7, 0x3c, 0xdf, 0x1c, 0xd7, 0x1c, 0xdf, 0x3c, 0xdf,
    0x3c, 0xd7, 0x1c, 0xdf, 0x1c, 0xd7, 0x1c, 0xd7, 0x3b, 0xdf, 0x1c, 0xdf,
    0x1c, 0xd7, 0x3b, 0xdf, 0x1c, 0xdf, 0x1c, 0xd7, 0x3c, 0xdf, 0x1c, 0xd7,
    0x3b, 0xdf, 0x1c, 0xdf, 0x1c, 0xd7, 0x3b, 0xdf, 0x1c, 0xdf, 0x3c, 0xd7,
    0x1b, 0xdf, 0x3c, 0xd7, 0x5c, 0xdf, 0xbb, 0xd6, 0x40, 0x00, 0x27, 0x4a,
    0xc7, 0x49, 0xa6, 0x49, 0xe6, 0x51, 0xa1, 0x10, 0xa1, 0x10, 0xc1, 0x18,
    0xc2, 0x10, 0xc2, 0x18, 0xc1, 0x10, 0xc1, 0x10, 0xc1, 0x18, 0x80, 0x10,
    0xc1, 0x18, 0xa1, 0x10, 0xc1, 0x18, 0xc1, 0x10, 0xc1, 0x10, 0xa1, 0x10,
    0xe2, 0x18, 0xe2, 0x18, 0xe2, 0x18, 0xe2, 0x18, 0xe2, 0x18, 0xe2, 0x18,
    0xe2, 0x18, 0xe2, 0x18, 0xe2, 0x18, 0xe2, 0x18, 0xe2, 0x18, 0xe2, 0x18,
    0xe2, 0x18, 0xe2, 0x18, 0xe2, 0x18, 0x20, 0x00, 0xdc, 0xd6, 0x3c, 0xdf,
    0x1c, 0xd7, 0x5d, 0xe7, 0x7d, 0xe7, 0x7d, 0xe7, 0x7d, 0xe7, 0x7d, 0xe7,
    0x7d, 0xe7, 0x7d, 0xe7, 0x7d, 0xe7, 0x7d, 0xe7, 0x7d, 0xe7, 0x7d, 0xe7,
    0x7d, 0xe7, 0x7d, 0xe7, 0x7d, 0xe7, 0x7d, 0xe7, 0x7e, 0xe7, 0x7d, 0xe7,
    0x7e, 0xe7, 0x7e, 0xe7, 0x7d, 0xe7, 0x9e, 0xe7, 0x9d, 0xe7, 0x9e, 0xef,
    0x59, 0xbe, 0x20, 0x00, 0xc1, 0x18, 0xc1, 0x10, 0xc2, 0x10, 0xc1, 0x18,
    0xc1, 0x10, 0xc2, 0x10, 0xc1, 0x18, 0xc1, 0x18, 0xc1, 0x10, 0xc1, 0x18,
    0xc1, 0x18, 0xc1, 0x18, 0xc1, 0x10, 0xc1, 0x18, 0xc2, 0x18, 0xc1, 0x10,
    0xc2, 0x18, 0xc2, 0x18, 0xc1, 0x18, 0xc2, 0x18, 0xc2, 0x18, 0xc1, 0x18,
    0xc2, 0x18, 0xc1, 0x18, 0xc2, 0x18, 0xc1, 0x18, 0xc1, 0x18, 0xc2, 0x18,
    0xc1, 0x18, 0xc1, 0x10, 0xc1, 0x18, 0xc1, 0x18, 0xc1, 0x10, 0xc2, 0x18,
    0xc2, 0x18, 0xc1, 0x18, 0xc2, 0x18, 0xc2, 0x18, 0xc2, 0x18, 0xc2, 0x18,
    0xc2, 0x18, 0xc1, 0x18, 0xc2, 0x18, 0xc1, 0x18, 0xc1, 0x18, 0xc2, 0x10,
    0xc1, 0x18, 0xc1, 0x18, 0xc2, 0x10, 0xc1, 0x18, 0xc1, 0x10, 0xc2, 0x18,
    0xc1, 0x18, 0xc1, 0x10, 0xc2, 0x18, 0xc1, 0x18, 0xc2, 0x10, 0xc1, 0x18,
    0xc1, 0x18, 0xc2, 0x10, 0xc1, 0x18, 0xc1, 0x18, 0xc2, 0x10, 0xc1, 0x18,
    0xc1, 0x18, 0xc2, 0x10, 0xc1, 0x18, 0xc1, 0x18, 0xc2, 0x10, 0xc1, 0x18,
    0xc1, 0x18, 0xc2, 0x10, 0xc1, 0x18, 0xe2, 0x18, 0xe2, 0x18, 0xe2, 0x18,
    0xe2, 0x18, 0xe2, 0x18, 0xe2, 0x18, 0xe2, 0x18, 0xe2, 0x18, 0xe2, 0x18,
    0xe2, 0x18, 0xe2, 0x18, 0xe2, 0x18, 0xe2, 0x18, 0xe2, 0x18, 0xe2, 0x18,
    0xe2, 0x18, 0xe2, 0x18, 0xe2, 0x18, 0xe2, 0x18, 0xe2, 0x18, 0xe2, 0x18,
    0xe2, 0x18, 0xe2, 0x18, 0xe2, 0x18, 0xe2, 0x18, 0xe2, 0x18, 0xe2, 0x18,
    0xe2, 0x18, 0xe2, 0x18, 0xe2, 0x18, 0xe2, 0x18, 0xc1, 0x10, 0xc2, 0x10,
    0xc1, 0x18, 0xc2, 0x10, 0xc1, 0x10, 0xc1, 0x18, 0xc2, 0x10, 0xc2, 0x18,
    0x10, 0x84, 0xef, 0x83, 0x24, 0x21, 0xe3, 0x20, 0x79, 0xc6, 0xdf, 0xef,
    0xdf, 0xef, 0xdf, 0xef, 0xdf, 0xef, 0xde, 0xef, 0xbf, 0xef, 0xbf, 0xef,
    0xbe, 0xef, 0xbf, 0xef, 0xbf, 0xef, 0xbf, 0xef, 0xbf, 0xef, 0xbe, 0xef,
    0xbf, 0xef, 0xde, 0xef, 0xde, 0xef, 0xdf, 0xef, 0xdf, 0xef, 0xdf, 0xef,
    0xdf, 0xef, 0xdf, 0xef, 0xbf, 0xef, 0xbe, 0xef, 0x9e, 0xe7, 0xbe, 0xe7,
    0xbe, 0xef, 0x9e, 0xe7, 0xbe, 0xe7, 0x9e, 0xef, 0xbe, 0xe7, 0xbe, 0xe7,
    0x9e, 0xef, 0xbe, 0xe7, 0xbe, 0xef, 0x9d, 0xef, 0x9e, 0xe7, 0xbe, 0xef,
    0x9e, 0xef, 0xbe, 0xe7, 0xbe, 0xef, 0x9e, 0xef, 0x9e, 0xef, 0xbe, 0xe7,
    0xbe, 0xef, 0x9e, 0xe7, 0xbe, 0xe7, 0x9e, 0xef, 0xbe, 0xef, 0x9e, 0xe7,
    0xbe, 0xef, 0xbe, 0xef, 0x9e, 0xe7, 0xbe, 0xef, 0xbe, 0xe7, 0x9e, 0xef,
    0x9e, 0xef, 0xbe, 0xe7, 0xbe, 0xef, 0xfd, 0xde, 0xc0, 0x10, 0x54, 0xd6,
    0x12, 0xdd, 0xb2, 0xf4, 0x53, 0xdd, 0x82, 0x08, 0x30, 0x84, 0x03, 0x19,
    0x23, 0x21, 0x03, 0x21, 0x49, 0x32, 0xe7, 0x49, 0xc8, 0x31, 0x71, 0x8c,
    0x24, 0x21, 0xcc, 0x5a, 0x49, 0x32, 0x85, 0x41, 0xc7, 0x31, 0x4c, 0x63,
    0xa1, 0x10, 0xe2, 0x18, 0xe2, 0x18, 0xe2, 0x18, 0xe2, 0x18, 0xe2, 0x18,
    0xe2, 0x18, 0xe2, 0x18, 0xe2, 0x18, 0xe2, 0x18, 0xe2, 0x18, 0xe2, 0x18,
    0xe2, 0x18, 0xe2, 0x18, 0xe2, 0x18, 0x20, 0x00, 0x1d, 0xe7, 0xbe, 0xef,
    0xbe, 0xe7, 0x9e, 0xe7, 0xdf, 0xef, 0xdf, 0xef, 0xbe, 0xef, 0xdf, 0xef,
    0xde, 0xef, 0xbf, 0xef, 0xde, 0xef, 0xde, 0xef, 0xdf, 0xef, 0xdf, 0xef,
    0xbe, 0xef, 0xdf, 0xef, 0xdf, 0xef, 0xdf, 0xef, 0xdf, 0xef, 0xdf, 0xef,
    0xdf, 0xef, 0xdf, 0xef, 0xdf, 0xef, 0xdf, 0xef, 0xbf, 0xef, 0xde, 0xef,
    0x79, 0xc6, 0x03, 0x19, 0xa5, 0x29, 0xa5, 0x29, 0xa5, 0x29, 0xa5, 0x31,
    0xa5, 0x29, 0xa5, 0x29, 0xa5, 0x29, 0xa5, 0x29, 0xa5, 0x29, 0x85, 0x29,
    0xa5, 0x29, 0xa5, 0x29, 0x85, 0x29, 0xa5, 0x29, 0xa5, 0x29, 0xa5, 0x29,
    0xa5, 0x29, 0xa5, 0x29, 0xa5, 0x29, 0xa5, 0x29, 0xa5, 0x29, 0xa5, 0x29,
    0xa5, 0x29, 0xa5, 0x29, 0xa5, 0x29, 0xa5, 0x29, 0xa5, 0x29, 0xa5, 0x29,
    0xa5, 0x29, 0xa5, 0x29, 0xa5, 0x29, 0xa5, 0x29, 0xa6, 0x31, 0x23, 0x19,
    0xa5, 0x29, 0xa5, 0x29, 0xa5, 0x29, 0xa5, 0x31, 0xa5, 0x29, 0xa5, 0x29,
    0xa5, 0x29, 0xa5, 0x29, 0xa5, 0x29, 0xa5, 0x29, 0xa5, 0x29, 0xa5, 0x29,
    0xa5, 0x29, 0xa5, 0x29, 0xa5, 0x29, 0xa5, 0x29, 0xa5, 0x29, 0xa5, 0x29,
    0xa5, 0x29, 0xa5, 0x29, 0xa5, 0x29, 0xa5, 0x29, 0xa5, 0x29, 0xa5, 0x29,
    0xa5, 0x29, 0xa5, 0x29, 0xa5, 0x29, 0xa5, 0x29, 0xa5, 0x29, 0xa5, 0x29,
    0xa5, 0x29, 0xa5, 0x29, 0xa5, 0x29, 0xa5, 0x29, 0xa5, 0x29, 0xa5, 0x29,
    0xa5, 0x29, 0xa5, 0x29, 0xa6, 0x31, 0x03, 0x19, 0xc2, 0x18, 0xe2, 0x18,
    0xe2, 0x18, 0xe2, 0x18, 0xe2, 0x18, 0xe2, 0x18, 0xe2, 0x18, 0xe2, 0x18,
    0xe2, 0x18, 0xe2, 0x18, 0xe2, 0x18, 0xe2, 0x18, 0xe2, 0x18, 0xe2, 0x18,
    0xe2, 0x18, 0xe2, 0x18, 0xe2, 0x18, 0xe2, 0x18, 0xe2, 0x18, 0xe2, 0x18,
    0xe2, 0x18, 0xe2, 0x18, 0xe2, 0x18, 0xe2, 0x18, 0xe2, 0x18, 0xe2, 0x18,
    0xe2, 0x18, 0xe2, 0x18, 0xe2, 0x18, 0xc1, 0x10, 0xa5, 0x29, 0xa5, 0x29,
    0xa5, 0x29, 0xa6, 0x31, 0xa6, 0x31, 0xa5, 0x29, 0xa5, 0x29, 0x44, 0x29,
    0x10, 0x84, 0xcf, 0x7b, 0x8a, 0x52, 0xad, 0x5a, 0xdb, 0xd6, 0x30, 0x7c,
    0x80, 0x10, 0xe2, 0x18, 0xe2, 0x18, 0xe2, 0x18, 0xe2, 0x18, 0xe2, 0x18,
    0xe2, 0x18, 0xe2, 0x18, 0xe2, 0x18, 0xe2, 0x18, 0xe2, 0x18, 0xe2, 0x18,
    0xe2, 0x18, 0xe2, 0x18, 0xe2, 0x18, 0xc2, 0x18, 0xe2, 0x18, 0xc2, 0x18,
    0xe2, 0x18, 0xe2, 0x18, 0xe2, 0x18, 0xe2, 0x18, 0xe2, 0x18, 0xe2, 0x18,
    0xe2, 0x18, 0xe2, 0x18, 0xe2, 0x18, 0xe2, 0x18, 0xe2, 0x18, 0xe2, 0x18,
    0xe2, 0x18, 0xe2, 0x18, 0xe3, 0x10, 0xe3, 0x10, 0xe3, 0x10, 0xe3, 0x10,
    0xe3, 0x10, 0xe3, 0x10, 0xe3, 0x10, 0xe3, 0x10, 0xe3, 0x10, 0xe3, 0x10,
    0xe3, 0x10, 0xe3, 0x10, 0xe3, 0x10, 0xe3, 0x10, 0xe3, 0x10, 0xe3, 0x10,
    0xe3, 0x10, 0xe3, 0x10, 0xe3, 0x10, 0xe3, 0x10, 0xe3, 0x10, 0xe3, 0x10,
    0xe3, 0x10, 0xe3, 0x10, 0xc1, 0x18, 0xc7, 0x39, 0x23, 0x19, 0x33, 0x9f,
    0xf1, 0xa5, 0x91, 0xad, 0x53, 0xae, 0x62, 0x08, 0xce, 0x73, 0x0e, 0x63,
    0x10, 0x7c, 0x32, 0x8c, 0x0f, 0x74, 0xee, 0x83, 0x40, 0x00, 0x49, 0x4a,
    0xd0, 0x6b, 0x51, 0x94, 0x11, 0x74, 0x93, 0x94, 0xea, 0x62, 0x6d, 0x63,
    0xa1, 0x10, 0xe2, 0x18, 0xe2, 0x18, 0xe2, 0x18, 0xe2, 0x18, 0xe2, 0x18,
    0xe2, 0x18, 0xe2, 0x18, 0xe2, 0x18, 0xe2, 0x18, 0xe2, 0x18, 0xe2, 0x18,
    0xe2, 0x18, 0xe2, 0x18, 0xe2, 0x18, 0xa1, 0x10, 0xa7, 0x39, 0xc2, 0x18,
    0xe2, 0x18, 0xe2, 0x18, 0xe2, 0x18, 0xe2, 0x18, 0xe2, 0x18, 0xe2, 0x18,
    0xe2, 0x18, 0xe2, 0x18, 0xc2, 0x18, 0xe2, 0x18, 0xe2, 0x18, 0xc2, 0x18,
    0xe2, 0x18, 0xe2, 0x18, 0xe2, 0x18, 0xc2, 0x18, 0xe2, 0x18, 0xe2, 0x18,
    0xe2, 0x18, 0xe2, 0x18, 0xe2, 0x18, 0xe2, 0x18, 0x80, 0x10, 0x50, 0x84,
    0xdb, 0xce, 0x6d, 0x63, 0xcf, 0x6b, 0xaf, 0x6b, 0xaf, 0x6b, 0xcf, 0x6b,
    0xcf, 0x6b, 0xaf, 0x6b, 0xcf, 0x73, 0xcf, 0x6b, 0xcf, 0x6b, 0xcf, 0x6b,
    0xcf, 0x6b, 0xcf, 0x6b, 0xcf, 0x6b, 0xaf, 0x6b, 0xcf, 0x73, 0xcf, 0x6b,
    0xaf, 0x6b, 0xcf, 0x6b, 0xcf, 0x6b, 0xcf, 0x6b, 0xae, 0x6b, 0xcf, 0x6b,
    0xcf, 0x6b, 0xcf, 0x6b, 0xcf, 0x6b, 0xaf, 0x6b, 0xcf, 0x6b, 0xcf, 0x6b,
    0xcf, 0x6b, 0xaf, 0x6b, 0xcf, 0x6b, 0xcf, 0x6b, 0xef, 0x73, 0x48, 0x42,
    0xef, 0x73, 0xcf, 0x6b, 0xae, 0x6b, 0x4e, 0x5b, 0x4e, 0x63, 0xcf, 0x6b,
    0xcf, 0x6b, 0xcf, 0x6b, 0xcf, 0x6b, 0xcf, 0x6b, 0xaf, 0x6b, 0xcf, 0x6b,
    0xcf, 0x6b, 0xaf, 0x6b, 0xcf, 0x73, 0xcf, 0x6b, 0xcf, 0x6b, 0xcf, 0x6b,
    0xaf, 0x6b, 0xaf, 0x6b, 0xcf, 0x6b, 0xcf, 0x6b, 0xaf, 0x6b, 0xcf, 0x6b,
    0xaf, 0x6b, 0xcf, 0x6b, 0xcf, 0x6b, 0xaf, 0x6b, 0xcf, 0x73, 0xcf, 0x6b,
    0xaf, 0x6b, 0xaf, 0x6b, 0xcf, 0x6b, 0xcf, 0x6b, 0xcf, 0x73, 0xae, 0x6b,
    0xcf, 0x6b, 0xcf, 0x6b, 0x10, 0x74, 0x64, 0x29, 0x20, 0x00, 0x40, 0x08,
    0x40, 0x08, 0x40, 0x00, 0x40, 0x08, 0x40, 0x08, 0x40, 0x00, 0x40, 0x08,
    0x40, 0x08, 0x40, 0x00, 0x40, 0x08, 0x40, 0x08, 0x40, 0x00, 0x40, 0x08,
    0x40, 0x08, 0x40, 0x00, 0x40, 0x08, 0x40, 0x08, 0x40, 0x00, 0x40, 0x08,
    0x40, 0x08, 0x40, 0x00, 0x40, 0x08, 0x40, 0x08, 0x40, 0x00, 0x40, 0x08,
    0x40, 0x08, 0x40, 0x00, 0x40, 0x08, 0x40, 0x08, 0x30, 0x7c, 0xcf, 0x6b,
    0xef, 0x73, 0x6d, 0x63, 0xae, 0x6b, 0xcf, 0x6b, 0xef, 0x73, 0xcb, 0x4a,
    0x10, 0x84, 0xcf, 0x7b, 0x4a, 0x4a, 0x0a, 0x4a, 0xdb, 0xd6, 0x30, 0x7c,
    0x60, 0x08, 0x80, 0x10, 0xa1, 0x10, 0xa1, 0x10, 0xc1, 0x18, 0xc2, 0x18,
    0xc2, 0x18, 0xa1, 0x10, 0xa1, 0x10, 0xa1, 0x18, 0xc1, 0x10, 0xc1, 0x18,
    0xc2, 0x18, 0xc2, 0x18, 0xc1, 0x18, 0xa2, 0x10, 0x60, 0x08, 0xa1, 0x10,
    0xc1, 0x10, 0xa1, 0x10, 0xa1, 0x18, 0xc1, 0x10, 0xc2, 0x18, 0xc2, 0x18,
    0xc1, 0x10, 0xc1, 0x18, 0xc2, 0x18, 0xc1, 0x18, 0xc1, 0x18, 0xc1, 0x18,
    0xc2, 0x10, 0xc1, 0x18, 0xc2, 0x10, 0xc2, 0x10, 0xc2, 0x10, 0xc2, 0x10,
    0xc2, 0x10, 0xc2, 0x10, 0xc2, 0x10, 0xc2, 0x10, 0xc2, 0x10, 0xc2, 0x10,
    0xc2, 0x10, 0xc2, 0x10, 0xc2, 0x10, 0xc2, 0x10, 0xc2, 0x10, 0xc2, 0x10,
    0xc2, 0x10, 0xc2, 0x10, 0xc2, 0x10, 0xc2, 0x10, 0xc2, 0x10, 0xc2, 0x10,
    0xc2, 0x10, 0xc2, 0x10, 0xc1, 0x10, 0xa7, 0x39, 0x23, 0x19, 0xb8, 0x9e,
    0x13, 0x97, 0xf2, 0x96, 0xd5, 0x9e, 0xa3, 0x08, 0x50, 0x84, 0x8f, 0x73,
    0x71, 0x84, 0xb0, 0x83, 0xea, 0x4a, 0x10, 0x8c, 0x60, 0x08, 0x69, 0x52,
    0xf0, 0x6b, 0xd3, 0x9c, 0xf0, 0x6b, 0xcf, 0x7b, 0x2b, 0x5b, 0x8d, 0x73,
    0xa1, 0x10, 0xe2, 0x18, 0xe2, 0x18, 0xe2, 0x18, 0xe2, 0x18, 0xe2, 0x18,
    0xe2, 0x18, 0xe2, 0x18, 0xe2, 0x18, 0xe2, 0x18, 0xe2, 0x18, 0xe2, 0x18,
    0xe2, 0x18, 0xe2, 0x18, 0xe2, 0x18, 0xa1, 0x10, 0xa6, 0x31, 0xc1, 0x10,
    0xc2, 0x18, 0xc2, 0x18, 0xc2, 0x10, 0xc1, 0x18, 0xc2, 0x10, 0xc2, 0x10,
    0xc2, 0x18, 0xc2, 0x10, 0xc2, 0x10, 0xc2, 0x18, 0xc1, 0x10, 0xc2, 0x10,
    0xc2, 0x10, 0xc1, 0x18, 0xc1, 0x10, 0xc2, 0x18, 0xc1, 0x18, 0xc1, 0x18,
    0xc1, 0x18, 0xc1, 0x18, 0xc2, 0x18, 0xc1, 0x18, 0x60, 0x08, 0x30, 0x84,
    0xdb, 0xce, 0xa6, 0x41, 0x8e, 0x6b, 0x2c, 0x5b, 0x6d, 0x63, 0x6d, 0x63,
    0x2c, 0x5b, 0x6d, 0x63, 0x4d, 0x63, 0x4d, 0x5b, 0x2c, 0x63, 0x4d, 0x63,
    0x4d, 0x63, 0x4c, 0x5b, 0x4d, 0x63, 0x6d, 0x63, 0x6d, 0x63, 0x4c, 0x5b,
    0x6d, 0x63, 0x0c, 0x5b, 0x4d, 0x63, 0x4d, 0x63, 0x6d, 0x63, 0x4d, 0x63,
    0x6d, 0x63, 0x2c, 0x5b, 0x4d, 0x63, 0x2c, 0x5b, 0x4d, 0x63, 0x0c, 0x5b,
    0x0c, 0x5b, 0x30, 0x7c, 0x0b, 0x53, 0x4d, 0x63, 0x6d, 0x63, 0x28, 0x3a,
    0x8e, 0x63, 0x8d, 0x63, 0xc7, 0x49, 0x08, 0x21, 0x47, 0x31, 0x89, 0x52,
    0x8e, 0x6b, 0x0c, 0x5b, 0x6d, 0x63, 0x6d, 0x63, 0x0c, 0x5b, 0x6d, 0x63,
    0x4d, 0x63, 0x4d, 0x63, 0x2c, 0x5b, 0x6d, 0x63, 0x4d, 0x63, 0x4c, 0x5b,
    0x4d, 0x63, 0x8d, 0x6b, 0x4d, 0x63, 0x2c, 0x5b, 0x6d, 0x63, 0x2c, 0x5b,
    0x4d, 0x63, 0x4d, 0x63, 0x4d, 0x63, 0x2c, 0x5b, 0x4d, 0x63, 0x4d, 0x63,
    0x8e, 0x63, 0x8d, 0x6b, 0x4d, 0x63, 0x0c, 0x5b, 0x0c, 0x53, 0x10, 0x7c,
    0x0c, 0x53, 0x4d, 0x63, 0x8e, 0x63, 0x64, 0x21, 0x40, 0x08, 0x60, 0x08,
    0x60, 0x08, 0x60, 0x08, 0x60, 0x08, 0x60, 0x08, 0x60, 0x08, 0x60, 0x08,
    0x60, 0x08, 0x60, 0x08, 0x60, 0x08, 0x60, 0x08, 0x60, 0x08, 0x60, 0x08,
    0x60, 0x08, 0x60, 0x08, 0x60, 0x08, 0x60, 0x08, 0x60, 0x08, 0x60, 0x08,
    0x60, 0x08, 0x60, 0x08, 0x60, 0x08, 0x60, 0x08, 0x60, 0x08, 0x60, 0x08,
    0x60, 0x08, 0x60, 0x08, 0x60, 0x08, 0x60, 0x08, 0xcf, 0x6b, 0x6d, 0x63,
    0xec, 0x52, 0x00, 0x00, 0x00, 0x00, 0x8e, 0x63, 0x6d, 0x63, 0x89, 0x4a,
    0x10, 0x84, 0xcf, 0x7b, 0x29, 0x4a, 0xa9, 0x39, 0xdb, 0xd6, 0x30, 0x7c,
    0xe5, 0x18, 0xed, 0x7b, 0x2f, 0x6b, 0xa5, 0x29, 0xc1, 0x20, 0xe2, 0x18,
    0xa1, 0x10, 0xca, 0x52, 0x4a, 0x52, 0x67, 0x31, 0xa6, 0x29, 0x02, 0x21,
    0x23, 0x21, 0xc2, 0x18, 0xc1, 0x10, 0xc8, 0x31, 0xb2, 0x94, 0xa5, 0x29,
    0xe2, 0x18, 0x0b, 0x42, 0x29, 0x52, 0x43, 0x21, 0xe2, 0x18, 0xe2, 0x18,
    0xe2, 0x18, 0xe2, 0x18, 0xe2, 0x18, 0xe2, 0x18, 0xe2, 0x18, 0xe2, 0x18,
    0xe2, 0x18, 0xe2, 0x18, 0xe2, 0x18, 0xe2, 0x18, 0xe2, 0x18, 0xe2, 0x18,
    0xe2, 0x18, 0xe2, 0x18, 0xe2, 0x18, 0xe2, 0x18, 0xe2, 0x18, 0xe2, 0x18,
    0xe2, 0x18, 0xe2, 0x18, 0xe2, 0x18, 0xe2, 0x18, 0xe2, 0x18, 0xe2, 0x18,
    0xe2, 0x18, 0xe2, 0x18, 0xe2, 0x18, 0xe2, 0x18, 0xe2, 0x18, 0xe2, 0x18,
    0xe2, 0x18, 0xe2, 0x18, 0xc1, 0x10, 0xc7, 0x39, 0xc2, 0x18, 0x2f, 0x53,
    0x4b, 0x53, 0x8b, 0x4b, 0x8b, 0x53, 0x60, 0x08, 0x40, 0x08, 0x49, 0x4a,
    0x40, 0x00, 0x60, 0x08, 0x80, 0x10, 0x80, 0x08, 0xc2, 0x18, 0xa1, 0x10,
    0x60, 0x08, 0x60, 0x08, 0x60, 0x08, 0x60, 0x08, 0x81, 0x10, 0x80, 0x10,
    0xc1, 0x18, 0xc2, 0x18, 0xc1, 0x10, 0xc1, 0x18, 0xc2, 0x18, 0xc1, 0x10,
    0xc2, 0x18, 0xc1, 0x18, 0xc1, 0x10, 0xc2, 0x18, 0xc1, 0x18, 0xc1, 0x10,
    0xc2, 0x18, 0xc1, 0x18, 0xc2, 0x10, 0xa1, 0x10, 0xa7, 0x39, 0xc1, 0x10,
    0xe2, 0x18, 0xe2, 0x18, 0xe2, 0x18, 0xe2, 0x18, 0xe2, 0x18, 0xe2, 0x18,
    0xe2, 0x18, 0xe2, 0x18, 0xe2, 0x18, 0xe2, 0x18, 0xe2, 0x18, 0xe2, 0x18,
    0xe2, 0x18, 0xe2, 0x18, 0xe2, 0x18, 0xe2, 0x18, 0xe2, 0x18, 0xe2, 0x18,
    0xe2, 0x18, 0xe2, 0x18, 0xe2, 0x18, 0xe2, 0x18, 0x80, 0x08, 0x50, 0x84,
    0xba, 0xce, 0xc5, 0x31, 0x52, 0x74, 0x7a, 0xc6, 0xfb, 0xd6, 0x31, 0x84,
    0xf8, 0xbd, 0x37, 0xbe, 0x28, 0x3a, 0x98, 0xa5, 0xb6, 0xad, 0x79, 0xc6,
    0x89, 0x42, 0xd0, 0x6b, 0x14, 0xa5, 0x3d, 0xdf, 0xea, 0x52, 0xcc, 0x42,
    0xfc, 0xde, 0xda, 0xce, 0x95, 0xb5, 0x4d, 0x5b, 0x19, 0xb6, 0xbb, 0xce,
    0x4c, 0x63, 0xd1, 0x6b, 0xf6, 0xb5, 0x7a, 0xc6, 0x69, 0x42, 0x34, 0x95,
    0xb2, 0x8c, 0xd6, 0xad, 0x55, 0xa5, 0xcb, 0x52, 0x0c, 0x5b, 0x07, 0x3a,
    0x2d, 0x5b, 0x2c, 0x5b, 0x89, 0x29, 0x86, 0x49, 0x24, 0x41, 0xa9, 0x42,
    0x93, 0x7c, 0xdb, 0xd6, 0x59, 0xce, 0x72, 0x7c, 0x39, 0xc6, 0x94, 0xad,
    0x49, 0x3a, 0xd8, 0xad, 0xf7, 0xad, 0x17, 0xbe, 0x49, 0x42, 0xb4, 0x84,
    0xb2, 0x9c, 0x1b, 0xd7, 0xaa, 0x4a, 0x6f, 0x5b, 0x1c, 0xdf, 0x39, 0xbe,
    0x74, 0xad, 0xaf, 0x63, 0xd7, 0xb5, 0x39, 0xb6, 0x6c, 0x6b, 0x5b, 0xbe,
    0xae, 0x73, 0xbb, 0xc6, 0xca, 0x52, 0x75, 0xa5, 0x71, 0x84, 0x18, 0xb6,
    0xf3, 0x9c, 0xca, 0x52, 0x4d, 0x5b, 0x44, 0x21, 0x40, 0x00, 0x60, 0x08,
    0x60, 0x08, 0x60, 0x08, 0x60, 0x08, 0x60, 0x08, 0x60, 0x08, 0x60, 0x08,
    0x60, 0x08, 0x60, 0x08, 0x60, 0x08, 0x60, 0x08, 0x60, 0x08, 0x60, 0x08,
    0x60, 0x08, 0x60, 0x08, 0x60, 0x08, 0x60, 0x08, 0x60, 0x08, 0x60, 0x08,
    0x60, 0x08, 0x60, 0x08, 0x60, 0x08, 0x60, 0x08, 0x60, 0x08, 0x60, 0x08,
    0x60, 0x08, 0x60, 0x08, 0x60, 0x08, 0x60, 0x08, 0x6d, 0x63, 0x2c, 0x5b,
    0x24, 0x21, 0xa6, 0x31, 0xc6, 0x39, 0xe7, 0x31, 0x2c, 0x5b, 0x69, 0x42,
    0x10, 0x84, 0xcf, 0x7b, 0x29, 0x42, 0x47, 0x31, 0xdb, 0xd6, 0x30, 0x7c,
    0x06, 0x21, 0xed, 0x73, 0xf1, 0x83, 0xd4, 0x8c, 0xc9, 0x62, 0xa1, 0x10,
    0xc1, 0x10, 0xac, 0x52, 0x4a, 0x4a, 0x15, 0x9d, 0xb4, 0x94, 0x52, 0x8c,
    0xa9, 0x5a, 0xa1, 0x10, 0xe2, 0x18, 0x81, 0x08, 0x69, 0x52, 0x0d, 0x53,
    0xb4, 0x94, 0x50, 0x6b, 0x93, 0x9c, 0x06, 0x3a, 0xc1, 0x10, 0xe2, 0x18,
    0xe2, 0x18, 0xe2, 0x18, 0xe2, 0x18, 0xe2, 0x18, 0xe2, 0x18, 0xe2, 0x18,
    0xe2, 0x18, 0xe2, 0x18, 0xe2, 0x18, 0xe2, 0x18, 0xe2, 0x18, 0xe2, 0x18,
    0xe2, 0x18, 0xe2, 0x18, 0xe2, 0x18, 0xe2, 0x18, 0xe2, 0x18, 0xe2, 0x18,
    0xe2, 0x18, 0xe2, 0x18, 0xe2, 0x18, 0xe2, 0x18, 0xe2, 0x18, 0xe2, 0x18,
    0xe2, 0x18, 0xe2, 0x18, 0xe2, 0x18, 0xe2, 0x18, 0xe2, 0x18, 0xe2, 0x18,
    0xe2, 0x18, 0xe2, 0x18, 0xc1, 0x18, 0xc7, 0x39, 0x23, 0x21, 0xa5, 0x31,
    0x85, 0x29, 0x85, 0x29, 0x85, 0x31, 0xc6, 0x31, 0xe6, 0x31, 0xa6, 0x31,
    0xc6, 0x31, 0xe6, 0x31, 0xe6, 0x39, 0xc6, 0x31, 0xe6, 0x31, 0xc6, 0x31,
    0xe6, 0x31, 0xe6, 0x39, 0xc6, 0x31, 0xe6, 0x31, 0xc6, 0x31, 0xe6, 0x31,
    0xc6, 0x31, 0xc6, 0x31, 0xe6, 0x31, 0xc6, 0x31, 0xe6, 0x31, 0xc6, 0x31,
    0xe6, 0x31, 0xc6, 0x31, 0xe6, 0x31, 0xc6, 0x31, 0xc6, 0x31, 0xe6, 0x31,
    0xc6, 0x31, 0xe6, 0x31, 0xe6, 0x39, 0x23, 0x21, 0xa6, 0x31, 0xc2, 0x18,
    0xe2, 0x18, 0xe2, 0x18, 0xe2, 0x18, 0xe2, 0x18, 0xe2, 0x18, 0xe2, 0x18,
    0xe2, 0x18, 0xe2, 0x18, 0xe2, 0x18, 0xe2, 0x18, 0xe2, 0x18, 0xe2, 0x18,
    0xe2, 0x18, 0xe2, 0x18, 0xe2, 0x18, 0xe2, 0x18, 0xe2, 0x18, 0xe2, 0x18,
    0xe2, 0x18, 0xe2, 0x18, 0xe2, 0x18, 0xe2, 0x18, 0x80, 0x08, 0x50, 0x84,
    0xda, 0xce, 0x06, 0x32, 0x6f, 0x53, 0x59, 0xb6, 0xf8, 0xb5, 0xee, 0x73,
    0x19, 0xb6, 0x7a, 0xc6, 0x4f, 0x8c, 0x56, 0x9d, 0x19, 0xb6, 0x7a, 0xc6,
    0x12, 0x9d, 0xac, 0x52, 0x13, 0x9d, 0xf0, 0x63, 0x4f, 0x8c, 0xac, 0x3a,
    0xf8, 0xbd, 0xd6, 0xad, 0x18, 0xbe, 0xe7, 0x31, 0x38, 0xbe, 0x4a, 0x3a,
    0x95, 0xad, 0x93, 0x7c, 0x17, 0xbe, 0x35, 0x9d, 0x08, 0x32, 0x3a, 0xb6,
    0xfc, 0xde, 0x9e, 0xd7, 0x96, 0xa5, 0x69, 0x52, 0xcb, 0x4a, 0x07, 0x3a,
    0x0b, 0x53, 0xcb, 0x4a, 0x69, 0x4a, 0x87, 0x49, 0x83, 0x29, 0xa9, 0x42,
    0x32, 0x6c, 0x38, 0xbe, 0xb7, 0xad, 0x30, 0x74, 0x59, 0xbe, 0x19, 0xbe,
    0x0e, 0x7c, 0x15, 0x9d, 0x1c, 0xcf, 0x39, 0xc6, 0x70, 0x8c, 0x4f, 0x5b,
    0x4f, 0x84, 0xf5, 0x84, 0x2b, 0x6b, 0x8f, 0x53, 0x39, 0xbe, 0x34, 0x9d,
    0xd6, 0xb5, 0x08, 0x32, 0xf7, 0xad, 0x9b, 0xc6, 0xee, 0x7b, 0x6a, 0x3a,
    0x96, 0xad, 0xb5, 0xad, 0x2a, 0x2a, 0xdc, 0xd6, 0x59, 0xce, 0xde, 0xdf,
    0x35, 0x9d, 0x69, 0x4a, 0xeb, 0x52, 0x44, 0x21, 0x40, 0x08, 0x60, 0x08,
    0x60, 0x08, 0x60, 0x08, 0x60, 0x08, 0x60, 0x08, 0x60, 0x08, 0x60, 0x08,
    0x60, 0x08, 0x60, 0x08, 0x60, 0x08, 0x60, 0x08, 0x60, 0x08, 0x60, 0x08,
    0x60, 0x08, 0x60, 0x08, 0x60, 0x08, 0x60, 0x08, 0x60, 0x08, 0x60, 0x08,
    0x60, 0x08, 0x60, 0x08, 0x60, 0x08, 0x60, 0x08, 0x60, 0x08, 0x60, 0x08,
    0x60, 0x08, 0x60, 0x08, 0x40, 0x08, 0x80, 0x08, 0x2d, 0x5b, 0xeb, 0x52,
    0xa2, 0x08, 0x74, 0xad, 0x6d, 0x6b, 0x65, 0x21, 0xeb, 0x52, 0x48, 0x3a,
    0x10, 0x84, 0xef, 0x7b, 0xe8, 0x41, 0xa5, 0x20, 0xdb, 0xd6, 0x30, 0x7c,
    0x25, 0x21, 0x01, 0x21, 0xf0, 0x83, 0x8e, 0x5b, 0x83, 0x39, 0xc2, 0x10,
    0xe2, 0x18, 0xe4, 0x10, 0xcb, 0x52, 0x10, 0x7c, 0x09, 0x42, 0xef, 0x73,
    0x8a, 0x5a, 0xa1, 0x10, 0xe2, 0x18, 0xa1, 0x08, 0x08, 0x4a, 0xaf, 0x6b,
    0xb0, 0x7b, 0x70, 0x6b, 0x2e, 0x63, 0xa9, 0x4a, 0xa1, 0x10, 0xe2, 0x18,
    0xe2, 0x18, 0xe2, 0x18, 0xe2, 0x18, 0xe2, 0x18, 0xe2, 0x18, 0xe2, 0x18,
    0xe2, 0x18, 0xe2, 0x18, 0xe2, 0x18, 0xe2, 0x18, 0xe2, 0x18, 0xe2, 0x18,
    0xe2, 0x18, 0xe2, 0x18, 0xe2, 0x18, 0xe2, 0x18, 0xe2, 0x18, 0xe2, 0x18,
    0xe2, 0x18, 0xe2, 0x18, 0xe2, 0x18, 0xe2, 0x18, 0xe2, 0x18, 0xe2, 0x18,
    0xe2, 0x18, 0xe2, 0x18, 0xe2, 0x18, 0xe2, 0x18, 0xe2, 0x18, 0xe2, 0x18,
    0xe2, 0x18, 0xe2, 0x18, 0xe1, 0x18, 0xe8, 0x39, 0xa1, 0x08, 0x81, 0x08,
    0x81, 0x08, 0x81, 0x08, 0x81, 0x08, 0xc2, 0x10, 0xc2, 0x10, 0xc2, 0x10,
    0xc2, 0x10, 0xc2, 0x18, 0xc2, 0x10, 0xc2, 0x10, 0xc2, 0x10, 0xc2, 0x10,
    0xc2, 0x10, 0xc2, 0x10, 0xc2, 0x18, 0xc2, 0x10, 0xc2, 0x10, 0xc2, 0x10,
    0xc2, 0x10, 0xc2, 0x10, 0xc2, 0x10, 0xc2, 0x10, 0xc2, 0x10, 0xc2, 0x10,
    0xc2, 0x10, 0xc2, 0x10, 0xc2, 0x10, 0xc2, 0x10, 0xc2, 0x10, 0xc2, 0x18,
    0xc2, 0x10, 0xc2, 0x10, 0xc2, 0x10, 0xa1, 0x10, 0xa7, 0x39, 0xc2, 0x10,
    0xe2, 0x18, 0xe2, 0x18, 0xe2, 0x18, 0xe2, 0x18, 0xe2, 0x18, 0xe2, 0x18,
    0xe2, 0x18, 0xe2, 0x18, 0xe2, 0x18, 0xe2, 0x18, 0xe2, 0x18, 0xe2, 0x18,
    0xe2, 0x18, 0xe2, 0x18, 0xe2, 0x18, 0xe2, 0x18, 0xe2, 0x18, 0xe2, 0x18,
    0xe2, 0x18, 0xe2, 0x18, 0xe2, 0x18, 0xe2, 0x18, 0x81, 0x08, 0x50, 0x84,
    0xdb, 0xd6, 0x86, 0x29, 0x52, 0x7c, 0x6c, 0x63, 0x13, 0x95, 0x11, 0x7c,
    0x2c, 0x63, 0x34, 0x9d, 0x85, 0x29, 0xaf, 0x63, 0x8d, 0x6b, 0x14, 0x9d,
    0xe6, 0x31, 0xec, 0x4a, 0x71, 0x84, 0xf3, 0x94, 0xca, 0x52, 0xcb, 0x4a,
    0x14, 0x95, 0x0c, 0x53, 0x2d, 0x5b, 0x72, 0x84, 0x91, 0x8c, 0x51, 0x7c,
    0x30, 0x7c, 0x48, 0x42, 0x8e, 0x63, 0xd3, 0x8c, 0x10, 0x74, 0xcf, 0x73,
    0x71, 0x94, 0x10, 0x74, 0x9b, 0xc6, 0xa6, 0x39, 0x08, 0x32, 0xe6, 0x31,
    0x49, 0x3a, 0x08, 0x3a, 0x24, 0x2a, 0x25, 0x32, 0x65, 0x32, 0xe8, 0x39,
    0xb3, 0x8c, 0x8d, 0x63, 0x91, 0x8c, 0x72, 0x84, 0x4d, 0x63, 0xd2, 0x94,
    0x65, 0x21, 0x11, 0x74, 0x6d, 0x63, 0x34, 0x9d, 0x85, 0x29, 0x6e, 0x5b,
    0x51, 0x84, 0xb2, 0x8c, 0xca, 0x52, 0xec, 0x4a, 0x34, 0x9d, 0x0c, 0x53,
    0x6d, 0x63, 0x73, 0x84, 0x2f, 0x84, 0x8a, 0x42, 0x51, 0x7c, 0x30, 0x74,
    0x8d, 0x63, 0x4c, 0x63, 0xf1, 0x63, 0x51, 0x7c, 0x10, 0x84, 0x71, 0x7c,
    0x59, 0xc6, 0x86, 0x31, 0x28, 0x3a, 0x24, 0x19, 0x40, 0x08, 0x60, 0x08,
    0x60, 0x08, 0x60, 0x08, 0x60, 0x08, 0x60, 0x08, 0x60, 0x08, 0x60, 0x08,
    0x60, 0x08, 0x60, 0x08, 0x60, 0x08, 0x60, 0x08, 0x60, 0x08, 0x60, 0x08,
    0x60, 0x08, 0x60, 0x08, 0x60, 0x08, 0x60, 0x08, 0x60, 0x08, 0x60, 0x08,
    0x60, 0x08, 0x60, 0x08, 0x60, 0x08, 0x60, 0x08, 0x60, 0x08, 0x60, 0x08,
    0x60, 0x08, 0x60, 0x08, 0x60, 0x08, 0x81, 0x08, 0xaa, 0x42, 0x08, 0x3a,
    0xa6, 0x29, 0x00, 0x00, 0x00, 0x00, 0x08, 0x32, 0x28, 0x3a, 0xc6, 0x31,
    0x10, 0x84, 0xef, 0x7b, 0xc8, 0x39, 0x03, 0x08, 0xdb, 0xd6, 0x30, 0x7c,
    0x02, 0x19, 0xcf, 0x73, 0x40, 0x08, 0x81, 0x08, 0xc1, 0x18, 0xc2, 0x18,
    0xa1, 0x10, 0x69, 0x42, 0x4d, 0x5b, 0x40, 0x00, 0xa1, 0x10, 0x81, 0x08,
    0xa1, 0x10, 0xe2, 0x18, 0xc1, 0x10, 0xc6, 0x31, 0xae, 0x6b, 0xa1, 0x08,
    0x80, 0x08, 0x81, 0x10, 0x81, 0x10, 0xa1, 0x10, 0xc2, 0x18, 0xe2, 0x18,
    0xe2, 0x18, 0xc2, 0x18, 0xe2, 0x18, 0xe2, 0x10, 0xe2, 0x18, 0xe2, 0x18,
    0xe2, 0x10, 0xe2, 0x18, 0xe2, 0x18, 0xe2, 0x18, 0xe2, 0x18, 0xe2, 0x18,
    0xe1, 0x18, 0xe2, 0x18, 0xe2, 0x18, 0xe1, 0x18, 0xe2, 0x18, 0xe2, 0x18,
    0xe1, 0x18, 0xe2, 0x18, 0xe2, 0x18, 0xe1, 0x18, 0xe2, 0x18, 0xe1, 0x18,
    0xe2, 0x18, 0xe2, 0x18, 0xe1, 0x18, 0xe2, 0x18, 0xe2, 0x18, 0xe1, 0x18,
    0xe2, 0x18, 0xc2, 0x18, 0xc1, 0x10, 0xc7, 0x39, 0xe2, 0x18, 0xab, 0x7b,
    0x0a, 0x83, 0xca, 0x8a, 0x2b, 0x8b, 0x80, 0x08, 0x80, 0x10, 0xc1, 0x18,
    0xc1, 0x10, 0xa1, 0x10, 0x24, 0x21, 0x43, 0x29, 0x80, 0x10, 0xa1, 0x10,
    0xa1, 0x10, 0xa1, 0x10, 0xc1, 0x18, 0xc2, 0x18, 0xa1, 0x10, 0xa1, 0x10,
    0xa1, 0x10, 0x24, 0x21, 0x24, 0x29, 0xa1, 0x10, 0xe2, 0x18, 0xe2, 0x18,
    0xe2, 0x18, 0xe2, 0x18, 0xe2, 0x18, 0xe2, 0x18, 0xe2, 0x18, 0xe2, 0x18,
    0xe2, 0x18, 0xe2, 0x18, 0xe2, 0x18, 0xa1, 0x10, 0xa7, 0x31, 0xc1, 0x10,
    0xe2, 0x18, 0xe2, 0x18, 0xc2, 0x18, 0xe2, 0x18, 0xc2, 0x18, 0xe1, 0x18,
    0xc2, 0x18, 0xe2, 0x18, 0xc1, 0x18, 0xe2, 0x18, 0xe2, 0x18, 0xc2, 0x18,
    0xe2, 0x18, 0xe2, 0x18, 0xc2, 0x18, 0xe2, 0x18, 0xc2, 0x10, 0xe2, 0x18,
    0xc2, 0x18, 0xc2, 0x10, 0xe2, 0x18, 0xc2, 0x18, 0x60, 0x08, 0x50, 0x84,
    0xdb, 0xd6, 0x04, 0x11, 0x24, 0x19, 0x24, 0x19, 0x04, 0x11, 0x24, 0x19,
    0x24, 0x19, 0x04, 0x11, 0x65, 0x19, 0x24, 0x19, 0x24, 0x19, 0x04, 0x11,
    0x45, 0x19, 0x45, 0x19, 0x04, 0x19, 0x04, 0x11, 0x09, 0x32, 0x69, 0x4a,
    0x03, 0x11, 0x24, 0x19, 0x24, 0x19, 0x24, 0x19, 0x24, 0x11, 0x24, 0x19,
    0x24, 0x19, 0x45, 0x19, 0x24, 0x19, 0x04, 0x19, 0x24, 0x19, 0x24, 0x19,
    0x04, 0x11, 0x87, 0x21, 0xad, 0x6b, 0x04, 0x19, 0x65, 0x21, 0xa6, 0x31,
    0xa6, 0x29, 0x45, 0x21, 0xa5, 0x21, 0xc4, 0x19, 0xc4, 0x39, 0x86, 0x21,
    0x04, 0x19, 0x24, 0x19, 0x24, 0x11, 0x04, 0x19, 0x24, 0x19, 0x24, 0x19,
    0x65, 0x21, 0x24, 0x19, 0x24, 0x19, 0x04, 0x11, 0x65, 0x21, 0x44, 0x19,
    0x24, 0x19, 0x04, 0x11, 0x49, 0x3a, 0x28, 0x42, 0xe3, 0x10, 0x44, 0x19,
    0x24, 0x19, 0x24, 0x19, 0x24, 0x19, 0x45, 0x19, 0x24, 0x19, 0x24, 0x19,
    0x24, 0x19, 0x24, 0x19, 0x24, 0x19, 0x24, 0x19, 0x04, 0x11, 0xe8, 0x31,
    0x2c, 0x5b, 0x24, 0x19, 0x65, 0x21, 0x03, 0x19, 0x40, 0x08, 0x60, 0x08,
    0x60, 0x08, 0x60, 0x08, 0x60, 0x08, 0x60, 0x08, 0x60, 0x08, 0x60, 0x08,
    0x60, 0x08, 0x60, 0x08, 0x60, 0x08, 0x60, 0x08, 0x60, 0x08, 0x60, 0x08,
    0x60, 0x08, 0x60, 0x08, 0x60, 0x08, 0x60, 0x08, 0x60, 0x08, 0x60, 0x08,
    0x60, 0x08, 0x60, 0x08, 0x60, 0x08, 0x60, 0x08, 0x60, 0x08, 0x60, 0x08,
    0x60, 0x08, 0x60, 0x08, 0x40, 0x08, 0xa1, 0x10, 0x08, 0x32, 0x45, 0x19,
    0x65, 0x21, 0xe3, 0x10, 0x24, 0x19, 0x65, 0x21, 0x65, 0x21, 0x65, 0x21,
    0x10, 0x84, 0xf0, 0x83, 0xc2, 0x18, 0x00, 0x00, 0xdb, 0xd6, 0x71, 0x84,
    0xe2, 0x18, 0x02, 0x19, 0x44, 0x29, 0x43, 0x29, 0x44, 0x21, 0x43, 0x29,
    0x43, 0x29, 0x23, 0x21, 0x03, 0x19, 0x43, 0x29, 0x43, 0x29, 0x43, 0x29,
    0x44, 0x29, 0x44, 0x29, 0x43, 0x29, 0x43, 0x21, 0x04, 0x19, 0x44, 0x29,
    0x44, 0x29, 0x43, 0x29, 0x44, 0x29, 0x44, 0x21, 0x44, 0x29, 0x43, 0x29,
    0x44, 0x21, 0x44, 0x21, 0x43, 0x29, 0x44, 0x21, 0x43, 0x29, 0x44, 0x21,
    0x43, 0x29, 0x43, 0x21, 0x44, 0x21, 0x43, 0x21, 0x43, 0x21, 0x44, 0x21,
    0x43, 0x21, 0x43, 0x21, 0x43, 0x21, 0x43, 0x29, 0x43, 0x21, 0x43, 0x21,
    0x44, 0x29, 0x43, 0x21, 0x43, 0x21, 0x44, 0x29, 0x43, 0x21, 0x43, 0x21,
    0x43, 0x29, 0x43, 0x21, 0x43, 0x21, 0x43, 0x29, 0x44, 0x21, 0x43, 0x21,
    0x43, 0x29, 0x44, 0x21, 0x23, 0x21, 0x08, 0x42, 0x43, 0x21, 0x74, 0xc6,
    0x32, 0xd5, 0xb2, 0xe4, 0x72, 0xcd, 0x06, 0x21, 0x54, 0x9d, 0x65, 0x29,
    0xc6, 0x39, 0x48, 0x4a, 0xcd, 0x52, 0x67, 0x52, 0x52, 0x74, 0x2c, 0x63,
    0x8a, 0x5a, 0x0b, 0x5b, 0xa6, 0x31, 0x64, 0x31, 0x0e, 0x5b, 0xad, 0x7b,
    0x89, 0x52, 0xaf, 0x73, 0x0c, 0x63, 0x68, 0x4a, 0xc2, 0x18, 0xe2, 0x18,
    0xe2, 0x18, 0xe2, 0x18, 0xe2, 0x18, 0xe2, 0x18, 0xe2, 0x18, 0xe2, 0x18,
    0xe2, 0x18, 0xe2, 0x18, 0xe2, 0x18, 0xa1, 0x10, 0x08, 0x42, 0x43, 0x21,
    0x43, 0x29, 0x43, 0x29, 0x43, 0x21, 0x44, 0x21, 0x43, 0x29, 0x44, 0x21,
    0x43, 0x21, 0x44, 0x29, 0x43, 0x21, 0x43, 0x21, 0x44, 0x29, 0x43, 0x21,
    0x43, 0x21, 0x44, 0x29, 0x43, 0x21, 0x43, 0x29, 0x44, 0x21, 0x44, 0x29,
    0x43, 0x29, 0x44, 0x21, 0x03, 0x21, 0x22, 0x21, 0xa1, 0x10, 0x51, 0x84,
    0xdb, 0xce, 0x20, 0x00, 0xe2, 0x10, 0xc2, 0x10, 0xc3, 0x10, 0xe2, 0x10,
    0xe2, 0x10, 0xc3, 0x10, 0xe2, 0x10, 0xe2, 0x10, 0xe3, 0x10, 0xe2, 0x10,
    0xc2, 0x10, 0xe2, 0x10, 0xe2, 0x10, 0xc2, 0x10, 0xc2, 0x10, 0xc2, 0x08,
    0xc2, 0x10, 0xe3, 0x10, 0xe2, 0x10, 0xc2, 0x10, 0xc3, 0x10, 0xe2, 0x10,
    0xc2, 0x10, 0xc2, 0x10, 0xe2, 0x10, 0xe3, 0x10, 0xe2, 0x10, 0xc2, 0x10,
    0xe3, 0x10, 0xc2, 0x10, 0xa1, 0x08, 0xe2, 0x10, 0xc3, 0x10, 0xa1, 0x08,
    0xe3, 0x10, 0xc2, 0x10, 0xc3, 0x10, 0xc2, 0x10, 0xc2, 0x10, 0xc2, 0x10,
    0xe2, 0x10, 0xc2, 0x10, 0xe3, 0x10, 0xe2, 0x10, 0xc2, 0x10, 0xe2, 0x10,
    0xc2, 0x10, 0xe2, 0x10, 0xe2, 0x10, 0xc2, 0x10, 0xc2, 0x10, 0xc2, 0x10,
    0xe2, 0x10, 0xc2, 0x10, 0xc2, 0x10, 0xc2, 0x08, 0xe2, 0x10, 0xc3, 0x10,
    0xc2, 0x10, 0xe2, 0x10, 0xc2, 0x10, 0xe2, 0x10, 0xc3, 0x10, 0xc2, 0x10,
    0xe3, 0x10, 0xe2, 0x10, 0xc2, 0x10, 0xe3, 0x10, 0xc2, 0x10, 0xc2, 0x10,
    0xa2, 0x08, 0xc2, 0x10, 0xe3, 0x10, 0x81, 0x08, 0x20, 0x00, 0x20, 0x00,
    0x20, 0x00, 0x20, 0x00, 0x20, 0x00, 0x40, 0x00, 0x20, 0x00, 0x20, 0x00,
    0x20, 0x00, 0x40, 0x00, 0x20, 0x00, 0x20, 0x00, 0x40, 0x00, 0x20, 0x00,
    0x20, 0x00, 0x40, 0x00, 0x20, 0x00, 0x20, 0x00, 0x40, 0x00, 0x20, 0x00,
    0x20, 0x00, 0x40, 0x00, 0x20, 0x00, 0x20, 0x00, 0x40, 0x00, 0x20, 0x00,
    0x20, 0x00, 0x20, 0x00, 0x20, 0x00, 0x20, 0x00, 0xe3, 0x10, 0xc2, 0x10,
    0xe2, 0x10, 0xe3, 0x10, 0xe3, 0x10, 0xc2, 0x10, 0xc3, 0x10, 0x81, 0x08,
    0x10, 0x84, 0xcf, 0x7b, 0x68, 0x4a, 0xe6, 0x39, 0xfb, 0xd6, 0xb2, 0x8c,
    0x60, 0x08, 0xe2, 0x18, 0x81, 0x10, 0xa1, 0x10, 0x81, 0x08, 0x81, 0x10,
    0xe2, 0x18, 0x80, 0x08, 0xc2, 0x18, 0xe2, 0x18, 0x81, 0x08, 0xe2, 0x18,
    0xe2, 0x18, 0xc2, 0x18, 0xa1, 0x10, 0xa1, 0x10, 0xa1, 0x10, 0xc2, 0x18,
    0xc2, 0x10, 0x81, 0x08, 0xe2, 0x18, 0xe2, 0x18, 0xe1, 0x18, 0xe2, 0x18,
    0xe2, 0x18, 0xe2, 0x18, 0xe2, 0x18, 0xe2, 0x18, 0xe2, 0x18, 0xe2, 0x18,
    0xe2, 0x18, 0xe2, 0x18, 0xe2, 0x18, 0xe2, 0x18, 0xe2, 0x18, 0xe2, 0x18,
    0xe2, 0x18, 0xc2, 0x18, 0x61, 0x00, 0x81, 0x08, 0x81, 0x08, 0x61, 0x00,
    0xc2, 0x18, 0x81, 0x08, 0xa1, 0x10, 0xc2, 0x18, 0xc2, 0x10, 0x82, 0x10,
    0xc2, 0x18, 0xc2, 0x18, 0xc2, 0x18, 0x61, 0x00, 0x61, 0x18, 0xe2, 0x10,
    0xa1, 0x08, 0xc1, 0x18, 0x60, 0x08, 0x86, 0x31, 0x23, 0x21, 0x34, 0x97,
    0x51, 0x9e, 0xf1, 0xa5, 0x72, 0xa6, 0x06, 0x29, 0xeb, 0x4a, 0x2f, 0x94,
    0x32, 0x74, 0x72, 0x94, 0xf0, 0x7b, 0x86, 0x52, 0x29, 0x32, 0xa6, 0x31,
    0xae, 0x83, 0x2e, 0x6b, 0x54, 0x9d, 0xe9, 0x62, 0x05, 0x21, 0xa5, 0x31,
    0x14, 0x9d, 0x8a, 0x4a, 0xb1, 0x9c, 0xd5, 0x84, 0xc5, 0x49, 0xc1, 0x18,
    0xe2, 0x18, 0xe2, 0x18, 0xe2, 0x18, 0xe2, 0x18, 0xe2, 0x18, 0xe2, 0x18,
    0xe2, 0x18, 0xe2, 0x18, 0xe2, 0x18, 0xa1, 0x10, 0xa7, 0x39, 0xc1, 0x18,
    0xe2, 0x18, 0xe2, 0x18, 0xe2, 0x18, 0xe2, 0x18, 0xe2, 0x18, 0xe2, 0x18,
    0xe2, 0x18, 0xe2, 0x18, 0xe2, 0x18, 0xe2, 0x18, 0xe2, 0x18, 0xe2, 0x18,
    0xe2, 0x18, 0xe2, 0x18, 0xe2, 0x18, 0xe2, 0x18, 0xe2, 0x18, 0xe2, 0x18,
    0xe2, 0x18, 0xa1, 0x10, 0x2b, 0x63, 0xec, 0x5a, 0xac, 0x5a, 0x33, 0x9d,
    0xda, 0xce, 0xe6, 0x39, 0x68, 0x4a, 0x68, 0x4a, 0x68, 0x4a, 0x68, 0x4a,
    0x68, 0x4a, 0x68, 0x4a, 0x68, 0x4a, 0x68, 0x4a, 0x68, 0x4a, 0x68, 0x4a,
    0x68, 0x4a, 0x68, 0x4a, 0x68, 0x4a, 0x68, 0x4a, 0x68, 0x4a, 0x68, 0x4a,
    0x68, 0x4a, 0x68, 0x4a, 0x68, 0x4a, 0x68, 0x4a, 0x68, 0x4a, 0x68, 0x4a,
    0x68, 0x4a, 0x68, 0x4a, 0x68, 0x4a, 0x68, 0x4a, 0x68, 0x4a, 0x68, 0x4a,
    0x68, 0x4a, 0x68, 0x4a, 0x68, 0x4a, 0x68, 0x4a, 0x68, 0x4a, 0x68, 0x4a,
    0x68, 0x4a, 0x68, 0x4a, 0x68, 0x4a, 0x68, 0x4a, 0x68, 0x4a, 0x68, 0x4a,
    0x68, 0x4a, 0x68, 0x4a, 0x68, 0x4a, 0x68, 0x4a, 0x68, 0x4a, 0x68, 0x4a,
    0x68, 0x4a, 0x68, 0x4a, 0x68, 0x4a, 0x68, 0x4a, 0x68, 0x4a, 0x68, 0x4a,
    0x68, 0x4a, 0x68, 0x4a, 0x68, 0x4a, 0x68, 0x4a, 0x68, 0x4a, 0x68, 0x4a,
    0x68, 0x4a, 0x68, 0x4a, 0x68, 0x4a, 0x68, 0x4a, 0x68, 0x4a, 0x68, 0x4a,
    0x68, 0x4a, 0x68, 0x4a, 0x68, 0x4a, 0xa5, 0x31, 0x06, 0x42, 0x68, 0x4a,
    0x68, 0x4a, 0x68, 0x4a, 0x68, 0x4a, 0x68, 0x4a, 0x88, 0x4a, 0x88, 0x4a,
    0x88, 0x4a, 0x88, 0x4a, 0x88, 0x4a, 0x88, 0x4a, 0x88, 0x4a, 0x88, 0x4a,
    0x88, 0x4a, 0x88, 0x4a, 0x68, 0x4a, 0x88, 0x4a, 0x88, 0x4a, 0x88, 0x4a,
    0x68, 0x4a, 0x88, 0x4a, 0x88, 0x4a, 0x88, 0x4a, 0x88, 0x4a, 0x68, 0x4a,
    0x88, 0x4a, 0x88, 0x4a, 0x88, 0x4a, 0x68, 0x4a, 0x88, 0x4a, 0x88, 0x4a,
    0x88, 0x4a, 0x88, 0x4a, 0x88, 0x4a, 0x88, 0x4a, 0x68, 0x4a, 0x68, 0x4a,
    0x68, 0x4a, 0x68, 0x4a, 0x68, 0x4a, 0x68, 0x4a, 0x47, 0x42, 0xee, 0x7b,
    0x10, 0x84, 0xcf, 0x7b, 0xc5, 0x31, 0x00, 0x00, 0xdb, 0xce, 0x92, 0x8c,
    0x00, 0x00, 0x00, 0x00, 0x2c, 0x5b, 0xa9, 0x4a, 0x6e, 0x63, 0xcb, 0x62,
    0x00, 0x00, 0x91, 0x8c, 0x00, 0x00, 0x00, 0x00, 0x50, 0x84, 0x00, 0x00,
    0x00, 0x00, 0x00, 0x00, 0x67, 0x3a, 0x08, 0x4a, 0x48, 0x4a, 0x00, 0x00,
    0x01, 0x00, 0x6d, 0x73, 0x00, 0x00, 0x20, 0x00, 0x20, 0x00, 0x20, 0x00,
    0x20, 0x00, 0x20, 0x00, 0x20, 0x00, 0x20, 0x00, 0x20, 0x00, 0x20, 0x00,
    0x20, 0x00, 0x20, 0x00, 0x20, 0x00, 0x20, 0x00, 0x20, 0x00, 0x40, 0x08,
    0x20, 0x00, 0x40, 0x00, 0x34, 0x9d, 0x48, 0x42, 0x4d, 0x5b, 0x13, 0x95,
    0x20, 0x08, 0x4d, 0x63, 0xc8, 0x31, 0x00, 0x00, 0x00, 0x00, 0xe8, 0x31,
    0xe3, 0x18, 0x00, 0x00, 0x00, 0x00, 0x75, 0x9d, 0x8a, 0x62, 0x00, 0x00,
    0x6a, 0x3a, 0x43, 0x29, 0x6c, 0x63, 0x0e, 0x63, 0xe3, 0x18, 0x7a, 0x9e,
    0x14, 0x97, 0x33, 0x97, 0xf6, 0x9e, 0xa4, 0x10, 0x2f, 0x84, 0x6a, 0x4a,
    0x48, 0x4a, 0xec, 0x5a, 0xab, 0x52, 0xe5, 0x41, 0xe8, 0x29, 0x65, 0x29,
    0x8a, 0x5a, 0x29, 0x4a, 0x4d, 0x63, 0xe7, 0x41, 0x05, 0x21, 0x84, 0x29,
    0x51, 0x8c, 0x4e, 0x63, 0xca, 0x5a, 0x2d, 0x5b, 0x04, 0x29, 0xe2, 0x18,
    0xe2, 0x18, 0xe2, 0x18, 0xe2, 0x18, 0xe2, 0x18, 0xe2, 0x18, 0xe2, 0x18,
    0xe2, 0x18, 0xe2, 0x18, 0xe2, 0x18, 0xc1, 0x10, 0x24, 0x21, 0x00, 0x00,
    0x20, 0x00, 0x20, 0x00, 0x20, 0x00, 0x20, 0x00, 0x20, 0x00, 0x20, 0x00,
    0x20, 0x00, 0x20, 0x00, 0x20, 0x00, 0x20, 0x00, 0x20, 0x00, 0x20, 0x00,
    0x20, 0x00, 0x20, 0x00, 0x20, 0x00, 0x20, 0x00, 0x20, 0x00, 0x20, 0x00,
    0x40, 0x00, 0x20, 0x00, 0x69, 0x52, 0x85, 0x18, 0x06, 0x29, 0x33, 0x9d,
    0xba, 0xce, 0x00, 0x00, 0x20, 0x00, 0x20, 0x00, 0x20, 0x00, 0x20, 0x00,
    0x20, 0x00, 0x20, 0x00, 0x20, 0x00, 0x20, 0x00, 0x20, 0x00, 0x20, 0x00,
    0x20, 0x00, 0x20, 0x00, 0x20, 0x00, 0x20, 0x00, 0x20, 0x00, 0x20, 0x00,
    0x20, 0x00, 0x20, 0x00, 0x20, 0x00, 0x20, 0x00, 0x20, 0x00, 0x20, 0x00,
    0x20, 0x00, 0x20, 0x00, 0x20, 0x00, 0x20, 0x00, 0x20, 0x00, 0x20, 0x00,
    0x20, 0x00, 0x20, 0x00, 0x20, 0x00, 0x20, 0x00, 0x20, 0x00, 0x20, 0x00,
    0x20, 0x00, 0x20, 0x00, 0x20, 0x00, 0x20, 0x00, 0x20, 0x00, 0x20, 0x00,
    0x20, 0x00, 0x20, 0x00, 0x20, 0x00, 0x20, 0x00, 0x20, 0x00, 0x20, 0x00,
    0x20, 0x00, 0x20, 0x00, 0x20, 0x00, 0x20, 0x00, 0x20, 0x00, 0x20, 0x00,
    0x20, 0x00, 0x20, 0x00, 0x20, 0x00, 0x20, 0x00, 0x20, 0x00, 0x20, 0x00,
    0x20, 0x00, 0x20, 0x00, 0x20, 0x00, 0x20, 0x00, 0x20, 0x00, 0x20, 0x00,
    0x20, 0x00, 0x20, 0x00, 0x00, 0x00, 0xae, 0x73, 0xc1, 0x10, 0x00, 0x00,
    0x20, 0x00, 0x20, 0x00, 0x20, 0x00, 0x20, 0x00, 0x20, 0x00, 0x20, 0x00,
    0x00, 0x00, 0x00, 0x00, 0x00, 0x00, 0x00, 0x00, 0x00, 0x00, 0x00, 0x00,
    0x20, 0x00, 0x00, 0x00, 0x00, 0x00, 0x20, 0x00, 0x20, 0x00, 0x20, 0x00,
    0x00, 0x00, 0x00, 0x00, 0x00, 0x00, 0x00, 0x00, 0x20, 0x00, 0x00, 0x00,
    0x00, 0x00, 0x20, 0x00, 0x00, 0x00, 0x00, 0x00, 0x20, 0x00, 0x00, 0x00,
    0x00, 0x00, 0x00, 0x00, 0x00, 0x00, 0x00, 0x00, 0x00, 0x00, 0x00, 0x00,
    0x00, 0x00, 0x00, 0x00, 0x00, 0x00, 0x00, 0x00, 0x00, 0x00, 0x8d, 0x73,
    0x10, 0x84, 0xaf, 0x7b, 0x0b, 0x53, 0x59, 0xa6, 0xfb, 0xd6, 0x91, 0x84,
    0x00, 0x00, 0x85, 0x29, 0xb2, 0x84, 0xce, 0x7b, 0xb4, 0x8c, 0x51, 0xa4,
    0x00, 0x00, 0xf1, 0x7b, 0xb8, 0xb5, 0x17, 0xb6, 0x91, 0x8c, 0x95, 0xa5,
    0x39, 0xb6, 0xae, 0x7b, 0xec, 0x42, 0xd9, 0xb5, 0x57, 0xc6, 0xf4, 0x94,
    0xb2, 0x8c, 0xb7, 0xb5, 0x38, 0xbe, 0x03, 0x19, 0x28, 0x3a, 0x08, 0x32,
    0x08, 0x32, 0x28, 0x32, 0x08, 0x3a, 0x08, 0x32, 0x08, 0x3a, 0x08, 0x32,
    0x08, 0x32, 0x08, 0x3a, 0x08, 0x3a, 0x08, 0x3a, 0x07, 0x32, 0x20, 0x00,
    0x03, 0x19, 0x24, 0x11, 0x5c, 0xdf, 0x74, 0xad, 0x01, 0x00, 0xfc, 0xd6,
    0x03, 0x29, 0x72, 0x84, 0xcc, 0x4a, 0xd2, 0xa4, 0xd7, 0xa5, 0xd7, 0xb5,
    0xf0, 0x7b, 0xf7, 0xb5, 0x96, 0xb5, 0x75, 0x95, 0x99, 0xde, 0x34, 0x9d,
    0x59, 0xbe, 0xa0, 0x18, 0x7b, 0xbe, 0xd8, 0xad, 0x20, 0x08, 0xa7, 0x31,
    0xa6, 0x29, 0xc5, 0x29, 0xc6, 0x31, 0x80, 0x10, 0x80, 0x08, 0xa1, 0x10,
    0xa1, 0x10, 0x80, 0x10, 0x81, 0x10, 0xa1, 0x10, 0xa1, 0x18, 0xc1, 0x10,
    0xa1, 0x10, 0xa1, 0x10, 0x80, 0x08, 0xa1, 0x10, 0xc1, 0x10, 0xa1, 0x10,
    0x60, 0x08, 0x80, 0x10, 0x80, 0x10, 0x80, 0x10, 0xc1, 0x10, 0xc1, 0x18,
    0xc2, 0x18, 0xc1, 0x18, 0xc1, 0x18, 0xc2, 0x18, 0xc1, 0x18, 0xc1, 0x18,
    0xc2, 0x18, 0xc1, 0x18, 0xc2, 0x18, 0x81, 0x10, 0xab, 0x52, 0x07, 0x3a,
    0x07, 0x3a, 0x27, 0x3a, 0x07, 0x3a, 0x07, 0x3a, 0x27, 0x3a, 0x07, 0x3a,
    0x07, 0x3a, 0x27, 0x3a, 0x07, 0x3a, 0x07, 0x3a, 0x27, 0x3a, 0x07, 0x3a,
    0x07, 0x3a, 0x27, 0x3a, 0x07, 0x3a, 0x07, 0x3a, 0x27, 0x3a, 0x27, 0x3a,
    0x03, 0x19, 0x20, 0x00, 0xa6, 0x31, 0xf4, 0x9c, 0x23, 0x08, 0x34, 0x9d,
    0xda, 0xce, 0x00, 0x00, 0x60, 0x08, 0x60, 0x08, 0x60, 0x08, 0x60, 0x08,
    0x60, 0x08, 0x60, 0x08, 0x60, 0x08, 0x60, 0x08, 0x60, 0x08, 0x60, 0x08,
    0x60, 0x08, 0x60, 0x08, 0x60, 0x08, 0x60, 0x08, 0x60, 0x08, 0x60, 0x08,
    0x60, 0x08, 0x60, 0x08, 0x60, 0x08, 0x60, 0x08, 0x60, 0x08, 0x60, 0x08,
    0x60, 0x08, 0x60, 0x08, 0x60, 0x08, 0x60, 0x08, 0x60, 0x08, 0x60, 0x08,
    0x60, 0x08, 0x60, 0x08, 0x60, 0x08, 0x60, 0x08, 0x60, 0x08, 0x60, 0x08,
    0x60, 0x08, 0x60, 0x08, 0x60, 0x08, 0x60, 0x08, 0x60, 0x08, 0x60, 0x08,
    0x60, 0x08, 0x60, 0x08, 0x60, 0x08, 0x60, 0x08, 0x60, 0x08, 0x60, 0x08,
    0x60, 0x08, 0x60, 0x08, 0x60, 0x08, 0x60, 0x08, 0x60, 0x08, 0x60, 0x08,
    0x60, 0x08, 0x60, 0x08, 0x60, 0x08, 0x60, 0x08, 0x60, 0x08, 0x60, 0x08,
    0x60, 0x08, 0x60, 0x08, 0x60, 0x08, 0x60, 0x08, 0x60, 0x08, 0x60, 0x08,
    0x60, 0x08, 0x60, 0x08, 0x00, 0x00, 0xba, 0xd6, 0xc2, 0x10, 0x40, 0x08,
    0x60, 0x08, 0x60, 0x08, 0x60, 0x08, 0x60, 0x08, 0x60, 0x08, 0xc2, 0x18,
    0x23, 0x21, 0x23, 0x21, 0x23, 0x21, 0x03, 0x21, 0xe2, 0x18, 0x02, 0x21,
    0x23, 0x21, 0x23, 0x21, 0x23, 0x21, 0x23, 0x21, 0xa1, 0x18, 0xc2, 0x18,
    0x43, 0x21, 0x23, 0x21, 0x23, 0x21, 0x23, 0x21, 0xe2, 0x18, 0xc2, 0x18,
    0x03, 0x21, 0x23, 0x21, 0x23, 0x21, 0x44, 0x29, 0xa1, 0x10, 0x65, 0x29,
    0xe6, 0x39, 0x07, 0x32, 0xe7, 0x31, 0xc6, 0x31, 0xe6, 0x31, 0xc6, 0x39,
    0xe6, 0x31, 0xe6, 0x31, 0xc6, 0x31, 0x07, 0x3a, 0x81, 0x08, 0x8d, 0x73,
    0x10, 0x84, 0xcf, 0x7b, 0xa9, 0x52, 0x45, 0x21, 0xdb, 0xce, 0x92, 0x8c,
    0x00, 0x00, 0x03, 0x19, 0xf3, 0x94, 0x87, 0x31, 0x37, 0xa5, 0xf8, 0xcd,
    0x01, 0x00, 0xd9, 0xbd, 0x33, 0x94, 0xdb, 0xd6, 0x13, 0x9d, 0x14, 0x95,
    0x16, 0xa5, 0xee, 0x83, 0x4c, 0x53, 0x51, 0x7c, 0x78, 0xd6, 0x14, 0x95,
    0xf4, 0x9c, 0x39, 0xbe, 0xb2, 0x94, 0x00, 0x00, 0x40, 0x00, 0x20, 0x00,
    0x40, 0x00, 0x40, 0x00, 0x20, 0x00, 0x40, 0x00, 0x40, 0x00, 0x40, 0x00,
    0x40, 0x00, 0x40, 0x00, 0x20, 0x00, 0x20, 0x00, 0x65, 0x21, 0x20, 0x00,
    0x64, 0x29, 0x41, 0x00, 0x5c, 0xd7, 0x95, 0xb5, 0x4e, 0x6b, 0x70, 0x84,
    0x00, 0x00, 0x15, 0xa5, 0xd4, 0x94, 0xf2, 0xa4, 0x91, 0x74, 0x97, 0xb5,
    0xb2, 0x8c, 0xca, 0x52, 0xf7, 0xbd, 0xf7, 0xad, 0xfb, 0xe6, 0x8d, 0x63,
    0xfb, 0xce, 0xe1, 0x20, 0x75, 0x9d, 0xb7, 0xad, 0xc2, 0x10, 0xc6, 0x31,
    0xa6, 0x29, 0xa6, 0x29, 0xa6, 0x31, 0xe7, 0x31, 0xc7, 0x31, 0xc6, 0x31,
    0xe7, 0x31, 0xc7, 0x31, 0xe6, 0x31, 0xe7, 0x31, 0xc7, 0x31, 0xc7, 0x31,
    0xc7, 0x31, 0xc6, 0x31, 0xc7, 0x31, 0xc7, 0x31, 0xe7, 0x31, 0xe7, 0x31,
    0xc7, 0x31, 0xe7, 0x31, 0xc7, 0x31, 0xe7, 0x31, 0xc7, 0x31, 0xc7, 0x31,
    0xe7, 0x31, 0xc7, 0x31, 0xe7, 0x31, 0xc7, 0x31, 0xe7, 0x31, 0xe7, 0x31,
    0xc7, 0x31, 0xe6, 0x31, 0xe7, 0x31, 0x44, 0x21, 0x04, 0x21, 0x20, 0x00,
    0x40, 0x00, 0x20, 0x00, 0x40, 0x00, 0x40, 0x00, 0x20, 0x00, 0x40, 0x00,
    0x40, 0x00, 0x20, 0x00, 0x40, 0x00, 0x40, 0x00, 0x20, 0x00, 0x40, 0x00,
    0x40, 0x00, 0x20, 0x00, 0x40, 0x00, 0x40, 0x00, 0x20, 0x00, 0x20, 0x00,
    0x85, 0x29, 0x00, 0x00, 0x89, 0x4a, 0xe7, 0x31, 0xe8, 0x39, 0x13, 0x9d,
    0xdb, 0xce, 0x00, 0x00, 0x60, 0x08, 0x60, 0x08, 0x60, 0x08, 0x60, 0x08,
    0x60, 0x08, 0x60, 0x08, 0x60, 0x08, 0x60, 0x08, 0x60, 0x08, 0x60, 0x08,
    0x60, 0x08, 0x60, 0x08, 0x60, 0x08, 0x60, 0x08, 0x60, 0x08, 0x60, 0x08,
    0x60, 0x08, 0x60, 0x08, 0x60, 0x08, 0x60, 0x08, 0x60, 0x08, 0x60, 0x08,
    0x60, 0x08, 0x60, 0x08, 0x60, 0x08, 0x60, 0x08, 0x60, 0x08, 0x60, 0x08,
    0x60, 0x08, 0x60, 0x08, 0x60, 0x08, 0x60, 0x08, 0x60, 0x08, 0x60, 0x08,
    0x60, 0x08, 0x60, 0x08, 0x60, 0x08, 0x60, 0x08, 0x60, 0x08, 0x60, 0x08,
    0x60, 0x08, 0x60, 0x08, 0x60, 0x08, 0x60, 0x08, 0x60, 0x08, 0x60, 0x08,
    0x60, 0x08, 0x60, 0x08, 0x60, 0x08, 0x60, 0x08, 0x60, 0x08, 0x60, 0x08,
    0x60, 0x08, 0x60, 0x08, 0x60, 0x08, 0x60, 0x08, 0x60, 0x08, 0x60, 0x08,
    0x60, 0x08, 0x60, 0x08, 0x60, 0x08, 0x20, 0x00, 0x20, 0x00, 0x20, 0x00,
    0x20, 0x00, 0x20, 0x00, 0x00, 0x00, 0xe6, 0x39, 0xe2, 0x18, 0x40, 0x00,
    0x60, 0x08, 0x60, 0x08, 0x60, 0x08, 0x60, 0x08, 0x40, 0x00, 0x44, 0x29,
    0x06, 0x3a, 0xe6, 0x39, 0xc6, 0x39, 0x0a, 0x5b, 0x13, 0xa5, 0x6c, 0x6b,
    0xa5, 0x31, 0xe6, 0x39, 0xe6, 0x39, 0x07, 0x42, 0x03, 0x21, 0x64, 0x29,
    0x06, 0x3a, 0xe6, 0x39, 0xe6, 0x39, 0xa5, 0x31, 0x33, 0xa5, 0x13, 0xa5,
    0xea, 0x5a, 0xc5, 0x31, 0xe6, 0x39, 0x06, 0x3a, 0xc1, 0x10, 0xaa, 0x4a,
    0x10, 0x6c, 0xa7, 0x89, 0x0c, 0x7b, 0xcf, 0x6b, 0x4d, 0x63, 0x8e, 0x63,
    0xae, 0x6b, 0x8e, 0x6b, 0x8e, 0x6b, 0xef, 0x73, 0x03, 0x19, 0x6c, 0x6b,
    0x10, 0x84, 0xcf, 0x7b, 0xa9, 0x52, 0xa6, 0x29, 0xdb, 0xce, 0x92, 0x8c,
    0x00, 0x00, 0x65, 0x29, 0x00, 0x00, 0x20, 0x00, 0x00, 0x00, 0x00, 0x00,
    0x20, 0x08, 0x00, 0x00, 0x00, 0x00, 0x00, 0x00, 0x00, 0x00, 0x00, 0x00,
    0x00, 0x00, 0x00, 0x00, 0x00, 0x00, 0x00, 0x00, 0x00, 0x00, 0x00, 0x00,
    0x00, 0x00, 0x00, 0x00, 0x00, 0x00, 0x60, 0x08, 0x60, 0x08, 0x60, 0x08,
    0x60, 0x08, 0x60, 0x08, 0x60, 0x08, 0x60, 0x08, 0x60, 0x08, 0x60, 0x08,
    0x60, 0x08, 0x60, 0x08, 0x60, 0x08, 0x40, 0x08, 0x85, 0x29, 0x20, 0x00,
    0x85, 0x29, 0x40, 0x00, 0x00, 0x00, 0x00, 0x00, 0x20, 0x00, 0x00, 0x00,
    0x60, 0x08, 0x00, 0x00, 0x00, 0x00, 0x00, 0x00, 0x00, 0x00, 0x00, 0x00,
    0x00, 0x00, 0x00, 0x00, 0x00, 0x00, 0x00, 0x00, 0x00, 0x00, 0x20, 0x00,
    0x00, 0x00, 0x40, 0x08, 0x00, 0x00, 0x05, 0x21, 0xc1, 0x10, 0xc1, 0x10,
    0xa1, 0x10, 0xc2, 0x18, 0xc1, 0x18, 0xc1, 0x10, 0xa1, 0x10, 0xa1, 0x10,
    0xc1, 0x10, 0xc1, 0x10, 0xc1, 0x10, 0xa1, 0x10, 0xc1, 0x18, 0xc1, 0x10,
    0xc1, 0x18, 0xa1, 0x10, 0xc1, 0x18, 0xc1, 0x10, 0xa1, 0x10, 0xc1, 0x18,
    0xc1, 0x18, 0xc1, 0x10, 0xc1, 0x18, 0xc1, 0x10, 0xc1, 0x18, 0xc1, 0x10,
    0xc1, 0x10, 0xc1, 0x10, 0xc1, 0x18, 0xc1, 0x10, 0xc1, 0x10, 0xc2, 0x18,
    0xc1, 0x10, 0xc1, 0x10, 0xc2, 0x18, 0xa1, 0x10, 0x45, 0x29, 0x40, 0x00,
    0x60, 0x08, 0x60, 0x08, 0x60, 0x08, 0x60, 0x08, 0x60, 0x08, 0x60, 0x08,
    0x60, 0x08, 0x60, 0x08, 0x60, 0x08, 0x60, 0x08, 0x60, 0x08, 0x60, 0x08,
    0x60, 0x08, 0x60, 0x08, 0x60, 0x08, 0x60, 0x08, 0x60, 0x08, 0x40, 0x08,
    0x85, 0x29, 0x00, 0x00, 0x08, 0x42, 0x02, 0x00, 0x22, 0x08, 0x34, 0xa5,
    0xda, 0xce, 0x00, 0x00, 0x60, 0x08, 0x60, 0x08, 0x60, 0x08, 0x60, 0x08,
    0x60, 0x08, 0x60, 0x08, 0x60, 0x08, 0x60, 0x08, 0x60, 0x08, 0x60, 0x08,
    0x60, 0x08, 0x60, 0x08, 0x60, 0x08, 0x60, 0x08, 0x60, 0x08, 0x60, 0x08,
    0x60, 0x08, 0x60, 0x08, 0x60, 0x08, 0x60, 0x08, 0x60, 0x08, 0x60, 0x08,
    0x60, 0x08, 0x60, 0x08, 0x60, 0x08, 0x60, 0x08, 0x60, 0x08, 0x60, 0x08,
    0x60, 0x08, 0x60, 0x08, 0x60, 0x08, 0x60, 0x08, 0x60, 0x08, 0x60, 0x08,
    0x60, 0x08, 0x60, 0x08, 0x60, 0x08, 0x60, 0x08, 0x60, 0x08, 0x60, 0x08,
    0x60, 0x08, 0x60, 0x08, 0x60, 0x08, 0x60, 0x08, 0x60, 0x08, 0x60, 0x08,
    0x60, 0x08, 0x60, 0x08, 0x60, 0x08, 0x60, 0x08, 0x60, 0x08, 0x60, 0x08,
    0x60, 0x08, 0x60, 0x08, 0x60, 0x08, 0x60, 0x08, 0x60, 0x08, 0x60, 0x08,
    0x60, 0x08, 0x60, 0x08, 0x20, 0x00, 0x0b, 0x63, 0x0b, 0x63, 0x6c, 0x6b,
    0x4b, 0x6b, 0xea, 0x5a, 0x6c, 0x6b, 0x06, 0x3a, 0xc2, 0x18, 0x40, 0x08,
    0x60, 0x08, 0x60, 0x08, 0x60, 0x08, 0x60, 0x08, 0x40, 0x08, 0x23, 0x21,
    0x64, 0x29, 0x64, 0x29, 0x23, 0x21, 0x2b, 0x63, 0x74, 0xad, 0x94, 0xad,
    0xe6, 0x39, 0x44, 0x29, 0x64, 0x29, 0x64, 0x29, 0xc2, 0x10, 0x23, 0x21,
    0x64, 0x29, 0x64, 0x29, 0x43, 0x29, 0x68, 0x4a, 0xb5, 0xb5, 0x74, 0xad,
    0x4b, 0x63, 0x23, 0x21, 0x64, 0x29, 0x64, 0x29, 0x81, 0x10, 0x8a, 0x42,
    0x28, 0x62, 0x04, 0xd1, 0x00, 0xa8, 0x0c, 0x4b, 0x39, 0xae, 0xee, 0x7b,
    0x0c, 0x53, 0x2c, 0x5b, 0x6d, 0x63, 0x4d, 0x5b, 0xe3, 0x10, 0x6c, 0x6b,
    0x10, 0x84, 0xcf, 0x7b, 0xa9, 0x52, 0xa6, 0x29, 0xfb, 0xce, 0x91, 0x8c,
    0x00, 0x00, 0x85, 0x29, 0x20, 0x00, 0x00, 0x00, 0x00, 0x00, 0x20, 0x00,
    0x00, 0x00, 0x40, 0x08, 0x40, 0x08, 0x40, 0x00, 0x40, 0x08, 0x40, 0x08,
    0x40, 0x08, 0x40, 0x00, 0x40, 0x08, 0x40, 0x08, 0x40, 0x00, 0x40, 0x08,
    0x40, 0x08, 0x60, 0x00, 0x40, 0x08, 0x40, 0x08, 0x40, 0x08, 0x40, 0x08,
    0x40, 0x08, 0x40, 0x08, 0x40, 0x08, 0x40, 0x08, 0x40, 0x08, 0x40, 0x08,
    0x40, 0x08, 0x40, 0x08, 0x40, 0x08, 0x40, 0x00, 0x65, 0x29, 0x20, 0x00,
    0x85, 0x29, 0x40, 0x08, 0x40, 0x08, 0x40, 0x00, 0x40, 0x08, 0x40, 0x00,
    0x40, 0x08, 0x60, 0x08, 0x60, 0x08, 0x60, 0x08, 0x60, 0x08, 0x60, 0x08,
    0x60, 0x08, 0x60, 0x08, 0x60, 0x08, 0x60, 0x08, 0x60, 0x08, 0x60, 0x08,
    0x60, 0x08, 0x60, 0x08, 0x40, 0x00, 0x66, 0x31, 0xa1, 0x10, 0x44, 0x21,
    0x27, 0x3a, 0xa2, 0x08, 0xe2, 0x18, 0x44, 0x19, 0x84, 0x31, 0x08, 0x3a,
    0x23, 0x29, 0xa1, 0x10, 0x25, 0x21, 0x27, 0x42, 0x60, 0x08, 0xa1, 0x10,
    0x80, 0x08, 0xc6, 0x39, 0xa1, 0x10, 0x04, 0x19, 0x47, 0x42, 0x81, 0x10,
    0x81, 0x10, 0xa1, 0x10, 0xa1, 0x10, 0xc2, 0x10, 0xe2, 0x18, 0xe2, 0x18,
    0xe2, 0x18, 0xe2, 0x18, 0xe2, 0x18, 0xe2, 0x18, 0xe2, 0x18, 0xe2, 0x18,
    0xe2, 0x18, 0xe2, 0x18, 0xe2, 0x18, 0xc1, 0x10, 0x45, 0x29, 0x40, 0x08,
    0x60, 0x08, 0x60, 0x08, 0x60, 0x08, 0x80, 0x10, 0x81, 0x08, 0x61, 0x10,
    0x80, 0x08, 0x81, 0x10, 0x61, 0x10, 0x81, 0x08, 0x81, 0x10, 0x61, 0x10,
    0x81, 0x08, 0x81, 0x10, 0x61, 0x10, 0x40, 0x08, 0x40, 0x08, 0x40, 0x00,
    0x65, 0x29, 0x00, 0x00, 0x0b, 0x63, 0xeb, 0x5a, 0x6a, 0x52, 0x13, 0x9d,
    0xda, 0xce, 0x00, 0x00, 0x60, 0x08, 0x60, 0x08, 0x60, 0x08, 0x60, 0x08,
    0x60, 0x08, 0x60, 0x08, 0x60, 0x08, 0x60, 0x08, 0x60, 0x08, 0x60, 0x08,
    0x60, 0x08, 0x60, 0x08, 0x60, 0x08, 0x60, 0x08, 0x60, 0x08, 0x60, 0x08,
    0x60, 0x08, 0x60, 0x08, 0x60, 0x08, 0x60, 0x08, 0x60, 0x08, 0x60, 0x08,
    0x60, 0x08, 0x60, 0x08, 0x60, 0x08, 0x60, 0x08, 0x60, 0x08, 0x60, 0x08,
    0x60, 0x08, 0x60, 0x08, 0x60, 0x08, 0x60, 0x08, 0x60, 0x08, 0x60, 0x08,
    0x60, 0x08, 0x60, 0x08, 0x60, 0x08, 0x60, 0x08, 0x60, 0x08, 0x60, 0x08,
    0x60, 0x08, 0x60, 0x08, 0x60, 0x08, 0x60, 0x08, 0x60, 0x08, 0x60, 0x08,
    0x60, 0x08, 0x60, 0x08, 0x60, 0x08, 0x60, 0x08, 0x60, 0x08, 0x60, 0x08,
    0x60, 0x08, 0x60, 0x08, 0x60, 0x08, 0x60, 0x08, 0x60, 0x08, 0x60, 0x08,
    0x60, 0x08, 0x60, 0x08, 0x40, 0x00, 0x06, 0x3a, 0xc2, 0x18, 0x23, 0x21,
    0x27, 0x42, 0x44, 0x29, 0xc2, 0x18, 0xfb, 0xd6, 0xa1, 0x10, 0x40, 0x08,
    0x60, 0x08, 0x60, 0x08, 0x60, 0x08, 0x60, 0x08, 0x40, 0x08, 0x02, 0x19,
    0x23, 0x21, 0x23, 0x21, 0xe2, 0x18, 0x48, 0x4a, 0xf6, 0xbd, 0xad, 0x73,
    0x6c, 0x6b, 0xc2, 0x18, 0x23, 0x21, 0x23, 0x21, 0xa1, 0x10, 0x02, 0x19,
    0x23, 0x21, 0x03, 0x21, 0xe2, 0x18, 0x0a, 0x5b, 0x2f, 0x84, 0x95, 0xb5,
    0x0b, 0x63, 0xe2, 0x18, 0x23, 0x21, 0x23, 0x21, 0x80, 0x10, 0x89, 0x3a,
    0xe3, 0x70, 0xba, 0xee, 0xa3, 0xc0, 0x69, 0x42, 0xbb, 0xbe, 0xda, 0xd6,
    0x74, 0xa5, 0x9a, 0xbe, 0x19, 0xb6, 0x54, 0xa5, 0x82, 0x08, 0x8c, 0x73,
    0x10, 0x84, 0xcf, 0x7b, 0xa9, 0x52, 0xa6, 0x29, 0xdb, 0xd6, 0x92, 0x8c,
    0x00, 0x00, 0x64, 0x21, 0x41, 0x00, 0xca, 0x4a, 0x0b, 0x7b, 0x8c, 0x19,
    0xb2, 0x5b, 0x25, 0x11, 0x40, 0x08, 0x60, 0x08, 0x60, 0x08, 0x60, 0x08,
    0x60, 0x08, 0x60, 0x08, 0x60, 0x08, 0x60, 0x08, 0x60, 0x08, 0x60, 0x08,
    0x60, 0x08, 0x60, 0x08, 0x60, 0x08, 0x60, 0x08, 0x60, 0x08, 0x60, 0x08,
    0x60, 0x08, 0x60, 0x08, 0x60, 0x08, 0x60, 0x08, 0x60, 0x08, 0x60, 0x08,
    0x60, 0x08, 0x60, 0x08, 0x60, 0x08, 0x40, 0x00, 0x64, 0x21, 0x20, 0x00,
    0x85, 0x29, 0x00, 0x00, 0x60, 0x08, 0xa5, 0x31, 0xc1, 0x10, 0xc6, 0x31,
    0xe2, 0x18, 0x21, 0x00, 0x61, 0x00, 0x41, 0x08, 0x41, 0x08, 0x60, 0x08,
    0x60, 0x08, 0x41, 0x00, 0x41, 0x00, 0x40, 0x08, 0x40, 0x08, 0x60, 0x08,
    0x60, 0x08, 0x21, 0x08, 0x40, 0x00, 0x66, 0x31, 0x81, 0x08, 0x45, 0x41,
    0x24, 0x89, 0x82, 0x58, 0xe2, 0x10, 0xc2, 0x10, 0xf1, 0x7b, 0x51, 0x84,
    0x2d, 0x6b, 0xe5, 0x41, 0x2e, 0x5b, 0x24, 0x29, 0x92, 0x8c, 0x6b, 0x4a,
    0x2c, 0x63, 0xcf, 0x83, 0xc6, 0x39, 0x2d, 0x63, 0xa8, 0x39, 0x89, 0x52,
    0xaf, 0x6b, 0x6a, 0x52, 0x6e, 0x6b, 0x83, 0x31, 0xc2, 0x18, 0xe2, 0x18,
    0xe2, 0x18, 0xe2, 0x18, 0xe2, 0x18, 0xe2, 0x18, 0xe2, 0x18, 0xe2, 0x18,
    0xe2, 0x18, 0xe2, 0x18, 0xe2, 0x18, 0xc1, 0x10, 0x45, 0x29, 0x40, 0x08,
    0x60, 0x08, 0x60, 0x08, 0x61, 0x08, 0x42, 0x08, 0x81, 0x10, 0x81, 0x10,
    0x81, 0x10, 0x80, 0x08, 0x81, 0x10, 0x80, 0x10, 0x81, 0x10, 0x80, 0x10,
    0x81, 0x08, 0x81, 0x10, 0x60, 0x08, 0xa5, 0x31, 0x07, 0x3a, 0xa1, 0x10,
    0x65, 0x21, 0x00, 0x00, 0xac, 0x5a, 0x84, 0x18, 0x22, 0x08, 0x34, 0xa5,
    0xbb, 0xce, 0x00, 0x00, 0x60, 0x08, 0x60, 0x08, 0x60, 0x08, 0x60, 0x08,
    0x60, 0x08, 0x60, 0x08, 0x60, 0x08, 0x60, 0x08, 0x60, 0x08, 0x60, 0x08,
    0x60, 0x08, 0x60, 0x08, 0x60, 0x08, 0x60, 0x08, 0x60, 0x08, 0x60, 0x08,
    0x60, 0x08, 0x60, 0x08, 0x60, 0x08, 0x60, 0x08, 0x60, 0x08, 0x60, 0x08,
    0x60, 0x08, 0x60, 0x08, 0x60, 0x08, 0x60, 0x08, 0x60, 0x08, 0x60, 0x08,
    0x60, 0x08, 0x60, 0x08, 0x60, 0x08, 0x60, 0x08, 0x60, 0x08, 0x60, 0x08,
    0x60, 0x08, 0x60, 0x08, 0x60, 0x08, 0x60, 0x08, 0x60, 0x08, 0x60, 0x08,
    0x60, 0x08, 0x60, 0x08, 0x60, 0x08, 0x60, 0x08, 0x60, 0x08, 0x60, 0x08,
    0x60, 0x08, 0x60, 0x08, 0x60, 0x08, 0x60, 0x08, 0x60, 0x08, 0x60, 0x08,
    0x60, 0x08, 0x60, 0x08, 0x60, 0x08, 0x60, 0x08, 0x60, 0x08, 0x60, 0x08,
    0x60, 0x08, 0x60, 0x08, 0x40, 0x00, 0xe6, 0x41, 0x48, 0x4a, 0x44, 0x29,
    0xe6, 0x39, 0x95, 0xb5, 0x64, 0x29, 0x2f, 0x84, 0xa1, 0x10, 0x40, 0x00,
    0x60, 0x08, 0x60, 0x08, 0x60, 0x08, 0x60, 0x08, 0x60, 0x08, 0xe2, 0x18,
    0xe2, 0x18, 0xe2, 0x18, 0xe2, 0x18, 0xc1, 0x10, 0x60, 0x08, 0xee, 0x7b,
    0x6c, 0x6b, 0xa1, 0x10, 0xe2, 0x18, 0xe2, 0x18, 0xa1, 0x10, 0xe2, 0x18,
    0xe2, 0x18, 0xe2, 0x18, 0xa1, 0x10, 0xca, 0x5a, 0x2f, 0x84, 0x60, 0x08,
    0xc1, 0x10, 0xc2, 0x18, 0xe2, 0x18, 0xe2, 0x18, 0x60, 0x08, 0xe7, 0x29,
    0xe4, 0x40, 0x55, 0xfd, 0xe8, 0xb1, 0x85, 0x19, 0x39, 0xae, 0x59, 0xbe,
    0x37, 0xbe, 0x91, 0x84, 0xb2, 0x84, 0x33, 0x9d, 0x40, 0x00, 0x8d, 0x73,
    0x10, 0x84, 0xcf, 0x7b, 0xaa, 0x52, 0xa6, 0x29, 0xdb, 0xd6, 0x92, 0x8c,
    0x00, 0x00, 0xe2, 0x18, 0x97, 0xa5, 0x9c, 0xf7, 0x2e, 0x9c, 0xd2, 0x01,
    0xde, 0x9e, 0xe7, 0x08, 0x40, 0x08, 0x60, 0x08, 0x60, 0x08, 0x60, 0x08,
    0x60, 0x08, 0x60, 0x08, 0x60, 0x08, 0x60, 0x08, 0x60, 0x08, 0x60, 0x08,
    0x60, 0x08, 0x60, 0x08, 0x60, 0x08, 0x60, 0x08, 0x60, 0x08, 0x60, 0x08,
    0x60, 0x08, 0x60, 0x08, 0x60, 0x08, 0x60, 0x08, 0x60, 0x08, 0x60, 0x08,
    0x60, 0x08, 0x60, 0x08, 0x60, 0x08, 0x40, 0x08, 0x65, 0x21, 0x20, 0x00,
    0x44, 0x21, 0x84, 0x31, 0x74, 0xad, 0xb1, 0x94, 0xa9, 0x52, 0xb5, 0xb5,
    0x2b, 0x63, 0x41, 0x08, 0xa3, 0x10, 0xc4, 0x18, 0xa3, 0x10, 0xc1, 0x10,
    0x40, 0x08, 0x25, 0x21, 0x45, 0x21, 0x42, 0x08, 0x42, 0x00, 0x62, 0x08,
    0x40, 0x00, 0x45, 0x21, 0x20, 0x00, 0x08, 0x3a, 0xa1, 0x10, 0x82, 0x78,
    0x48, 0x42, 0xa1, 0x08, 0xe2, 0x18, 0x81, 0x08, 0xd3, 0x9c, 0xed, 0x52,
    0x15, 0x9d, 0x68, 0x52, 0x03, 0x19, 0x8f, 0x73, 0xf1, 0x6b, 0x8f, 0x83,
    0xf2, 0x94, 0x6f, 0x6b, 0x83, 0x31, 0x0c, 0x63, 0x05, 0x21, 0x2f, 0x84,
    0x29, 0x42, 0x92, 0x84, 0x52, 0x84, 0x06, 0x4a, 0xc2, 0x10, 0xe2, 0x18,
    0xe2, 0x18, 0xe2, 0x18, 0xe2, 0x18, 0xe2, 0x18, 0xe2, 0x18, 0xe2, 0x18,
    0xe2, 0x18, 0xe2, 0x18, 0xe2, 0x18, 0xc2, 0x10, 0x45, 0x29, 0x40, 0x00,
    0x60, 0x08, 0x60, 0x08, 0x42, 0x08, 0x27, 0x29, 0xc2, 0x18, 0xe2, 0x18,
    0xe2, 0x18, 0xe2, 0x18, 0xe2, 0x18, 0xe2, 0x18, 0xe2, 0x18, 0xe2, 0x18,
    0xe2, 0x18, 0x02, 0x19, 0x80, 0x08, 0x03, 0x21, 0x47, 0x42, 0x60, 0x08,
    0x65, 0x29, 0x00, 0x00, 0xcc, 0x5a, 0xa5, 0x18, 0x43, 0x10, 0x34, 0x9d,
    0xbb, 0xce, 0x00, 0x00, 0x60, 0x08, 0x60, 0x08, 0x60, 0x08, 0x60, 0x08,
    0x60, 0x08, 0x60, 0x08, 0x60, 0x08, 0x60, 0x08, 0x60, 0x08, 0x60, 0x08,
    0x60, 0x08, 0x60, 0x08, 0x60, 0x08, 0x60, 0x08, 0x60, 0x08, 0x60, 0x08,
    0x60, 0x08, 0x60, 0x08, 0x60, 0x08, 0x60, 0x08, 0x60, 0x08, 0x60, 0x08,
    0x60, 0x08, 0x60, 0x08, 0x60, 0x08, 0x60, 0x08, 0x60, 0x08, 0x60, 0x08,
    0x60, 0x08, 0x60, 0x08, 0x60, 0x08, 0x60, 0x08, 0x60, 0x08, 0x60, 0x08,
    0x60, 0x08, 0x60, 0x08, 0x60, 0x08, 0x60, 0x08, 0x60, 0x08, 0x60, 0x08,
    0x60, 0x08, 0x60, 0x08, 0x60, 0x08, 0x60, 0x08, 0x60, 0x08, 0x60, 0x08,
    0x60, 0x08, 0x60, 0x08, 0x60, 0x08, 0x60, 0x08, 0x60, 0x08, 0x60, 0x08,
    0x60, 0x08, 0x60, 0x08, 0x60, 0x08, 0x60, 0x08, 0x60, 0x08, 0x60, 0x08,
    0x60, 0x08, 0x60, 0x08, 0x40, 0x00, 0x07, 0x42, 0x00, 0x00, 0x64, 0x29,
    0x27, 0x42, 0x43, 0x21, 0x43, 0x21, 0x27, 0x42, 0xc2, 0x18, 0x40, 0x00,
    0x60, 0x08, 0x60, 0x08, 0x60, 0x08, 0x60, 0x08, 0x60, 0x08, 0x02, 0x19,
    0xe2, 0x18, 0xe2, 0x18, 0xe2, 0x18, 0xe2, 0x18, 0xa1, 0x10, 0x89, 0x52,
    0x6c, 0x6b, 0xa1, 0x10, 0xe2, 0x18, 0xe2, 0x18, 0xa1, 0x10, 0x02, 0x19,
    0xe2, 0x18, 0xe2, 0x18, 0xa1, 0x10, 0xa9, 0x52, 0x0e, 0x7c, 0x81, 0x10,
    0xe2, 0x18, 0xe2, 0x18, 0xe2, 0x18, 0xe2, 0x18, 0x80, 0x10, 0xa6, 0x29,
    0x45, 0x11, 0x41, 0x38, 0x03, 0x29, 0x04, 0x11, 0xae, 0x6b, 0xe7, 0x31,
    0xa2, 0x08, 0x03, 0x11, 0xe4, 0x10, 0x04, 0x11, 0x61, 0x00, 0x8d, 0x73,
    0x10, 0x84, 0xcf, 0x7b, 0x68, 0x4a, 0xe3, 0x08, 0xdb, 0xce, 0x92, 0x8c,
    0x00, 0x00, 0xc2, 0x10, 0x9b, 0xbe, 0xbe, 0xef, 0xf7, 0xb5, 0x71, 0x01,
    0xba, 0x34, 0xe7, 0x08, 0x40, 0x08, 0x60, 0x08, 0x60, 0x08, 0x60, 0x08,
    0x60, 0x08, 0x60, 0x08, 0x60, 0x08, 0x60, 0x08, 0x60, 0x08, 0x60, 0x08,
    0x60, 0x08, 0x60, 0x08, 0x60, 0x08, 0x60, 0x08, 0x60, 0x08, 0x60, 0x08,
    0x60, 0x08, 0x60, 0x08, 0x60, 0x08, 0x60, 0x08, 0x60, 0x08, 0x60, 0x08,
    0x60, 0x08, 0x60, 0x08, 0x60, 0x08, 0x40, 0x08, 0x65, 0x29, 0x20, 0x00,
    0x23, 0x21, 0x8c, 0x6b, 0xd6, 0xb5, 0x54, 0xad, 0x89, 0x52, 0xf2, 0x9c,
    0x2b, 0x63, 0x41, 0x08, 0xc3, 0x18, 0x62, 0x08, 0xe3, 0x10, 0xa2, 0x10,
    0x40, 0x00, 0x06, 0x19, 0x05, 0x19, 0xc4, 0x18, 0x25, 0x21, 0xe4, 0x18,
    0x41, 0x08, 0x66, 0x29, 0x41, 0x08, 0xc7, 0x31, 0x80, 0x20, 0x65, 0x29,
    0x48, 0x42, 0xa2, 0x10, 0xc2, 0x18, 0x44, 0x19, 0x2c, 0x63, 0x89, 0x52,
    0x28, 0x42, 0xc5, 0x39, 0x27, 0x3a, 0x07, 0x3a, 0x70, 0x8c, 0x28, 0x3a,
    0x68, 0x4a, 0x44, 0x29, 0xe6, 0x39, 0x86, 0x29, 0xc9, 0x5a, 0x2b, 0x63,
    0x64, 0x29, 0xa6, 0x31, 0x69, 0x42, 0x43, 0x29, 0xe2, 0x18, 0xe2, 0x18,
    0xe2, 0x18, 0xe2, 0x18, 0xe2, 0x18, 0xe2, 0x18, 0xe2, 0x18, 0xe2, 0x18,
    0xe2, 0x18, 0xe2, 0x18, 0xe2, 0x18, 0xc1, 0x10, 0x45, 0x29, 0x40, 0x08,
    0x60, 0x08, 0x60, 0x08, 0x42, 0x08, 0xa5, 0x20, 0xc2, 0x18, 0xe2, 0x18,
    0xe2, 0x18, 0xe2, 0x18, 0xe2, 0x18, 0xe2, 0x18, 0xe2, 0x18, 0xe2, 0x18,
    0xe2, 0x18, 0xe2, 0x18, 0x81, 0x10, 0xc1, 0x18, 0xe2, 0x18, 0x60, 0x08,
    0x85, 0x29, 0x00, 0x00, 0xac, 0x5a, 0xa5, 0x18, 0x43, 0x10, 0x54, 0xa5,
    0xba, 0xce, 0x00, 0x00, 0x00, 0x00, 0x20, 0x00, 0x00, 0x00, 0x20, 0x00,
    0x20, 0x00, 0x00, 0x00, 0x20, 0x00, 0x20, 0x00, 0x00, 0x00, 0x20, 0x00,
    0x20, 0x00, 0x00, 0x00, 0x20, 0x00, 0x20, 0x00, 0x20, 0x00, 0x00, 0x00,
    0x20, 0x00, 0x20, 0x00, 0x20, 0x00, 0x20, 0x00, 0x20, 0x00, 0x20, 0x00,
    0x20, 0x00, 0x20, 0x00, 0x20, 0x00, 0x20, 0x00, 0x20, 0x00, 0x20, 0x00,
    0x20, 0x00, 0x20, 0x00, 0x20, 0x00, 0x00, 0x00, 0x20, 0x00, 0x20, 0x00,
    0x20, 0x00, 0x20, 0x00, 0x20, 0x00, 0x20, 0x00, 0x20, 0x00, 0x20, 0x00,
    0x20, 0x00, 0x20, 0x00, 0x20, 0x00, 0x20, 0x00, 0x20, 0x00, 0x20, 0x00,
    0x20, 0x00, 0x20, 0x00, 0x20, 0x00, 0x20, 0x00, 0x20, 0x00, 0x20, 0x00,
    0x20, 0x00, 0x20, 0x00, 0x20, 0x00, 0x20, 0x00, 0x20, 0x00, 0x20, 0x00,
    0x00, 0x00, 0x20, 0x00, 0x00, 0x00, 0x88, 0x4a, 0xea, 0x5a, 0xea, 0x5a,
    0x89, 0x4a, 0xc9, 0x52, 0xea, 0x5a, 0x07, 0x42, 0xe2, 0x18, 0x40, 0x00,
    0x60, 0x08, 0x60, 0x08, 0x60, 0x08, 0x40, 0x08, 0x40, 0x08, 0x60, 0x08,
    0x40, 0x08, 0x40, 0x08, 0x60, 0x08, 0x40, 0x08, 0x60, 0x08, 0x20, 0x00,
    0x20, 0x00, 0x40, 0x08, 0x40, 0x08, 0x40, 0x08, 0x40, 0x08, 0x60, 0x08,
    0x40, 0x08, 0x40, 0x08, 0x40, 0x08, 0x20, 0x00, 0x00, 0x00, 0x40, 0x08,
    0x60, 0x08, 0x60, 0x08, 0x40, 0x08, 0x60, 0x08, 0x60, 0x08, 0x60, 0x00,
    0x40, 0x00, 0x60, 0x00, 0x40, 0x00, 0x40, 0x00, 0x20, 0x00, 0x20, 0x00,
    0x40, 0x00, 0x40, 0x00, 0x40, 0x00, 0x60, 0x00, 0x00, 0x00, 0x8d, 0x73,
    0x10, 0x84, 0xcf, 0x7b, 0xc9, 0x52, 0xc6, 0x39, 0xfb, 0xd6, 0x91, 0x84,
    0x00, 0x00, 0x44, 0x21, 0xa7, 0x21, 0x1e, 0xc7, 0x0c, 0x53, 0x4f, 0x1a,
    0x95, 0x33, 0x67, 0x19, 0x40, 0x00, 0x60, 0x08, 0x60, 0x08, 0x60, 0x08,
    0x60, 0x08, 0x60, 0x08, 0x60, 0x08, 0x60, 0x08, 0x60, 0x08, 0x60, 0x08,
    0x60, 0x08, 0x60, 0x08, 0x60, 0x08, 0x60, 0x08, 0x60, 0x08, 0x60, 0x08,
    0x60, 0x08, 0x60, 0x08, 0x60, 0x08, 0x60, 0x08, 0x60, 0x08, 0x60, 0x08,
    0x60, 0x08, 0x60, 0x08, 0x60, 0x08, 0x40, 0x00, 0x65, 0x21, 0x20, 0x00,
    0x44, 0x21, 0x64, 0x29, 0x17, 0xc6, 0x2f, 0x84, 0xa9, 0x52, 0x33, 0xa5,
    0x2b, 0x63, 0x41, 0x08, 0x41, 0x08, 0xc2, 0x10, 0xe3, 0x18, 0x23, 0x19,
    0x40, 0x08, 0x05, 0x19, 0xe4, 0x18, 0xe4, 0x18, 0x05, 0x19, 0xe4, 0x18,
    0x41, 0x08, 0xc4, 0x18, 0x40, 0x00, 0xe8, 0x39, 0xa1, 0x10, 0xa1, 0x10,
    0xa1, 0x10, 0xe2, 0x18, 0xe2, 0x18, 0xe2, 0x18, 0xa1, 0x10, 0xa1, 0x10,
    0xc1, 0x10, 0xc1, 0x10, 0xc1, 0x18, 0xc2, 0x10, 0x24, 0x21, 0xa1, 0x10,
    0xa1, 0x10, 0xc2, 0x10, 0xc2, 0x10, 0xc1, 0x18, 0xa1, 0x10, 0xa1, 0x10,
    0xc2, 0x18, 0xc1, 0x10, 0xc1, 0x10, 0xc2, 0x18, 0xe2, 0x18, 0xe2, 0x18,
    0xe2, 0x18, 0xe2, 0x18, 0xe2, 0x18, 0xe2, 0x18, 0xe2, 0x18, 0xe2, 0x18,
    0xe2, 0x18, 0xe2, 0x18, 0xe2, 0x18, 0xc1, 0x10, 0x45, 0x29, 0x40, 0x08,
    0x60, 0x08, 0x60, 0x08, 0x41, 0x08, 0xc5, 0x20, 0xc3, 0x18, 0xe2, 0x18,
    0xe2, 0x18, 0xe2, 0x18, 0x02, 0x19, 0xe2, 0x18, 0xe2, 0x18, 0x02, 0x19,
    0xe2, 0x18, 0x02, 0x19, 0x80, 0x08, 0xc6, 0x31, 0x4b, 0x6b, 0x60, 0x08,
    0x65, 0x21, 0x00, 0x00, 0xcc, 0x5a, 0xa4, 0x18, 0x43, 0x10, 0x53, 0x9d,
    0xdb, 0xce, 0x06, 0x42, 0x89, 0x52, 0x89, 0x52, 0x89, 0x52, 0x89, 0x52,
    0x89, 0x52, 0x89, 0x52, 0x89, 0x52, 0x89, 0x52, 0x89, 0x52, 0x89, 0x52,
    0x89, 0x52, 0x89, 0x52, 0x89, 0x52, 0x89, 0x52, 0x89, 0x52, 0x89, 0x52,
    0x89, 0x52, 0x89, 0x52, 0x89, 0x52, 0x89, 0x52, 0x89, 0x52, 0x89, 0x52,
    0x89, 0x52, 0x89, 0x52, 0x89, 0x52, 0x89, 0x52, 0x89, 0x52, 0x89, 0x52,
    0x89, 0x52, 0x88, 0x52, 0x89, 0x52, 0x89, 0x52, 0x89, 0x52, 0x88, 0x52,
    0x89, 0x52, 0x89, 0x52, 0x89, 0x52, 0x88, 0x52, 0x89, 0x52, 0x89, 0x52,
    0x89, 0x52, 0x89, 0x52, 0x89, 0x52, 0x48, 0x4a, 0x89, 0x52, 0x89, 0x52,
    0x48, 0x4a, 0x48, 0x4a, 0x49, 0x52, 0x89, 0x52, 0x89, 0x52, 0x28, 0x4a,
    0x49, 0x4a, 0x48, 0x4a, 0x69, 0x52, 0x89, 0x52, 0x68, 0x4a, 0x49, 0x52,
    0x28, 0x4a, 0x49, 0x52, 0x48, 0x4a, 0x08, 0x4a, 0x27, 0x42, 0x48, 0x4a,
    0x48, 0x4a, 0x48, 0x42, 0x68, 0x4a, 0x07, 0x42, 0xe2, 0x18, 0xa1, 0x10,
    0xa1, 0x10, 0xa1, 0x10, 0xa1, 0x10, 0xa1, 0x10, 0xa1, 0x10, 0xa1, 0x10,
    0xa1, 0x10, 0xa1, 0x10, 0xa1, 0x10, 0xa1, 0x10, 0x80, 0x08, 0x60, 0x08,
    0x60, 0x08, 0x60, 0x08, 0x60, 0x08, 0x60, 0x08, 0x60, 0x08, 0x60, 0x08,
    0x60, 0x08, 0x60, 0x08, 0x60, 0x08, 0x60, 0x08, 0x60, 0x08, 0x60, 0x08,
    0x60, 0x08, 0x60, 0x08, 0x60, 0x08, 0x60, 0x08, 0x60, 0x08, 0x60, 0x08,
    0x60, 0x08, 0x60, 0x08, 0x60, 0x08, 0x60, 0x08, 0x60, 0x08, 0x60, 0x08,
    0x60, 0x08, 0x60, 0x08, 0x80, 0x10, 0x80, 0x08, 0x20, 0x00, 0x8d, 0x73,
    0x10, 0x84, 0xaf, 0x7b, 0x4c, 0x6b, 0x00, 0x00, 0xdb, 0xce, 0xb2, 0x8c,
    0x00, 0x00, 0x85, 0x29, 0x00, 0x00, 0x00, 0x00, 0x81, 0x08, 0x20, 0x00,
    0x01, 0x00, 0x40, 0x00, 0x60, 0x08, 0x60, 0x08, 0x60, 0x08, 0x60, 0x08,
    0x60, 0x08, 0x60, 0x08, 0x60, 0x08, 0x60, 0x08, 0x60, 0x08, 0x60, 0x08,
    0x60, 0x08, 0x60, 0x08, 0x60, 0x08, 0x60, 0x08, 0x60, 0x08, 0x60, 0x08,
    0x60, 0x08, 0x60, 0x08, 0x60, 0x08, 0x60, 0x08, 0x60, 0x08, 0x60, 0x08,
    0x60, 0x08, 0x60, 0x08, 0x60, 0x08, 0x40, 0x08, 0x65, 0x21, 0x20, 0x00,
    0x85, 0x29, 0x00, 0x00, 0x80, 0x10, 0x43, 0x21, 0x60, 0x08, 0xe2, 0x18,
    0x80, 0x08, 0x41, 0x00, 0x40, 0x08, 0x60, 0x08, 0x41, 0x00, 0x40, 0x00,
    0x60, 0x08, 0x40, 0x00, 0x21, 0x08, 0x20, 0x00, 0x83, 0x08, 0x41, 0x08,
    0x21, 0x08, 0x60, 0x00, 0x40, 0x08, 0xc7, 0x39, 0xa1, 0x10, 0x87, 0x5a,
    0x63, 0x29, 0xc1, 0x18, 0xe2, 0x18, 0xe2, 0x18, 0xa1, 0x10, 0xe2, 0x18,
    0xe2, 0x18, 0xe2, 0x18, 0xe2, 0x18, 0xc2, 0x18, 0xa1, 0x10, 0xc1, 0x10,
    0xc1, 0x18, 0xa1, 0x10, 0xe2, 0x18, 0xa1, 0x10, 0xe2, 0x10, 0xe2, 0x18,
    0xc2, 0x18, 0xe2, 0x18, 0xe2, 0x18, 0xc1, 0x18, 0xe2, 0x18, 0xe2, 0x18,
    0xe2, 0x18, 0xe2, 0x18, 0xe2, 0x18, 0xe2, 0x18, 0xe2, 0x18, 0xe2, 0x18,
    0xe2, 0x18, 0xe2, 0x18, 0xe2, 0x18, 0xc2, 0x10, 0x45, 0x29, 0x40, 0x00,
    0x60, 0x08, 0x60, 0x08, 0x61, 0x08, 0x42, 0x10, 0x81, 0x10, 0x81, 0x10,
    0x81, 0x10, 0xa1, 0x10, 0x81, 0x10, 0x81, 0x10, 0x81, 0x10, 0x81, 0x10,
    0x81, 0x10, 0x81, 0x10, 0x80, 0x08, 0xc2, 0x18, 0xe2, 0x18, 0x60, 0x08,
    0x85, 0x29, 0x00, 0x00, 0xcc, 0x5a, 0xa5, 0x18, 0x43, 0x10, 0x54, 0xa5,
    0xba, 0xce, 0x00, 0x00, 0x00, 0x00, 0x00, 0x00, 0x00, 0x00, 0x00, 0x00,
    0x00, 0x00, 0x00, 0x00, 0x00, 0x00, 0x00, 0x00, 0x00, 0x00, 0x00, 0x00,
    0x00, 0x00, 0x00, 0x00, 0x00, 0x00, 0x00, 0x00, 0x00, 0x00, 0x00, 0x00,
    0x00, 0x00, 0x00, 0x00, 0x00, 0x00, 0x00, 0x00, 0x00, 0x00, 0x00, 0x00,
    0x00, 0x00, 0x00, 0x00, 0x00, 0x00, 0x00, 0x00, 0x00, 0x00, 0x00, 0x00,
    0x00, 0x00, 0x00, 0x00, 0x00, 0x00, 0x00, 0x00, 0x00, 0x00, 0x00, 0x00,
    0x00, 0x00, 0x00, 0x00, 0x00, 0x00, 0x00, 0x00, 0x00, 0x00, 0x00, 0x00,
    0x00, 0x00, 0x00, 0x00, 0x00, 0x00, 0x02, 0x1b, 0x00, 0x00, 0x40, 0x00,
    0x42, 0x12, 0x81, 0x0a, 0x21, 0x0a, 0x00, 0x00, 0x00, 0x00, 0x42, 0x13,
    0x62, 0x1a, 0x61, 0x0a, 0xa0, 0x00, 0x00, 0x00, 0x41, 0x11, 0x00, 0x02,
    0x03, 0x1b, 0x60, 0x01, 0x22, 0x13, 0xc1, 0x09, 0xa0, 0x01, 0x00, 0x00,
    0x00, 0x00, 0x00, 0x00, 0x07, 0x3a, 0x89, 0x52, 0x84, 0x29, 0xc1, 0x10,
    0xe2, 0x18, 0xe2, 0x18, 0xe2, 0x18, 0xe2, 0x18, 0xe2, 0x18, 0xe2, 0x18,
    0xe2, 0x18, 0xe2, 0x18, 0xe2, 0x18, 0xc1, 0x10, 0x07, 0x3a, 0x4d, 0x63,
    0x4c, 0x5b, 0x0b, 0x53, 0x2c, 0x5b, 0x2c, 0x5b, 0x2c, 0x5b, 0x2c, 0x5b,
    0x2c, 0x5b, 0x2c, 0x5b, 0x0c, 0x53, 0x2c, 0x5b, 0x0b, 0x53, 0x0b, 0x53,
    0x0b, 0x53, 0xeb, 0x52, 0x2c, 0x5b, 0x2c, 0x5b, 0x2c, 0x5b, 0xeb, 0x5a,
    0x2c, 0x5b, 0x2c, 0x5b, 0x2c, 0x5b, 0x2c, 0x5b, 0x4d, 0x5b, 0x4c, 0x5b,
    0x4c, 0x63, 0x0c, 0x5b, 0x89, 0x52, 0xed, 0x62, 0x8c, 0x5a, 0x33, 0xa5,
    0x10, 0x84, 0xaf, 0x7b, 0x4b, 0x63, 0x00, 0x00, 0xfb, 0xd6, 0xb2, 0x8c,
    0x00, 0x00, 0x85, 0x29, 0x40, 0x00, 0x60, 0x08, 0x60, 0x08, 0x60, 0x08,
    0x60, 0x08, 0x60, 0x08, 0x60, 0x08, 0x60, 0x08, 0x60, 0x08, 0x60, 0x08,
    0x60, 0x08, 0x60, 0x08, 0x60, 0x08, 0x60, 0x08, 0x60, 0x08, 0x60, 0x08,
    0x60, 0x08, 0x60, 0x08, 0x60, 0x08, 0x60, 0x08, 0x60, 0x08, 0x60, 0x08,
    0x60, 0x08, 0x60, 0x08, 0x60, 0x08, 0x60, 0x08, 0x60, 0x08, 0x60, 0x08,
    0x60, 0x08, 0x60, 0x08, 0x60, 0x08, 0x40, 0x08, 0x64, 0x29, 0x20, 0x00,
    0x85, 0x29, 0x40, 0x08, 0x20, 0x00, 0x00, 0x00, 0x40, 0x00, 0x00, 0x00,
    0x20, 0x00, 0x60, 0x08, 0x60, 0x08, 0x60, 0x08, 0x60, 0x08, 0x60, 0x08,
    0x60, 0x08, 0x60, 0x08, 0x60, 0x08, 0x60, 0x08, 0x41, 0x08, 0x40, 0x10,
    0x60, 0x08, 0x60, 0x08, 0x40, 0x00, 0x66, 0x29, 0x40, 0x08, 0xff, 0xff,
    0xd9, 0x7c, 0x81, 0x08, 0xe2, 0x18, 0x81, 0x08, 0x8d, 0x6b, 0x60, 0x10,
    0xa1, 0x10, 0x80, 0x10, 0x81, 0x08, 0x24, 0x19, 0xea, 0x5a, 0xa6, 0x39,
    0xe4, 0x18, 0x8d, 0x6b, 0x40, 0x10, 0x0c, 0x5b, 0x03, 0x29, 0x61, 0x08,
    0x63, 0x29, 0x80, 0x08, 0x80, 0x08, 0xa7, 0x39, 0xc1, 0x10, 0xc1, 0x10,
    0xe2, 0x18, 0xe2, 0x18, 0xe2, 0x18, 0xe2, 0x18, 0xe2, 0x18, 0xe2, 0x18,
    0xe2, 0x18, 0xe2, 0x18, 0xe2, 0x18, 0xc1, 0x10, 0x45, 0x29, 0x40, 0x08,
    0x60, 0x08, 0x60, 0x08, 0x60, 0x08, 0xa0, 0x10, 0x80, 0x08, 0x81, 0x10,
    0xa0, 0x08, 0x80, 0x08, 0x81, 0x10, 0xa0, 0x08, 0x80, 0x08, 0x81, 0x10,
    0xa1, 0x10, 0x80, 0x08, 0x81, 0x10, 0x60, 0x08, 0x60, 0x08, 0x40, 0x00,
    0x65, 0x29, 0x00, 0x00, 0xac, 0x5a, 0xa5, 0x18, 0x43, 0x10, 0x54, 0xa5,
    0xba, 0xce, 0x00, 0x00, 0x20, 0x00, 0x20, 0x00, 0x20, 0x00, 0x20, 0x00,
    0x20, 0x00, 0x20, 0x00, 0x20, 0x00, 0x20, 0x00, 0x20, 0x00, 0x20, 0x00,
    0x20, 0x00, 0x20, 0x00, 0x20, 0x00, 0x20, 0x00, 0x20, 0x00, 0x20, 0x00,
    0x20, 0x00, 0x20, 0x00, 0x20, 0x00, 0x20, 0x00, 0x20, 0x00, 0x20, 0x00,
    0x20, 0x00, 0x20, 0x00, 0x20, 0x00, 0x20, 0x00, 0x20, 0x00, 0x20, 0x00,
    0x20, 0x00, 0x20, 0x00, 0x20, 0x00, 0x20, 0x00, 0x20, 0x00, 0x20, 0x00,
    0x20, 0x00, 0x20, 0x00, 0x20, 0x00, 0x20, 0x00, 0x20, 0x00, 0x20, 0x00,
    0x20, 0x00, 0x20, 0x00, 0x00, 0x00, 0x41, 0x0b, 0xe1, 0x08, 0x20, 0x01,
    0x82, 0x13, 0xc1, 0x15, 0xa0, 0x03, 0x00, 0x00, 0x00, 0x00, 0x60, 0x03,
    0xa3, 0x1b, 0xe2, 0x1c, 0xa2, 0x11, 0x00, 0x00, 0x03, 0x23, 0xc1, 0x0e,
    0xc2, 0x1d, 0x82, 0x1a, 0xe1, 0x0c, 0xa1, 0x0b, 0x01, 0x0b, 0x00, 0x00,
    0x20, 0x00, 0x00, 0x00, 0x07, 0x3a, 0x89, 0x52, 0x44, 0x29, 0x40, 0x00,
    0x40, 0x08, 0x40, 0x08, 0x60, 0x08, 0x60, 0x00, 0x40, 0x08, 0x60, 0x08,
    0x60, 0x00, 0x40, 0x08, 0x60, 0x08, 0x20, 0x00, 0x48, 0x42, 0x8e, 0x63,
    0x2d, 0x5b, 0x96, 0xa5, 0xef, 0x73, 0x4c, 0x5b, 0x6d, 0x63, 0x2c, 0x5b,
    0x4d, 0x5b, 0x2d, 0x53, 0x13, 0x95, 0x2c, 0x5b, 0xd7, 0xad, 0xd3, 0x84,
    0x14, 0xa5, 0x18, 0xb6, 0x2c, 0x5b, 0x2c, 0x5b, 0x2d, 0x53, 0xb6, 0xb5,
    0x6d, 0x63, 0x4d, 0x5b, 0x4d, 0x5b, 0x6d, 0x63, 0x6d, 0x63, 0x6d, 0x63,
    0x6d, 0x63, 0x2d, 0x5b, 0x48, 0x4a, 0xa5, 0x18, 0x84, 0x10, 0x33, 0xa5,
    0x10, 0x84, 0xcf, 0x7b, 0x4b, 0x63, 0x00, 0x00, 0xdb, 0xd6, 0x91, 0x8c,
    0x00, 0x00, 0x85, 0x29, 0x40, 0x00, 0x60, 0x08, 0x60, 0x08, 0x60, 0x08,
    0x60, 0x08, 0x60, 0x08, 0x60, 0x08, 0x60, 0x08, 0x60, 0x08, 0x60, 0x08,
    0x60, 0x08, 0x60, 0x08, 0x60, 0x08, 0x60, 0x08, 0x60, 0x08, 0x60, 0x08,
    0x60, 0x08, 0x60, 0x08, 0x60, 0x08, 0x60, 0x08, 0x60, 0x08, 0x60, 0x08,
    0x60, 0x08, 0x60, 0x08, 0x60, 0x08, 0x60, 0x08, 0x60, 0x08, 0x60, 0x08,
    0x60, 0x08, 0x60, 0x08, 0x60, 0x08, 0x40, 0x00, 0x65, 0x21, 0x20, 0x00,
    0x85, 0x29, 0x00, 0x00, 0x23, 0x21, 0x68, 0x4a, 0x03, 0x21, 0xa9, 0x52,
    0x64, 0x29, 0x20, 0x00, 0x82, 0x08, 0x61, 0x08, 0x42, 0x08, 0x82, 0x08,
    0x40, 0x08, 0x62, 0x08, 0x61, 0x08, 0x40, 0x08, 0x60, 0x08, 0x60, 0x00,
    0x60, 0x08, 0x41, 0x08, 0x20, 0x00, 0x66, 0x31, 0x60, 0x08, 0xbd, 0xce,
    0x1d, 0x65, 0x40, 0x00, 0xc1, 0x18, 0x29, 0x3a, 0x63, 0x31, 0xcd, 0x5a,
    0xeb, 0x5a, 0xb0, 0x7b, 0x8c, 0x6b, 0xac, 0x4a, 0x65, 0x39, 0x15, 0x95,
    0x8b, 0x52, 0x18, 0xae, 0x22, 0x31, 0x6f, 0x5b, 0x6e, 0x6b, 0x6f, 0x6b,
    0x0f, 0x84, 0xef, 0x7b, 0x4e, 0x6b, 0xb3, 0x9c, 0xae, 0x6b, 0x64, 0x29,
    0xc2, 0x18, 0xe2, 0x18, 0xe2, 0x18, 0xe2, 0x18, 0xe2, 0x18, 0xe2, 0x18,
    0xe2, 0x18, 0xe2, 0x18, 0xe2, 0x18, 0xc1, 0x10, 0x45, 0x29, 0x40, 0x08,
    0x60, 0x08, 0x60, 0x08, 0x81, 0x08, 0x63, 0x08, 0x81, 0x10, 0xa1, 0x10,
    0xa1, 0x10, 0x81, 0x10, 0xa1, 0x10, 0xa1, 0x10, 0xa1, 0x10, 0xa1, 0x10,
    0xa0, 0x08, 0xa1, 0x10, 0x60, 0x08, 0xa5, 0x31, 0x27, 0x42, 0xa1, 0x10,
    0x64, 0x29, 0x00, 0x00, 0xcc, 0x5a, 0xa4, 0x18, 0x43, 0x10, 0x54, 0xa5,
    0xba, 0xce, 0x00, 0x00, 0x20, 0x00, 0x20, 0x00, 0x20, 0x00, 0x20, 0x00,
    0x20, 0x00, 0x20, 0x00, 0x20, 0x00, 0x20, 0x00, 0x20, 0x00, 0x20, 0x00,
    0x20, 0x00, 0x20, 0x00, 0x20, 0x00, 0x20, 0x00, 0x20, 0x00, 0x20, 0x00,
    0x20, 0x00, 0x20, 0x00, 0x20, 0x00, 0x20, 0x00, 0x20, 0x00, 0x20, 0x00,
    0x20, 0x00, 0x20, 0x00, 0x20, 0x00, 0x20, 0x00, 0x20, 0x00, 0x20, 0x00,
    0x20, 0x00, 0x20, 0x00, 0x20, 0x00, 0x20, 0x00, 0x20, 0x00, 0x20, 0x00,
    0x20, 0x00, 0x20, 0x00, 0x20, 0x00, 0x20, 0x00, 0x20, 0x00, 0x20, 0x00,
    0x20, 0x00, 0x20, 0x00, 0x00, 0x00, 0x62, 0x1d, 0x00, 0x00, 0x60, 0x01,
    0xc0, 0x01, 0x41, 0x14, 0x02, 0x16, 0xc1, 0x08, 0x00, 0x00, 0xa0, 0x03,
    0x83, 0x23, 0x22, 0x15, 0x63, 0x1b, 0x00, 0x00, 0x24, 0x23, 0xc0, 0x05,
    0xa2, 0x16, 0x02, 0x13, 0x61, 0x0c, 0xe1, 0x13, 0x81, 0x13, 0x00, 0x00,
    0x20, 0x00, 0x00, 0x00, 0x07, 0x3a, 0x88, 0x52, 0x44, 0x29, 0x40, 0x00,
    0x60, 0x08, 0x60, 0x08, 0x60, 0x08, 0x60, 0x08, 0x60, 0x08, 0x60, 0x08,
    0x60, 0x08, 0x60, 0x08, 0x60, 0x08, 0x20, 0x00, 0x28, 0x42, 0xeb, 0x52,
    0x0d, 0x4b, 0xf7, 0xb5, 0xf8, 0xad, 0x39, 0xbe, 0xba, 0xce, 0x79, 0xbe,
    0xf8, 0xbd, 0xda, 0xc6, 0xfc, 0xd6, 0x70, 0x94, 0x15, 0x95, 0xf4, 0x94,
    0x35, 0xa5, 0x39, 0xae, 0xb7, 0xb5, 0xfb, 0xce, 0x3a, 0xbe, 0x1c, 0xdf,
    0x72, 0x84, 0x7a, 0xce, 0xdb, 0xce, 0xee, 0x83, 0x8a, 0x42, 0xab, 0x4a,
    0xeb, 0x52, 0xcb, 0x4a, 0xe7, 0x39, 0xcf, 0x73, 0x06, 0x29, 0x13, 0xa5,
    0x10, 0x84, 0xaf, 0x7b, 0x4c, 0x63, 0x00, 0x00, 0xdb, 0xd6, 0xb2, 0x84,
    0x00, 0x00, 0x85, 0x29, 0x40, 0x00, 0x60, 0x08, 0x60, 0x08, 0x60, 0x08,
    0x60, 0x08, 0x60, 0x08, 0x60, 0x08, 0x60, 0x08, 0x60, 0x08, 0x60, 0x08,
    0x60, 0x08, 0x60, 0x08, 0x60, 0x08, 0x60, 0x08, 0x60, 0x08, 0x60, 0x08,
    0x60, 0x08, 0x60, 0x08, 0x60, 0x08, 0x60, 0x08, 0x60, 0x08, 0x60, 0x08,
    0x60, 0x08, 0x60, 0x08, 0x60, 0x08, 0x60, 0x08, 0x60, 0x08, 0x60, 0x08,
    0x60, 0x08, 0x60, 0x08, 0x60, 0x08, 0x40, 0x08, 0x65, 0x21, 0x20, 0x00,
    0x44, 0x21, 0x06, 0x3a, 0x94, 0xad, 0xb1, 0x94, 0x89, 0x52, 0x94, 0xad,
    0x2b, 0x63, 0x00, 0x00, 0xe4, 0x18, 0xc2, 0x18, 0xa4, 0x18, 0xe3, 0x10,
    0x60, 0x08, 0x25, 0x21, 0x25, 0x19, 0x63, 0x08, 0x62, 0x08, 0x83, 0x08,
    0x60, 0x00, 0x66, 0x29, 0x20, 0x00, 0xe8, 0x39, 0x60, 0x10, 0x78, 0x95,
    0x5e, 0xbe, 0x29, 0x42, 0x80, 0x10, 0xe8, 0x31, 0x10, 0x7c, 0x31, 0x84,
    0x71, 0x7c, 0x4f, 0x73, 0x65, 0x4a, 0xe3, 0x18, 0x4d, 0x6b, 0x6f, 0x5b,
    0x8d, 0x7b, 0x52, 0x7c, 0x40, 0x18, 0xf1, 0x73, 0xb2, 0x84, 0xcd, 0x62,
    0x71, 0x8c, 0x8d, 0x6b, 0x4c, 0x4a, 0x50, 0x8c, 0x2c, 0x53, 0x07, 0x4a,
    0xc1, 0x10, 0xe2, 0x18, 0xe2, 0x18, 0xe2, 0x18, 0xe2, 0x18, 0xe2, 0x18,
    0xe2, 0x18, 0xe2, 0x18, 0xe2, 0x18, 0xc2, 0x10, 0x45, 0x29, 0x40, 0x00,
    0x60, 0x08, 0x60, 0x08, 0x23, 0x08, 0x27, 0x29, 0xc2, 0x18, 0xe2, 0x18,
    0xe2, 0x18, 0xe2, 0x18, 0xe2, 0x18, 0xe2, 0x18, 0xe2, 0x18, 0xe2, 0x18,
    0xe2, 0x18, 0xe2, 0x18, 0x81, 0x10, 0x02, 0x19, 0xe6, 0x39, 0x60, 0x08,
    0x85, 0x29, 0x00, 0x00, 0xcc, 0x5a, 0xa5, 0x18, 0x43, 0x10, 0x54, 0xa5,
    0xba, 0xce, 0x00, 0x00, 0x20, 0x00, 0x20, 0x00, 0x20, 0x00, 0x20, 0x00,
    0x20, 0x00, 0x20, 0x00, 0x20, 0x00, 0x20, 0x00, 0x20, 0x00, 0x20, 0x00,
    0x20, 0x00, 0x20, 0x00, 0x20, 0x00, 0x20, 0x00, 0x20, 0x00, 0x20, 0x00,
    0x20, 0x00, 0x20, 0x00, 0x20, 0x00, 0x20, 0x00, 0x20, 0x00, 0x20, 0x00,
    0x20, 0x00, 0x20, 0x00, 0x20, 0x00, 0x20, 0x00, 0x20, 0x00, 0x20, 0x00,
    0x20, 0x00, 0x20, 0x00, 0x20, 0x00, 0x20, 0x00, 0x20, 0x00, 0x20, 0x00,
    0x20, 0x00, 0x20, 0x00, 0x20, 0x00, 0x20, 0x00, 0x20, 0x00, 0x20, 0x00,
    0x20, 0x00, 0x00, 0x00, 0x00, 0x00, 0x20, 0x00, 0x00, 0x00, 0x00, 0x00,
    0x00, 0x00, 0x60, 0x00, 0x20, 0x00, 0x60, 0x00, 0x00, 0x00, 0x00, 0x00,
    0x00, 0x00, 0x20, 0x00, 0x80, 0x00, 0x40, 0x00, 0x00, 0x00, 0x00, 0x00,
    0x40, 0x00, 0x00, 0x00, 0x60, 0x00, 0x60, 0x00, 0x20, 0x00, 0x20, 0x00,
    0x20, 0x00, 0x00, 0x00, 0x07, 0x42, 0x89, 0x52, 0x64, 0x29, 0x40, 0x00,
    0x60, 0x08, 0x60, 0x08, 0x60, 0x08, 0x60, 0x08, 0x60, 0x08, 0x60, 0x08,
    0x60, 0x08, 0x60, 0x08, 0x60, 0x08, 0x20, 0x00, 0x07, 0x3a, 0x07, 0x32,
    0x87, 0x21, 0x5a, 0xc6, 0xba, 0xce, 0x72, 0x84, 0x97, 0xad, 0xb9, 0xce,
    0x52, 0x8c, 0xb1, 0x8c, 0xfc, 0xd6, 0x71, 0x94, 0x39, 0xbe, 0x96, 0xa5,
    0x54, 0xad, 0xf3, 0x84, 0x19, 0xbe, 0xba, 0xce, 0x92, 0x84, 0x3c, 0xe7,
    0x31, 0x7c, 0x3d, 0xdf, 0x38, 0xc6, 0x8e, 0x6b, 0x32, 0x84, 0x0f, 0x84,
    0xc7, 0x29, 0xe7, 0x29, 0x47, 0x42, 0xc8, 0x39, 0x87, 0x31, 0x12, 0x9d,
    0x10, 0x84, 0xaf, 0x7b, 0x4b, 0x63, 0x00, 0x00, 0xfb, 0xd6, 0x92, 0x8c,
    0x00, 0x00, 0x84, 0x29, 0x20, 0x00, 0x60, 0x08, 0x60, 0x08, 0x60, 0x08,
    0x60, 0x08, 0x60, 0x08, 0x60, 0x08, 0x60, 0x08, 0x60, 0x08, 0x60, 0x08,
    0x60, 0x08, 0x60, 0x08, 0x60, 0x08, 0x60, 0x08, 0x60, 0x08, 0x60, 0x08,
    0x60, 0x08, 0x60, 0x08, 0x60, 0x08, 0x60, 0x08, 0x60, 0x08, 0x60, 0x08,
    0x60, 0x08, 0x60, 0x08, 0x60, 0x08, 0x60, 0x08, 0x60, 0x08, 0x60, 0x08,
    0x60, 0x08, 0x60, 0x08, 0x60, 0x08, 0x40, 0x08, 0x65, 0x29, 0x20, 0x00,
    0x23, 0x21, 0x6c, 0x6b, 0xb5, 0xb5, 0x74, 0xad, 0x89, 0x52, 0xd1, 0x94,
    0x2b, 0x63, 0x00, 0x00, 0x04, 0x19, 0x03, 0x19, 0xc5, 0x10, 0xc3, 0x10,
    0x40, 0x00, 0x06, 0x19, 0x05, 0x19, 0xa4, 0x18, 0x25, 0x21, 0xc4, 0x10,
    0x41, 0x08, 0x45, 0x29, 0x41, 0x08, 0xc7, 0x39, 0xa0, 0x10, 0xe9, 0x21,
    0x2e, 0x73, 0x49, 0x4a, 0xc1, 0x10, 0xa1, 0x10, 0xeb, 0x5a, 0x85, 0x31,
    0xe6, 0x31, 0x48, 0x4a, 0x22, 0x21, 0xa5, 0x29, 0x47, 0x4a, 0x65, 0x29,
    0x64, 0x29, 0x85, 0x29, 0xa5, 0x39, 0x03, 0x21, 0x85, 0x29, 0x48, 0x4a,
    0x07, 0x3a, 0x89, 0x52, 0xe3, 0x18, 0xa9, 0x52, 0xa9, 0x52, 0xe2, 0x18,
    0xe2, 0x18, 0xe2, 0x18, 0xe2, 0x18, 0xe2, 0x18, 0xe2, 0x18, 0xe2, 0x18,
    0xe2, 0x18, 0xe2, 0x18, 0xe2, 0x18, 0xc1, 0x18, 0x45, 0x29, 0x40, 0x08,
    0x60, 0x08, 0x60, 0x08, 0x41, 0x08, 0xa5, 0x20, 0xc2, 0x18, 0xe2, 0x18,
    0xe2, 0x18, 0xe2, 0x18, 0xe2, 0x18, 0xe2, 0x18, 0xe2, 0x18, 0xe2, 0x18,
    0xe2, 0x18, 0xe2, 0x18, 0x80, 0x08, 0x02, 0x19, 0x23, 0x21, 0x60, 0x08,
    0x65, 0x29, 0x00, 0x00, 0xac, 0x5a, 0xa5, 0x18, 0x43, 0x10, 0x54, 0x9d,
    0xba, 0xce, 0x00, 0x00, 0x20, 0x00, 0x20, 0x00, 0x20, 0x00, 0x20, 0x00,
    0x20, 0x00, 0x20, 0x00, 0x20, 0x00, 0x20, 0x00, 0x20, 0x00, 0x20, 0x00,
    0x20, 0x00, 0x20, 0x00, 0x20, 0x00, 0x20, 0x00, 0x20, 0x00, 0x20, 0x00,
    0x20, 0x00, 0x20, 0x00, 0x20, 0x00, 0x20, 0x00, 0x20, 0x00, 0x20, 0x00,
    0x20, 0x00, 0x20, 0x00, 0x20, 0x00, 0x20, 0x00, 0x20, 0x00, 0x20, 0x00,
    0x20, 0x00, 0x20, 0x00, 0x20, 0x00, 0x20, 0x00, 0x20, 0x00, 0x20, 0x00,
    0x20, 0x00, 0x20, 0x00, 0x20, 0x00, 0x20, 0x00, 0x20, 0x00, 0x20, 0x00,
    0x00, 0x00, 0x80, 0x29, 0xa4, 0x9c, 0xc2, 0x9c, 0xe2, 0x62, 0xc5, 0x9c,
    0x45, 0x8c, 0x00, 0x00, 0xe3, 0x7b, 0x08, 0x84, 0x47, 0xa5, 0x28, 0xc6,
    0x45, 0xad, 0x81, 0x08, 0x67, 0x63, 0x44, 0x42, 0xa7, 0xad, 0x88, 0x8c,
    0x44, 0x4a, 0x47, 0xe7, 0xc3, 0x73, 0x8b, 0x84, 0x00, 0x00, 0x20, 0x00,
    0x20, 0x00, 0x00, 0x00, 0x07, 0x3a, 0x89, 0x52, 0x64, 0x29, 0x40, 0x00,
    0x40, 0x08, 0x40, 0x08, 0x60, 0x08, 0x60, 0x08, 0x60, 0x08, 0x40, 0x00,
    0x60, 0x08, 0x60, 0x08, 0x60, 0x08, 0x40, 0x00, 0x24, 0x21, 0x45, 0x19,
    0x44, 0x21, 0xe3, 0x08, 0xc3, 0x10, 0x03, 0x11, 0xe3, 0x10, 0xc3, 0x08,
    0xe3, 0x10, 0xe4, 0x10, 0xc3, 0x10, 0xe4, 0x10, 0xe3, 0x10, 0xe3, 0x10,
    0xe3, 0x10, 0x03, 0x11, 0xe3, 0x08, 0xc3, 0x10, 0x03, 0x11, 0xc3, 0x08,
    0x03, 0x11, 0xc3, 0x08, 0xc3, 0x10, 0x04, 0x11, 0x04, 0x19, 0x03, 0x19,
    0x45, 0x19, 0x24, 0x19, 0x48, 0x4a, 0x01, 0x00, 0x00, 0x00, 0x33, 0xa5,
    0x10, 0x84, 0xcf, 0x7b, 0x4b, 0x63, 0x00, 0x00, 0xdb, 0xd6, 0x92, 0x8c,
    0x00, 0x00, 0x85, 0x29, 0x40, 0x00, 0x60, 0x08, 0x60, 0x08, 0x60, 0x08,
    0x60, 0x08, 0x60, 0x08, 0x60, 0x08, 0x60, 0x08, 0x60, 0x08, 0x60, 0x08,
    0x60, 0x08, 0x60, 0x08, 0x60, 0x08, 0x60, 0x08, 0x60, 0x08, 0x60, 0x08,
    0x60, 0x08, 0x60, 0x08, 0x60, 0x08, 0x60, 0x08, 0x60, 0x08, 0x60, 0x08,
    0x60, 0x08, 0x60, 0x08, 0x60, 0x08, 0x60, 0x08, 0x60, 0x08, 0x60, 0x08,
    0x60, 0x08, 0x60, 0x08, 0x60, 0x08, 0x40, 0x00, 0x64, 0x21, 0x20, 0x00,
    0x64, 0x21, 0x02, 0x21, 0xf6, 0xbd, 0x0f, 0x7c, 0x88, 0x52, 0x54, 0xad,
    0x2b, 0x63, 0x20, 0x00, 0x24, 0x19, 0xa1, 0x10, 0x84, 0x10, 0x24, 0x19,
    0x60, 0x08, 0xe4, 0x18, 0xc4, 0x18, 0xc4, 0x18, 0x04, 0x19, 0xc4, 0x18,
    0x41, 0x08, 0xc3, 0x10, 0x40, 0x00, 0xe8, 0x39, 0x60, 0x08, 0x60, 0x08,
    0x40, 0x00, 0x60, 0x08, 0x81, 0x10, 0x81, 0x10, 0x60, 0x08, 0x80, 0x08,
    0x60, 0x08, 0x60, 0x08, 0x81, 0x08, 0x80, 0x08, 0x60, 0x08, 0x80, 0x08,
    0x81, 0x08, 0x60, 0x08, 0x80, 0x08, 0x80, 0x08, 0x60, 0x08, 0x60, 0x08,
    0x60, 0x08, 0x60, 0x08, 0x80, 0x08, 0x60, 0x08, 0x60, 0x08, 0x81, 0x10,
    0x81, 0x10, 0x81, 0x10, 0x81, 0x10, 0x81, 0x10, 0x81, 0x10, 0x81, 0x10,
    0x81, 0x10, 0x81, 0x10, 0x81, 0x10, 0x60, 0x08, 0x65, 0x29, 0x40, 0x00,
    0x60, 0x08, 0x60, 0x08, 0x41, 0x08, 0xa5, 0x18, 0xc2, 0x20, 0xe2, 0x18,
    0xe2, 0x18, 0xe2, 0x18, 0xe2, 0x18, 0xe2, 0x18, 0xe2, 0x18, 0xe2, 0x18,
    0xe2, 0x18, 0x02, 0x19, 0x60, 0x08, 0xa5, 0x31, 0x6c, 0x6b, 0x60, 0x08,
    0x65, 0x21, 0x00, 0x00, 0xcc, 0x5a, 0xa4, 0x18, 0x43, 0x10, 0x54, 0xa5,
    0xda, 0xce, 0x00, 0x00, 0x20, 0x00, 0x20, 0x00, 0x20, 0x00, 0x20, 0x00,
    0x20, 0x00, 0x20, 0x00, 0x20, 0x00, 0x20, 0x00, 0x20, 0x00, 0x20, 0x00,
    0x20, 0x00, 0x20, 0x00, 0x20, 0x00, 0x20, 0x00, 0x20, 0x00, 0x20, 0x00,
    0x20, 0x00, 0x20, 0x00, 0x20, 0x00, 0x20, 0x00, 0x20, 0x00, 0x20, 0x00,
    0x20, 0x00, 0x20, 0x00, 0x20, 0x00, 0x20, 0x00, 0x20, 0x00, 0x20, 0x00,
    0x20, 0x00, 0x20, 0x00, 0x20, 0x00, 0x20, 0x00, 0x20, 0x00, 0x20, 0x00,
    0x20, 0x00, 0x20, 0x00, 0x20, 0x00, 0x20, 0x00, 0x20, 0x00, 0x20, 0x00,
    0x00, 0x00, 0xa0, 0x10, 0x62, 0xad, 0x20, 0x63, 0xc0, 0x5a, 0x64, 0xd6,
    0xc5, 0x7b, 0x00, 0x00, 0xe0, 0x7b, 0xe3, 0x83, 0x45, 0xa5, 0x60, 0x8c,
    0x09, 0xe7, 0x61, 0x00, 0x46, 0x63, 0x23, 0x3a, 0x42, 0xef, 0x03, 0x9d,
    0xa7, 0x6b, 0xe5, 0xbd, 0xa2, 0xd6, 0x48, 0x7c, 0x00, 0x00, 0x20, 0x00,
    0x20, 0x00, 0x00, 0x00, 0x07, 0x3a, 0x89, 0x52, 0x64, 0x29, 0x00, 0x00,
    0x00, 0x00, 0x40, 0x08, 0x40, 0x00, 0x00, 0x00, 0x00, 0x00, 0x20, 0x00,
    0x00, 0x00, 0x20, 0x00, 0x00, 0x00, 0x00, 0x00, 0x00, 0x00, 0x00, 0x00,
    0x00, 0x00, 0x00, 0x00, 0x00, 0x00, 0x00, 0x00, 0x00, 0x00, 0x00, 0x00,
    0x00, 0x00, 0x00, 0x00, 0x00, 0x00, 0x00, 0x00, 0x00, 0x00, 0x00, 0x00,
    0x00, 0x00, 0x00, 0x00, 0x00, 0x00, 0x00, 0x00, 0x00, 0x00, 0x00, 0x00,
    0x00, 0x00, 0x00, 0x00, 0x00, 0x00, 0x00, 0x00, 0x00, 0x00, 0x20, 0x00,
    0x00, 0x00, 0x00, 0x00, 0x28, 0x42, 0xec, 0x62, 0x6a, 0x4a, 0xf2, 0xa4,
    0x10, 0x84, 0xaf, 0x7b, 0x4c, 0x63, 0x00, 0x00, 0xdb, 0xd6, 0xb1, 0x84,
    0x00, 0x00, 0x85, 0x29, 0x40, 0x00, 0x60, 0x08, 0x60, 0x08, 0x60, 0x08,
    0x60, 0x08, 0x60, 0x08, 0x60, 0x08, 0x60, 0x08, 0x60, 0x08, 0x60, 0x08,
    0x60, 0x08, 0x60, 0x08, 0x60, 0x08, 0x60, 0x08, 0x60, 0x08, 0x60, 0x08,
    0x60, 0x08, 0x60, 0x08, 0x60, 0x08, 0x60, 0x08, 0x60, 0x08, 0x60, 0x08,
    0x60, 0x08, 0x60, 0x08, 0x60, 0x08, 0x60, 0x08, 0x60, 0x08, 0x60, 0x08,
    0x60, 0x08, 0x60, 0x08, 0x60, 0x08, 0x40, 0x08, 0x65, 0x29, 0x20, 0x00,
    0x85, 0x29, 0x20, 0x00, 0x00, 0x00, 0xc1, 0x10, 0x20, 0x00, 0x20, 0x00,
    0x20, 0x00, 0x60, 0x08, 0x40, 0x00, 0x60, 0x00, 0x21, 0x08, 0x40, 0x00,
    0x60, 0x08, 0x60, 0x00, 0x20, 0x08, 0x40, 0x00, 0x83, 0x08, 0x21, 0x08,
    0x41, 0x08, 0x60, 0x08, 0x40, 0x08, 0xe3, 0x18, 0xe9, 0x41, 0xc8, 0x41,
    0xe8, 0x41, 0xc8, 0x39, 0x08, 0x42, 0xc8, 0x39, 0xe8, 0x39, 0xc8, 0x39,
    0xc8, 0x41, 0xc8, 0x41, 0xc8, 0x39, 0xc8, 0x41, 0xc8, 0x41, 0xc8, 0x41,
    0xc8, 0x41, 0xc8, 0x41, 0xc8, 0x41, 0xc8, 0x41, 0xc8, 0x41, 0xc8, 0x39,
    0xc8, 0x41, 0xc8, 0x41, 0xc8, 0x39, 0xc8, 0x39, 0xc8, 0x41, 0xc8, 0x39,
    0xc8, 0x39, 0xc8, 0x39, 0xc8, 0x39, 0xc8, 0x39, 0xe8, 0x39, 0xc8, 0x39,
    0xc8, 0x39, 0xc8, 0x39, 0xc8, 0x39, 0xe9, 0x41, 0xa2, 0x10, 0x40, 0x08,
    0x60, 0x08, 0x60, 0x08, 0x81, 0x08, 0x42, 0x10, 0x80, 0x08, 0x81, 0x10,
    0x80, 0x08, 0x81, 0x10, 0x80, 0x08, 0x81, 0x10, 0x80, 0x08, 0x81, 0x10,
    0x81, 0x10, 0x81, 0x10, 0x81, 0x10, 0xc1, 0x10, 0x81, 0x10, 0x60, 0x08,
    0x85, 0x29, 0x00, 0x00, 0xcc, 0x5a, 0xa5, 0x18, 0x43, 0x10, 0x54, 0xa5,
    0xbb, 0xce, 0x00, 0x00, 0x20, 0x00, 0x20, 0x00, 0x20, 0x00, 0x20, 0x00,
    0x20, 0x00, 0x20, 0x00, 0x20, 0x00, 0x20, 0x00, 0x20, 0x00, 0x20, 0x00,
    0x20, 0x00, 0x20, 0x00, 0x20, 0x00, 0x20, 0x00, 0x20, 0x00, 0x20, 0x00,
    0x20, 0x00, 0x20, 0x00, 0x20, 0x00, 0x20, 0x00, 0x20, 0x00, 0x20, 0x00,
    0x20, 0x00, 0x20, 0x00, 0x20, 0x00, 0x20, 0x00, 0x20, 0x00, 0x20, 0x00,
    0x20, 0x00, 0x20, 0x00, 0x20, 0x00, 0x20, 0x00, 0x20, 0x00, 0x20, 0x00,
    0x20, 0x00, 0x20, 0x00, 0x20, 0x00, 0x20, 0x00, 0x20, 0x00, 0x20, 0x00,
    0x00, 0x00, 0xc0, 0x10, 0xc2, 0x5a, 0x00, 0x3a, 0x01, 0x3a, 0x42, 0x4a,
    0xe2, 0x62, 0x00, 0x00, 0x40, 0x42, 0x63, 0x52, 0x80, 0x29, 0xe0, 0x31,
    0xa6, 0x73, 0x21, 0x19, 0xe4, 0x52, 0x84, 0x42, 0x00, 0x63, 0x85, 0x4a,
    0x62, 0x6b, 0x84, 0x63, 0xe1, 0x5a, 0xe6, 0x73, 0x00, 0x00, 0x20, 0x00,
    0x20, 0x00, 0x00, 0x00, 0x07, 0x3a, 0x88, 0x52, 0x02, 0x21, 0x8c, 0x6b,
    0x89, 0x4a, 0x10, 0x74, 0x0c, 0x53, 0x86, 0x29, 0xb2, 0x8c, 0x50, 0xa4,
    0x00, 0x00, 0x00, 0x00, 0x81, 0x08, 0x61, 0x08, 0x61, 0x08, 0x28, 0x42,
    0xca, 0x5a, 0x8d, 0x73, 0x85, 0x29, 0xce, 0x7b, 0xee, 0x7b, 0x07, 0x42,
    0xad, 0x73, 0x81, 0x08, 0x24, 0x21, 0xa2, 0x10, 0xc2, 0x10, 0x00, 0x00,
    0x50, 0x8c, 0x00, 0x00, 0x89, 0x52, 0x00, 0x00, 0x48, 0x42, 0x00, 0x00,
    0x4c, 0x6b, 0x61, 0x08, 0x6d, 0x6b, 0x44, 0x29, 0xae, 0x63, 0x30, 0x7c,
    0x07, 0x3a, 0xc2, 0x10, 0x29, 0x4a, 0x06, 0x29, 0x00, 0x00, 0x54, 0xa5,
    0x10, 0x84, 0xaf, 0x7b, 0x4b, 0x63, 0x00, 0x00, 0xfb, 0xd6, 0x92, 0x8c,
    0x00, 0x00, 0x85, 0x29, 0x20, 0x00, 0x60, 0x08, 0x60, 0x08, 0x60, 0x08,
    0x60, 0x08, 0x60, 0x08, 0x60, 0x08, 0x40, 0x08, 0x60, 0x08, 0x60, 0x08,
    0x60, 0x08, 0x60, 0x08, 0x60, 0x08, 0x60, 0x08, 0x60, 0x08, 0x60, 0x08,
    0x60, 0x08, 0x60, 0x08, 0x60, 0x08, 0x60, 0x08, 0x60, 0x08, 0x60, 0x08,
    0x60, 0x08, 0x60, 0x08, 0x60, 0x08, 0x60, 0x08, 0x60, 0x08, 0x60, 0x08,
    0x60, 0x08, 0x60, 0x08, 0x60, 0x08, 0x40, 0x00, 0x65, 0x29, 0x20, 0x00,
    0x85, 0x29, 0x40, 0x08, 0x20, 0x00, 0x00, 0x00, 0x20, 0x00, 0x00, 0x00,
    0x20, 0x00, 0x60, 0x08, 0x40, 0x08, 0x60, 0x08, 0x60, 0x08, 0x60, 0x08,
    0x60, 0x08, 0x60, 0x08, 0x60, 0x08, 0x60, 0x08, 0x41, 0x00, 0x40, 0x10,
    0x60, 0x08, 0x60, 0x08, 0x60, 0x08, 0x40, 0x08, 0x40, 0x00, 0x40, 0x00,
    0x40, 0x00, 0x40, 0x00, 0x40, 0x00, 0x40, 0x00, 0x20, 0x00, 0x40, 0x00,
    0x40, 0x00, 0x40, 0x00, 0x40, 0x00, 0x40, 0x00, 0x40, 0x00, 0x40, 0x00,
    0x40, 0x00, 0x40, 0x00, 0x40, 0x00, 0x40, 0x00, 0x40, 0x00, 0x40, 0x00,
    0x40, 0x00, 0x40, 0x00, 0x40, 0x00, 0x40, 0x00, 0x40, 0x00, 0x40, 0x00,
    0x40, 0x00, 0x40, 0x00, 0x40, 0x00, 0x40, 0x00, 0x40, 0x00, 0x40, 0x00,
    0x40, 0x00, 0x40, 0x00, 0x40, 0x00, 0x40, 0x00, 0x60, 0x08, 0x60, 0x08,
    0x60, 0x08, 0x60, 0x08, 0x60, 0x08, 0x81, 0x08, 0x80, 0x08, 0x80, 0x08,
    0x81, 0x10, 0x80, 0x08, 0x80, 0x08, 0x80, 0x08, 0x80, 0x08, 0x80, 0x08,
    0x80, 0x08, 0x81, 0x10, 0x80, 0x08, 0xa1, 0x10, 0xc1, 0x10, 0x40, 0x08,
    0x65, 0x29, 0x00, 0x00, 0xac, 0x5a, 0xa5, 0x18, 0x43, 0x10, 0x54, 0x9d,
    0xba, 0xce, 0x00, 0x00, 0x20, 0x00, 0x20, 0x00, 0x20, 0x00, 0x20, 0x00,
    0x20, 0x00, 0x20, 0x00, 0x20, 0x00, 0x20, 0x00, 0x20, 0x00, 0x20, 0x00,
    0x20, 0x00, 0x20, 0x00, 0x20, 0x00, 0x20, 0x00, 0x20, 0x00, 0x20, 0x00,
    0x20, 0x00, 0x20, 0x00, 0x20, 0x00, 0x20, 0x00, 0x20, 0x00, 0x20, 0x00,
    0x20, 0x00, 0x20, 0x00, 0x20, 0x00, 0x20, 0x00, 0x20, 0x00, 0x20, 0x00,
    0x20, 0x00, 0x20, 0x00, 0x20, 0x00, 0x20, 0x00, 0x20, 0x00, 0x20, 0x00,
    0x20, 0x00, 0x20, 0x00, 0x20, 0x00, 0x20, 0x00, 0x20, 0x00, 0x20, 0x00,
    0x20, 0x00, 0x00, 0x00, 0x00, 0x00, 0x00, 0x00, 0x00, 0x00, 0x00, 0x00,
    0x00, 0x00, 0x20, 0x00, 0x00, 0x00, 0x00, 0x00, 0x00, 0x00, 0x00, 0x00,
    0x00, 0x00, 0x63, 0x29, 0x03, 0x19, 0x00, 0x00, 0x00, 0x00, 0x00, 0x00,
    0x00, 0x00, 0x00, 0x00, 0x00, 0x00, 0x00, 0x00, 0x20, 0x00, 0x20, 0x00,
    0x20, 0x00, 0x00, 0x00, 0x07, 0x3a, 0x89, 0x52, 0x43, 0x21, 0x81, 0x10,
    0xee, 0x73, 0x0c, 0x53, 0xe7, 0x31, 0x3d, 0xd7, 0xfd, 0xff, 0x73, 0xb5,
    0x00, 0x00, 0x00, 0x00, 0xca, 0x5a, 0x89, 0x52, 0x1a, 0xdf, 0x48, 0x42,
    0x48, 0x4a, 0xeb, 0x5a, 0x13, 0xa5, 0xf3, 0x9c, 0x8d, 0x73, 0x89, 0x52,
    0x00, 0x00, 0x50, 0x8c, 0x91, 0x8c, 0x12, 0x9d, 0x33, 0xa5, 0xa6, 0x31,
    0x4c, 0x6b, 0x00, 0x00, 0xce, 0x73, 0xf3, 0x9c, 0xd2, 0x9c, 0x61, 0x08,
    0x48, 0x4a, 0x81, 0x08, 0xae, 0x73, 0xf2, 0x9c, 0xcb, 0x4a, 0x2c, 0x5b,
    0x28, 0x42, 0x8d, 0x73, 0xe8, 0x41, 0x26, 0x29, 0x01, 0x00, 0x53, 0xad,
    0x10, 0x84, 0xaf, 0x7b, 0x4b, 0x63, 0x00, 0x00, 0xdb, 0xd6, 0xb2, 0x8c,
    0x00, 0x00, 0x84, 0x29, 0x40, 0x00, 0x60, 0x08, 0x60, 0x08, 0x60, 0x08,
    0x60, 0x08, 0x60, 0x08, 0x40, 0x00, 0x81, 0x08, 0x40, 0x08, 0x20, 0x00,
    0x20, 0x00, 0x00, 0x00, 0x20, 0x00, 0x40, 0x00, 0x60, 0x08, 0x60, 0x08,
    0x60, 0x08, 0x60, 0x08, 0x60, 0x08, 0x60, 0x08, 0x60, 0x08, 0x60, 0x08,
    0x60, 0x08, 0x60, 0x08, 0x60, 0x08, 0x60, 0x08, 0x60, 0x08, 0x60, 0x08,
    0x60, 0x08, 0x60, 0x08, 0x60, 0x08, 0x40, 0x00, 0x65, 0x21, 0x20, 0x00,
    0x65, 0x29, 0x00, 0x00, 0xe6, 0x39, 0x0b, 0x63, 0x64, 0x29, 0x8c, 0x6b,
    0xc5, 0x39, 0x21, 0x00, 0xe3, 0x08, 0x40, 0x08, 0x40, 0x08, 0x40, 0x08,
    0x41, 0x00, 0x21, 0x08, 0x40, 0x08, 0x82, 0x08, 0x82, 0x10, 0x40, 0x00,
    0x41, 0x00, 0x60, 0x08, 0x60, 0x00, 0x62, 0x10, 0x21, 0x08, 0x42, 0x08,
    0x81, 0x08, 0x60, 0x08, 0x60, 0x08, 0xa3, 0x08, 0x42, 0x10, 0x60, 0x08,
    0x60, 0x08, 0x60, 0x08, 0x60, 0x08, 0x60, 0x08, 0x60, 0x08, 0x60, 0x08,
    0x60, 0x08, 0x60, 0x08, 0x60, 0x08, 0x60, 0x08, 0x60, 0x08, 0x60, 0x08,
    0x60, 0x08, 0x60, 0x08, 0x60, 0x08, 0x60, 0x08, 0x60, 0x08, 0x60, 0x08,
    0x60, 0x08, 0x60, 0x08, 0x60, 0x08, 0x60, 0x08, 0x60, 0x08, 0x60, 0x08,
    0x60, 0x08, 0x60, 0x08, 0x60, 0x08, 0x60, 0x08, 0x60, 0x08, 0x60, 0x08,
    0x60, 0x08, 0x60, 0x08, 0x61, 0x08, 0x83, 0x10, 0xa1, 0x18, 0xa1, 0x10,
    0xa1, 0x10, 0xa1, 0x10, 0xa1, 0x10, 0xa1, 0x10, 0xa1, 0x10, 0xa1, 0x10,
    0xa1, 0x10, 0xc1, 0x10, 0x60, 0x08, 0xa5, 0x31, 0x47, 0x42, 0x81, 0x10,
    0x65, 0x21, 0x00, 0x00, 0xcc, 0x5a, 0xa4, 0x20, 0x43, 0x10, 0x54, 0xa5,
    0xba, 0xce, 0x00, 0x00, 0x20, 0x00, 0x20, 0x00, 0x20, 0x00, 0x20, 0x00,
    0x20, 0x00, 0x20, 0x00, 0x20, 0x00, 0x20, 0x00, 0x20, 0x00, 0x20, 0x00,
    0x20, 0x00, 0x20, 0x00, 0x20, 0x00, 0x20, 0x00, 0x20, 0x00, 0x20, 0x00,
    0x20, 0x00, 0x20, 0x00, 0x20, 0x00, 0x20, 0x00, 0x20, 0x00, 0x20, 0x00,
    0x20, 0x00, 0x20, 0x00, 0x20, 0x00, 0x20, 0x00, 0x20, 0x00, 0x20, 0x00,
    0x20, 0x00, 0x20, 0x00, 0x20, 0x00, 0x20, 0x00, 0x20, 0x00, 0x20, 0x00,
    0x20, 0x00, 0x20, 0x00, 0x20, 0x00, 0x20, 0x00, 0x20, 0x00, 0x20, 0x00,
    0x20, 0x00, 0x20, 0x00, 0x20, 0x00, 0x20, 0x00, 0x20, 0x00, 0x20, 0x00,
    0x20, 0x00, 0x20, 0x00, 0x20, 0x00, 0x20, 0x00, 0x20, 0x00, 0x20, 0x00,
    0x20, 0x00, 0x00, 0x00, 0x00, 0x00, 0x20, 0x00, 0x20, 0x00, 0x20, 0x00,
    0x20, 0x00, 0x20, 0x00, 0x20, 0x00, 0x20, 0x00, 0x20, 0x00, 0x20, 0x00,
    0x20, 0x00, 0x00, 0x00, 0xe7, 0x41, 0x89, 0x52, 0x03, 0x19, 0xce, 0x7b,
    0xab, 0x4a, 0xcf, 0x73, 0x6a, 0x52, 0x5a, 0xae, 0xff, 0xe7, 0x98, 0x9d,
    0x00, 0x00, 0x00, 0x00, 0x69, 0x4a, 0xf2, 0x9c, 0xf2, 0x9c, 0x69, 0x4a,
    0x68, 0x4a, 0x91, 0x94, 0xad, 0x73, 0xd2, 0x94, 0x0b, 0x63, 0xca, 0x52,
    0x6c, 0x6b, 0x58, 0xc6, 0x0b, 0x63, 0x70, 0x8c, 0xce, 0x7b, 0x03, 0x21,
    0xeb, 0x5a, 0x00, 0x00, 0xa9, 0x52, 0xc6, 0x39, 0x07, 0x42, 0x61, 0x08,
    0xaa, 0x52, 0xa2, 0x10, 0xce, 0x7b, 0x74, 0xad, 0x4d, 0x5b, 0x6d, 0x63,
    0x4c, 0x63, 0x89, 0x4a, 0x08, 0x42, 0x27, 0x29, 0x01, 0x00, 0x53, 0xa5,
    0x10, 0x84, 0xcf, 0x7b, 0x4c, 0x63, 0x00, 0x00, 0xdb, 0xd6, 0xb1, 0x84,
    0x00, 0x00, 0x85, 0x29, 0x40, 0x00, 0x60, 0x08, 0x60, 0x08, 0x60, 0x08,
    0x60, 0x08, 0x40, 0x08, 0x04, 0x19, 0xcb, 0x4a, 0x81, 0x08, 0x8a, 0x42,
    0x28, 0x42, 0xae, 0x6b, 0x4f, 0x73, 0x86, 0x39, 0x40, 0x00, 0x60, 0x08,
    0x60, 0x08, 0x60, 0x08, 0x60, 0x08, 0x60, 0x08, 0x60, 0x08, 0x60, 0x08,
    0x60, 0x08, 0x60, 0x08, 0x60, 0x08, 0x60, 0x08, 0x60, 0x08, 0x60, 0x08,
    0x60, 0x08, 0x60, 0x08, 0x60, 0x08, 0x40, 0x08, 0x65, 0x29, 0x20, 0x00,
    0x43, 0x21, 0x68, 0x4a, 0x95, 0xb5, 0xb1, 0x94, 0x89, 0x52, 0x74, 0xad,
    0x2b, 0x63, 0x41, 0x08, 0x04, 0x19, 0x82, 0x08, 0x42, 0x10, 0xc3, 0x10,
    0xa2, 0x08, 0xc5, 0x20, 0x20, 0x08, 0x26, 0x21, 0x25, 0x19, 0xa3, 0x10,
    0x83, 0x08, 0x82, 0x10, 0x61, 0x08, 0x45, 0x21, 0x42, 0x08, 0xc4, 0x20,
    0xc2, 0x18, 0x40, 0x08, 0x40, 0x00, 0xc4, 0x18, 0xa3, 0x20, 0x40, 0x08,
    0x60, 0x08, 0x60, 0x08, 0x60, 0x08, 0x60, 0x08, 0x60, 0x08, 0x60, 0x08,
    0x60, 0x08, 0x60, 0x08, 0x60, 0x08, 0x60, 0x08, 0x60, 0x08, 0x60, 0x08,
    0x60, 0x08, 0x60, 0x08, 0x60, 0x08, 0x60, 0x08, 0x60, 0x08, 0x60, 0x08,
    0x60, 0x08, 0x60, 0x08, 0x60, 0x08, 0x60, 0x08, 0x60, 0x08, 0x60, 0x08,
    0x60, 0x08, 0x60, 0x08, 0x60, 0x08, 0x60, 0x08, 0x60, 0x08, 0x60, 0x08,
    0x60, 0x08, 0x60, 0x08, 0x23, 0x08, 0x27, 0x29, 0xc2, 0x18, 0xe2, 0x18,
    0xe2, 0x18, 0xe2, 0x18, 0xe2, 0x18, 0xe2, 0x18, 0xe2, 0x18, 0xe2, 0x18,
    0xe2, 0x18, 0xe2, 0x18, 0x81, 0x10, 0xc2, 0x18, 0x84, 0x31, 0x40, 0x08,
    0x85, 0x29, 0x00, 0x00, 0xcc, 0x5a, 0xa5, 0x18, 0x43, 0x10, 0x54, 0xa5,
    0xba, 0xce, 0x00, 0x00, 0x20, 0x00, 0x20, 0x00, 0x20, 0x00, 0x20, 0x00,
    0x20, 0x00, 0x20, 0x00, 0x20, 0x00, 0x20, 0x00, 0x20, 0x00, 0x20, 0x00,
    0x20, 0x00, 0x20, 0x00, 0x20, 0x00, 0x20, 0x00, 0x20, 0x00, 0x20, 0x00,
    0x20, 0x00, 0x20, 0x00, 0x20, 0x00, 0x20, 0x00, 0x20, 0x00, 0x20, 0x00,
    0x20, 0x00, 0x20, 0x00, 0x20, 0x00, 0x20, 0x00, 0x20, 0x00, 0x20, 0x00,
    0x20, 0x00, 0x20, 0x00, 0x20, 0x00, 0x20, 0x00, 0x20, 0x00, 0x20, 0x00,
    0x20, 0x00, 0x20, 0x00, 0x20, 0x00, 0x20, 0x00, 0x20, 0x00, 0x20, 0x00,
    0x20, 0x00, 0x20, 0x00, 0x20, 0x00, 0x20, 0x00, 0x20, 0x00, 0x20, 0x00,
    0x20, 0x00, 0x20, 0x00, 0x20, 0x00, 0x20, 0x00, 0x20, 0x00, 0x20, 0x00,
    0x20, 0x00, 0x20, 0x00, 0x20, 0x00, 0x20, 0x00, 0x20, 0x00, 0x20, 0x00,
    0x20, 0x00, 0x20, 0x00, 0x20, 0x00, 0x20, 0x00, 0x20, 0x00, 0x20, 0x00,
    0x20, 0x00, 0x00, 0x00, 0x07, 0x3a, 0x89, 0x52, 0x64, 0x29, 0x00, 0x00,
    0xe7, 0x31, 0xab, 0x4a, 0x29, 0x42, 0x00, 0x00, 0x10, 0x6c, 0xab, 0x42,
    0x00, 0x00, 0x20, 0x00, 0x00, 0x00, 0x00, 0x00, 0x00, 0x00, 0x00, 0x00,
    0x00, 0x00, 0x00, 0x00, 0x00, 0x00, 0x00, 0x00, 0x00, 0x00, 0x00, 0x00,
    0x00, 0x00, 0x00, 0x00, 0x00, 0x00, 0x00, 0x00, 0x00, 0x00, 0x00, 0x00,
    0x00, 0x00, 0x00, 0x00, 0xe7, 0x39, 0x00, 0x00, 0x00, 0x00, 0x00, 0x00,
    0x00, 0x00, 0x00, 0x00, 0x00, 0x00, 0x00, 0x00, 0xcb, 0x4a, 0x48, 0x3a,
    0xe6, 0x39, 0x00, 0x00, 0x49, 0x4a, 0x27, 0x29, 0x01, 0x00, 0x53, 0xad,
    0x10, 0x84, 0xaf, 0x7b, 0x4b, 0x63, 0x00, 0x00, 0xdb, 0xd6, 0x92, 0x8c,
    0x00, 0x00, 0x85, 0x29, 0x20, 0x00, 0x60, 0x08, 0x60, 0x08, 0x60, 0x08,
    0x60, 0x08, 0x20, 0x00, 0xe7, 0x31, 0x2c, 0x5b, 0x86, 0x29, 0xab, 0x4a,
    0xd3, 0x9c, 0x00, 0x00, 0xaf, 0x73, 0xc6, 0x31, 0x40, 0x00, 0x60, 0x08,
    0x60, 0x08, 0x60, 0x08, 0x60, 0x08, 0x60, 0x08, 0x60, 0x08, 0x60, 0x08,
    0x60, 0x08, 0x60, 0x08, 0x60, 0x08, 0x60, 0x08, 0x60, 0x08, 0x60, 0x08,
    0x60, 0x08, 0x60, 0x08, 0x60, 0x08, 0x40, 0x08, 0x65, 0x21, 0x20, 0x00,
    0x23, 0x21, 0x6c, 0x6b, 0xd5, 0xb5, 0x53, 0xa5, 0x89, 0x52, 0xb1, 0x94,
    0x2b, 0x63, 0x41, 0x08, 0xe3, 0x10, 0xe4, 0x10, 0xe5, 0x20, 0xe4, 0x10,
    0x04, 0x19, 0x04, 0x19, 0x20, 0x08, 0x26, 0x21, 0xe4, 0x18, 0xe4, 0x18,
    0x05, 0x19, 0xa4, 0x10, 0x82, 0x10, 0xe5, 0x28, 0xa2, 0x10, 0x41, 0x00,
    0xe2, 0x18, 0x62, 0x08, 0x60, 0x08, 0x83, 0x08, 0x03, 0x19, 0x40, 0x08,
    0x60, 0x08, 0x60, 0x08, 0x60, 0x08, 0x60, 0x08, 0x60, 0x08, 0x60, 0x08,
    0x60, 0x08, 0x60, 0x08, 0x60, 0x08, 0x60, 0x08, 0x60, 0x08, 0x60, 0x08,
    0x60, 0x08, 0x60, 0x08, 0x60, 0x08, 0x60, 0x08, 0x60, 0x08, 0x60, 0x08,
    0x60, 0x08, 0x60, 0x08, 0x60, 0x08, 0x60, 0x08, 0x60, 0x08, 0x60, 0x08,
    0x60, 0x08, 0x60, 0x08, 0x60, 0x08, 0x60, 0x08, 0x60, 0x08, 0x60, 0x08,
    0x60, 0x08, 0x60, 0x08, 0x41, 0x08, 0xa5, 0x20, 0xc2, 0x18, 0xe2, 0x18,
    0xe2, 0x18, 0xe2, 0x18, 0xe2, 0x18, 0xe2, 0x18, 0xe2, 0x18, 0xe2, 0x18,
    0xe2, 0x18, 0xe2, 0x18, 0x81, 0x08, 0x23, 0x21, 0x64, 0x29, 0x80, 0x08,
    0x65, 0x21, 0x00, 0x00, 0xac, 0x5a, 0xa4, 0x18, 0x43, 0x10, 0x54, 0x9d,
    0xba, 0xce, 0x00, 0x00, 0x20, 0x00, 0x20, 0x00, 0x20, 0x00, 0x20, 0x00,
    0x20, 0x00, 0x20, 0x00, 0x20, 0x00, 0x20, 0x00, 0x20, 0x00, 0x20, 0x00,
    0x20, 0x00, 0x20, 0x00, 0x20, 0x00, 0x20, 0x00, 0x20, 0x00, 0x20, 0x00,
    0x20, 0x00, 0x20, 0x00, 0x20, 0x00, 0x20, 0x00, 0x20, 0x00, 0x20, 0x00,
    0x20, 0x00, 0x20, 0x00, 0x20, 0x00, 0x20, 0x00, 0x20, 0x00, 0x20, 0x00,
    0x20, 0x00, 0x20, 0x00, 0x20, 0x00, 0x20, 0x00, 0x20, 0x00, 0x20, 0x00,
    0x20, 0x00, 0x20, 0x00, 0x20, 0x00, 0x20, 0x00, 0x20, 0x00, 0x20, 0x00,
    0x20, 0x00, 0x20, 0x00, 0x20, 0x00, 0x20, 0x00, 0x20, 0x00, 0x20, 0x00,
    0x20, 0x00, 0x20, 0x00, 0x20, 0x00, 0x20, 0x00, 0x20, 0x00, 0x20, 0x00,
    0x20, 0x00, 0x20, 0x00, 0x20, 0x00, 0x20, 0x00, 0x20, 0x00, 0x20, 0x00,
    0x20, 0x00, 0x20, 0x00, 0x20, 0x00, 0x20, 0x00, 0x20, 0x00, 0x20, 0x00,
    0x20, 0x00, 0x00, 0x00, 0x07, 0x3a, 0x89, 0x52, 0x64, 0x29, 0x00, 0x00,
    0x00, 0x00, 0x40, 0x00, 0x20, 0x00, 0x00, 0x00, 0x00, 0x00, 0x00, 0x00,
    0x00, 0x00, 0x20, 0x00, 0x00, 0x00, 0x00, 0x00, 0x00, 0x00, 0x00, 0x00,
    0x00, 0x00, 0x00, 0x00, 0x00, 0x00, 0x00, 0x00, 0x00, 0x00, 0x00, 0x00,
    0x00, 0x00, 0x00, 0x00, 0x00, 0x00, 0x00, 0x00, 0x00, 0x00, 0x00, 0x00,
    0x00, 0x00, 0x00, 0x00, 0x00, 0x00, 0x00, 0x00, 0x00, 0x00, 0x00, 0x00,
    0x00, 0x00, 0x00, 0x00, 0x00, 0x00, 0x00, 0x00, 0x00, 0x00, 0x40, 0x00,
    0x20, 0x00, 0x00, 0x00, 0x49, 0x4a, 0x27, 0x29, 0x00, 0x00, 0x53, 0xad,
    0x10, 0x84, 0xaf, 0x7b, 0x4b, 0x6b, 0x00, 0x00, 0xfb, 0xce, 0x92, 0x8c,
    0x00, 0x00, 0x85, 0x29, 0x40, 0x00, 0x60, 0x08, 0x60, 0x08, 0x60, 0x08,
    0x60, 0x08, 0x40, 0x00, 0xa6, 0x29, 0xef, 0x73, 0xc2, 0x10, 0xec, 0x52,
    0x2b, 0x63, 0xef, 0x73, 0x4a, 0x5a, 0x00, 0x00, 0x60, 0x08, 0x60, 0x08,
    0x60, 0x08, 0x60, 0x08, 0x60, 0x08, 0x60, 0x08, 0x60, 0x08, 0x60, 0x08,
    0x60, 0x08, 0x60, 0x08, 0x60, 0x08, 0x60, 0x08, 0x60, 0x08, 0x60, 0x08,
    0x60, 0x08, 0x60, 0x08, 0x60, 0x08, 0x40, 0x00, 0x65, 0x29, 0x20, 0x00,
    0x64, 0x21, 0xa1, 0x10, 0x33, 0xa5, 0xcd, 0x73, 0x47, 0x42, 0xf2, 0x9c,
    0xc9, 0x52, 0x21, 0x00, 0x03, 0x11, 0x83, 0x10, 0x63, 0x10, 0xe4, 0x18,
    0xa3, 0x10, 0xe2, 0x10, 0x40, 0x08, 0xe4, 0x18, 0x63, 0x10, 0xe4, 0x18,
    0x04, 0x19, 0x83, 0x10, 0x62, 0x08, 0x62, 0x10, 0x82, 0x10, 0xa1, 0x10,
    0xa1, 0x10, 0x41, 0x00, 0x60, 0x08, 0x04, 0x19, 0xc3, 0x18, 0x60, 0x08,
    0x60, 0x08, 0x60, 0x08, 0x60, 0x08, 0x60, 0x08, 0x60, 0x08, 0x60, 0x08,
    0x60, 0x08, 0x60, 0x08, 0x60, 0x08, 0x60, 0x08, 0x60, 0x08, 0x60, 0x08,
    0x60, 0x08, 0x60, 0x08, 0x60, 0x08, 0x60, 0x08, 0x60, 0x08, 0x60, 0x08,
    0x60, 0x08, 0x60, 0x08, 0x60, 0x08, 0x60, 0x08, 0x60, 0x08, 0x60, 0x08,
    0x60, 0x08, 0x60, 0x08, 0x60, 0x08, 0x60, 0x08, 0x60, 0x08, 0x60, 0x08,
    0x60, 0x08, 0x60, 0x08, 0x41, 0x08, 0xa5, 0x18, 0xc2, 0x20, 0xe2, 0x18,
    0xe2, 0x18, 0xe2, 0x18, 0xe2, 0x18, 0xe2, 0x18, 0xe2, 0x18, 0xe2, 0x18,
    0xe2, 0x18, 0xe2, 0x18, 0x80, 0x08, 0x85, 0x31, 0x4c, 0x6b, 0x60, 0x08,
    0x64, 0x29, 0x00, 0x00, 0xcc, 0x5a, 0xa5, 0x18, 0x43, 0x10, 0x54, 0xa5,
    0xba, 0xce, 0x00, 0x00, 0x20, 0x00, 0x20, 0x00, 0x20, 0x00, 0x20, 0x00,
    0x20, 0x00, 0x20, 0x00, 0x20, 0x00, 0x20, 0x00, 0x20, 0x00, 0x20, 0x00,
    0x20, 0x00, 0x20, 0x00, 0x20, 0x00, 0x20, 0x00, 0x20, 0x00, 0x20, 0x00,
    0x20, 0x00, 0x20, 0x00, 0x20, 0x00, 0x20, 0x00, 0x20, 0x00, 0x20, 0x00,
    0x20, 0x00, 0x20, 0x00, 0x20, 0x00, 0x20, 0x00, 0x20, 0x00, 0x20, 0x00,
    0x20, 0x00, 0x20, 0x00, 0x20, 0x00, 0x20, 0x00, 0x20, 0x00, 0x20, 0x00,
    0x20, 0x00, 0x20, 0x00, 0x20, 0x00, 0x20, 0x00, 0x20, 0x00, 0x20, 0x00,
    0x20, 0x00, 0x20, 0x00, 0x20, 0x00, 0x20, 0x00, 0x20, 0x00, 0x20, 0x00,
    0x20, 0x00, 0x20, 0x00, 0x20, 0x00, 0x20, 0x00, 0x20, 0x00, 0x20, 0x00,
    0x20, 0x00, 0x20, 0x00, 0x20, 0x00, 0x20, 0x00, 0x20, 0x00, 0x20, 0x00,
    0x20, 0x00, 0x20, 0x00, 0x20, 0x00, 0x20, 0x00, 0x20, 0x00, 0x20, 0x00,
    0x20, 0x00, 0x00, 0x00, 0x07, 0x3a, 0x89, 0x52, 0x64, 0x29, 0x20, 0x00,
    0x20, 0x00, 0x00, 0x00, 0x20, 0x00, 0x20, 0x00, 0x20, 0x00, 0x40, 0x08,
    0x41, 0x08, 0x00, 0x00, 0x85, 0x29, 0x0c, 0x63, 0x6c, 0x6b, 0x4c, 0x6b,
    0xeb, 0x5a, 0x6d, 0x6b, 0x0b, 0x63, 0x4c, 0x6b, 0x4d, 0x6b, 0xeb, 0x5a,
    0x6c, 0x6b, 0x4c, 0x6b, 0xeb, 0x62, 0x6d, 0x6b, 0xeb, 0x5a, 0x4c, 0x6b,
    0x6c, 0x6b, 0xeb, 0x5a, 0x6d, 0x6b, 0xeb, 0x5a, 0x6c, 0x6b, 0x6d, 0x6b,
    0xeb, 0x5a, 0x6c, 0x6b, 0x2c, 0x6b, 0x2c, 0x63, 0xaa, 0x52, 0x00, 0x00,
    0x20, 0x00, 0x00, 0x00, 0x49, 0x4a, 0x27, 0x29, 0x01, 0x00, 0x53, 0xa5,
    0x10, 0x84, 0xcf, 0x7b, 0x4c, 0x63, 0x00, 0x00, 0xdb, 0xd6, 0xb1, 0x8c,
    0x00, 0x00, 0x85, 0x29, 0x40, 0x00, 0x60, 0x08, 0x60, 0x08, 0x60, 0x08,
    0x60, 0x08, 0x60, 0x08, 0x40, 0x08, 0x24, 0x11, 0x40, 0x00, 0x20, 0x00,
    0x00, 0x00, 0x00, 0x00, 0x20, 0x00, 0x60, 0x08, 0x60, 0x08, 0x60, 0x08,
    0x60, 0x08, 0x60, 0x08, 0x60, 0x08, 0x60, 0x08, 0x60, 0x08, 0x60, 0x08,
    0x60, 0x08, 0x60, 0x08, 0x60, 0x08, 0x60, 0x08, 0x60, 0x08, 0x60, 0x08,
    0x60, 0x08, 0x60, 0x08, 0x60, 0x08, 0x40, 0x08, 0x65, 0x21, 0x20, 0x00,
    0x85, 0x29, 0x00, 0x00, 0x00, 0x00, 0x40, 0x00, 0x00, 0x00, 0x00, 0x00,
    0x00, 0x00, 0x20, 0x00, 0x20, 0x00, 0x20, 0x00, 0x00, 0x00, 0x20, 0x00,
    0x20, 0x00, 0x20, 0x00, 0x20, 0x00, 0x20, 0x00, 0x00, 0x00, 0x20, 0x00,
    0x42, 0x08, 0x00, 0x00, 0x20, 0x00, 0x20, 0x00, 0x00, 0x00, 0x61, 0x00,
    0x20, 0x00, 0x20, 0x00, 0x40, 0x00, 0x20, 0x00, 0x41, 0x08, 0x40, 0x00,
    0x20, 0x00, 0x20, 0x00, 0x40, 0x00, 0x20, 0x00, 0x20, 0x00, 0x40, 0x00,
    0x20, 0x00, 0x20, 0x00, 0x40, 0x00, 0x20, 0x00, 0x40, 0x00, 0x20, 0x00,
    0x40, 0x00, 0x20, 0x00, 0x20, 0x08, 0x40, 0x00, 0x20, 0x00, 0x20, 0x08,
    0x40, 0x00, 0x20, 0x08, 0x40, 0x00, 0x20, 0x08, 0x40, 0x08, 0x20, 0x00,
    0x40, 0x08, 0x20, 0x08, 0x40, 0x08, 0x20, 0x00, 0x40, 0x08, 0x20, 0x08,
    0x40, 0x00, 0x20, 0x00, 0x40, 0x00, 0x22, 0x08, 0x60, 0x00, 0x40, 0x00,
    0x61, 0x00, 0x41, 0x00, 0x60, 0x08, 0x60, 0x08, 0x40, 0x08, 0x60, 0x08,
    0x60, 0x08, 0x40, 0x08, 0x60, 0x08, 0x80, 0x08, 0x40, 0x00, 0x20, 0x00,
    0x65, 0x29, 0x00, 0x00, 0xcc, 0x5a, 0xa5, 0x18, 0x43, 0x10, 0x54, 0xa5,
    0xba, 0xce, 0x00, 0x00, 0x00, 0x00, 0x20, 0x00, 0x20, 0x00, 0x00, 0x00,
    0x00, 0x00, 0x00, 0x00, 0x20, 0x00, 0x20, 0x00, 0x20, 0x00, 0x20, 0x00,
    0x00, 0x00, 0x00, 0x00, 0x00, 0x00, 0x20, 0x00, 0x20, 0x00, 0x20, 0x00,
    0x20, 0x00, 0x00, 0x00, 0x00, 0x00, 0x20, 0x00, 0x20, 0x00, 0x20, 0x00,
    0x00, 0x00, 0x00, 0x00, 0x00, 0x00, 0x00, 0x00, 0x20, 0x00, 0x20, 0x00,
    0x00, 0x00, 0x00, 0x00, 0x00, 0x00, 0x00, 0x00, 0x20, 0x00, 0x20, 0x00,
    0x20, 0x00, 0x00, 0x00, 0x00, 0x00, 0x20, 0x00, 0x20, 0x00, 0x20, 0x00,
    0x20, 0x00, 0x00, 0x00, 0x00, 0x00, 0x00, 0x00, 0x20, 0x00, 0x20, 0x00,
    0x20, 0x00, 0x20, 0x00, 0x00, 0x00, 0x00, 0x00, 0x20, 0x00, 0x20, 0x00,
    0x20, 0x00, 0x00, 0x00, 0x00, 0x00, 0x00, 0x00, 0x00, 0x00, 0x20, 0x00,
    0x20, 0x00, 0x20, 0x00, 0x00, 0x00, 0x00, 0x00, 0x00, 0x00, 0x20, 0x00,
    0x20, 0x00, 0x00, 0x00, 0xe7, 0x39, 0x89, 0x52, 0x64, 0x29, 0x00, 0x00,
    0x20, 0x00, 0x00, 0x00, 0x00, 0x00, 0xc2, 0x10, 0xce, 0x73, 0x91, 0x94,
    0x8a, 0x52, 0xc6, 0x31, 0x0b, 0x63, 0x00, 0x00, 0xc2, 0x18, 0xc2, 0x10,
    0x00, 0x00, 0xe3, 0x18, 0x00, 0x00, 0xa2, 0x10, 0xc2, 0x18, 0x00, 0x00,
    0xc2, 0x10, 0xa2, 0x10, 0x00, 0x00, 0xe3, 0x18, 0x00, 0x00, 0xc2, 0x18,
    0xc2, 0x10, 0x00, 0x00, 0xe3, 0x18, 0x00, 0x00, 0xc2, 0x18, 0xc2, 0x10,
    0x00, 0x00, 0xc2, 0x18, 0x61, 0x08, 0x00, 0x00, 0xe3, 0x18, 0x00, 0x00,
    0x20, 0x00, 0x00, 0x00, 0x49, 0x4a, 0x27, 0x29, 0x01, 0x00, 0x53, 0xad,
    0x10, 0x84, 0xaf, 0x7b, 0x4b, 0x63, 0x00, 0x00, 0xdb, 0xd6, 0xb2, 0x84,
    0x00, 0x00, 0x65, 0x29, 0x40, 0x00, 0x60, 0x08, 0x60, 0x08, 0x60, 0x08,
    0x60, 0x08, 0x60, 0x08, 0x60, 0x08, 0x40, 0x08, 0x60, 0x08, 0x60, 0x08,
    0x60, 0x08, 0x60, 0x08, 0x60, 0x08, 0x60, 0x08, 0x60, 0x08, 0x60, 0x08,
    0x60, 0x08, 0x60, 0x08, 0x60, 0x08, 0x60, 0x08, 0x60, 0x08, 0x60, 0x08,
    0x60, 0x08, 0x60, 0x08, 0x60, 0x08, 0x60, 0x08, 0x60, 0x08, 0x60, 0x08,
    0x60, 0x08, 0x60, 0x08, 0x60, 0x08, 0x40, 0x08, 0x65, 0x21, 0x20, 0x00,
    0xa5, 0x31, 0x28, 0x3a, 0x08, 0x3a, 0x08, 0x3a, 0x08, 0x3a, 0x28, 0x3a,
    0x28, 0x3a, 0x08, 0x3a, 0x28, 0x3a, 0x28, 0x32, 0x28, 0x3a, 0x28, 0x3a,
    0x08, 0x32, 0x28, 0x3a, 0x28, 0x3a, 0x08, 0x3a, 0x28, 0x32, 0x28, 0x3a,
    0xe8, 0x39, 0x08, 0x3a, 0x28, 0x3a, 0x08, 0x32, 0x08, 0x3a, 0x28, 0x3a,
    0x28, 0x3a, 0x08, 0x3a, 0x08, 0x32, 0x28, 0x3a, 0xe8, 0x39, 0x28, 0x32,
    0x28, 0x3a, 0x08, 0x3a, 0x28, 0x3a, 0x28, 0x3a, 0x08, 0x3a, 0x28, 0x3a,
    0x28, 0x3a, 0x08, 0x3a, 0x28, 0x3a, 0x08, 0x3a, 0x08, 0x3a, 0x28, 0x3a,
    0x28, 0x3a, 0x08, 0x3a, 0x28, 0x3a, 0x27, 0x3a, 0x07, 0x3a, 0x27, 0x3a,
    0x27, 0x3a, 0x07, 0x3a, 0x07, 0x3a, 0x27, 0x3a, 0x07, 0x3a, 0x27, 0x3a,
    0x07, 0x3a, 0x27, 0x3a, 0x08, 0x3a, 0x28, 0x3a, 0x08, 0x3a, 0x28, 0x32,
    0x08, 0x3a, 0x28, 0x3a, 0x08, 0x32, 0x28, 0x3a, 0x08, 0x3a, 0x08, 0x32,
    0x08, 0x3a, 0x08, 0x3a, 0x08, 0x32, 0x08, 0x32, 0x08, 0x3a, 0x08, 0x32,
    0x08, 0x32, 0x07, 0x3a, 0x08, 0x3a, 0x07, 0x3a, 0x07, 0x3a, 0x28, 0x3a,
    0xc6, 0x31, 0x00, 0x00, 0xcc, 0x5a, 0xa4, 0x18, 0x43, 0x10, 0x54, 0x9d,
    0xda, 0xce, 0xe0, 0x5a, 0x60, 0x08, 0x00, 0x00, 0x00, 0x00, 0x80, 0x08,
    0x60, 0x6b, 0x20, 0x3a, 0x00, 0x00, 0x00, 0x00, 0x00, 0x00, 0x00, 0x00,
    0xe0, 0x31, 0x60, 0x6b, 0x20, 0x00, 0x00, 0x00, 0x00, 0x00, 0x00, 0x00,
    0x00, 0x00, 0x60, 0x63, 0x40, 0x42, 0x00, 0x00, 0x00, 0x00, 0x00, 0x00,
    0xc0, 0x52, 0x20, 0x63, 0x60, 0x63, 0x40, 0x00, 0x00, 0x00, 0x00, 0x00,
    0xc0, 0x10, 0x40, 0x63, 0x20, 0x63, 0x60, 0x42, 0x00, 0x00, 0x00, 0x00,
    0x00, 0x00, 0x80, 0x4a, 0x20, 0x63, 0x00, 0x00, 0x00, 0x00, 0x00, 0x00,
    0x00, 0x00, 0x80, 0x08, 0x60, 0x6b, 0x60, 0x29, 0x00, 0x00, 0x00, 0x00,
    0x00, 0x00, 0x00, 0x00, 0x60, 0x4a, 0x40, 0x63, 0x00, 0x00, 0x00, 0x00,
    0x00, 0x00, 0x80, 0x29, 0x20, 0x63, 0x40, 0x63, 0x80, 0x29, 0x00, 0x00,
    0x00, 0x00, 0x00, 0x00, 0x40, 0x63, 0x00, 0x63, 0x60, 0x6b, 0x00, 0x00,
    0x00, 0x00, 0x00, 0x00, 0xa6, 0x52, 0x88, 0x4a, 0x64, 0x29, 0x00, 0x00,
    0x00, 0x00, 0x81, 0x10, 0xc2, 0x18, 0xa6, 0x31, 0x0b, 0x63, 0x6d, 0x6b,
    0xeb, 0x5a, 0x69, 0x4a, 0x0b, 0x63, 0x00, 0x00, 0x03, 0x19, 0x03, 0x21,
    0x00, 0x00, 0x24, 0x21, 0x00, 0x00, 0xe3, 0x18, 0x03, 0x19, 0x00, 0x00,
    0x03, 0x21, 0xe3, 0x18, 0x00, 0x00, 0x24, 0x21, 0x00, 0x00, 0x03, 0x19,
    0x03, 0x21, 0x00, 0x00, 0x24, 0x21, 0x00, 0x00, 0x03, 0x21, 0x03, 0x19,
    0x00, 0x00, 0x03, 0x21, 0xa2, 0x10, 0x40, 0x00, 0x23, 0x21, 0x00, 0x00,
    0x20, 0x00, 0x00, 0x00, 0x49, 0x4a, 0x27, 0x31, 0x01, 0x00, 0x53, 0xad,
    0x10, 0x84, 0xaf, 0x7b, 0x4b, 0x63, 0x00, 0x00, 0xdb, 0xd6, 0xb2, 0x8c,
    0x00, 0x00, 0x84, 0x29, 0x40, 0x00, 0x60, 0x08, 0x60, 0x08, 0x60, 0x08,
    0x60, 0x08, 0x60, 0x08, 0x60, 0x08, 0x60, 0x08, 0x60, 0x08, 0x60, 0x08,
    0x60, 0x08, 0x60, 0x08, 0x60, 0x08, 0x60, 0x08, 0x60, 0x08, 0x60, 0x08,
    0x60, 0x08, 0x60, 0x08, 0x60, 0x08, 0x60, 0x08, 0x60, 0x08, 0x60, 0x08,
    0x60, 0x08, 0x60, 0x08, 0x60, 0x08, 0x60, 0x08, 0x60, 0x08, 0x60, 0x08,
    0x60, 0x08, 0x60, 0x08, 0x60, 0x08, 0x40, 0x00, 0x65, 0x21, 0x40, 0x08,
    0x40, 0x00, 0x20, 0x00, 0x00, 0x00, 0x00, 0x00, 0x40, 0x00, 0x20, 0x00,
    0x20, 0x00, 0x00, 0x00, 0x20, 0x00, 0x20, 0x00, 0x20, 0x00, 0x20, 0x00,
    0x00, 0x00, 0x20, 0x00, 0x40, 0x00, 0x20, 0x00, 0x00, 0x00, 0x00, 0x00,
    0x20, 0x00, 0x21, 0x00, 0x00, 0x00, 0x20, 0x00, 0x40, 0x00, 0x20, 0x00,
    0x20, 0x00, 0x40, 0x00, 0x40, 0x00, 0x20, 0x00, 0x00, 0x00, 0x20, 0x00,
    0x00, 0x00, 0x20, 0x00, 0x00, 0x00, 0x20, 0x00, 0x20, 0x00, 0x00, 0x00,
    0x20, 0x00, 0x20, 0x00, 0x00, 0x00, 0x40, 0x00, 0x20, 0x00, 0x00, 0x00,
    0x20, 0x00, 0x00, 0x00, 0x20, 0x00, 0x20, 0x00, 0x20, 0x00, 0x20, 0x00,
    0x40, 0x00, 0x40, 0x00, 0x20, 0x00, 0x40, 0x00, 0x40, 0x00, 0x20, 0x00,
    0x40, 0x00, 0x20, 0x00, 0x40, 0x00, 0x20, 0x00, 0x40, 0x00, 0x20, 0x00,
    0x40, 0x00, 0x40, 0x00, 0x20, 0x00, 0x40, 0x00, 0x40, 0x00, 0x20, 0x00,
    0x40, 0x00, 0x40, 0x00, 0x20, 0x00, 0x40, 0x00, 0x40, 0x00, 0x20, 0x00,
    0x40, 0x00, 0x40, 0x00, 0x20, 0x00, 0x40, 0x08, 0x40, 0x00, 0x20, 0x00,
    0x40, 0x08, 0x20, 0x00, 0xac, 0x5a, 0xa5, 0x18, 0x43, 0x10, 0x34, 0xa5,
    0xda, 0xce, 0xa0, 0x31, 0x44, 0xa5, 0xa6, 0x8c, 0x06, 0x74, 0x44, 0xbe,
    0x00, 0x3a, 0x64, 0x63, 0xa5, 0xad, 0x28, 0x74, 0x28, 0x74, 0xc6, 0x8c,
    0xe5, 0x94, 0xe0, 0x39, 0xa6, 0xad, 0x48, 0x7c, 0x48, 0x74, 0x28, 0x74,
    0x26, 0xbe, 0x80, 0x4a, 0x24, 0x63, 0xa4, 0xad, 0x09, 0x74, 0xe5, 0xb5,
    0x43, 0x63, 0x40, 0x42, 0x00, 0x42, 0x66, 0xa5, 0x88, 0x84, 0x28, 0x74,
    0x05, 0xbe, 0x00, 0x42, 0x40, 0x42, 0x22, 0x5b, 0xc3, 0xb5, 0x07, 0x74,
    0xa4, 0xad, 0xa2, 0x6b, 0x40, 0x42, 0x04, 0xbe, 0x26, 0x7c, 0x46, 0x7c,
    0x06, 0x7c, 0x44, 0xc6, 0xe0, 0x39, 0x44, 0x7c, 0x24, 0x9d, 0x26, 0x7c,
    0x26, 0x7c, 0x84, 0xa5, 0xe3, 0x7b, 0x20, 0x42, 0x24, 0xbe, 0x06, 0x7c,
    0xa5, 0x8c, 0x23, 0x9d, 0x20, 0x42, 0x40, 0x42, 0x04, 0x7c, 0x44, 0xa5,
    0x06, 0x74, 0x24, 0xbe, 0xc1, 0x52, 0x40, 0x42, 0x00, 0x42, 0x24, 0xbe,
    0x26, 0x7c, 0x65, 0x84, 0xc9, 0xd6, 0x28, 0x42, 0x64, 0x29, 0x00, 0x00,
    0x00, 0x00, 0xce, 0x73, 0xca, 0x52, 0x00, 0x00, 0x00, 0x00, 0x00, 0x00,
    0x00, 0x00, 0x00, 0x00, 0xe3, 0x18, 0x00, 0x00, 0x03, 0x19, 0x03, 0x21,
    0x00, 0x00, 0x23, 0x21, 0x00, 0x00, 0xe3, 0x18, 0x03, 0x19, 0x00, 0x00,
    0x04, 0x21, 0xe3, 0x18, 0x00, 0x00, 0x24, 0x21, 0x00, 0x00, 0x03, 0x19,
    0x03, 0x21, 0x00, 0x00, 0x24, 0x21, 0x00, 0x00, 0x03, 0x19, 0x03, 0x21,
    0x00, 0x00, 0x04, 0x21, 0xa2, 0x10, 0x41, 0x00, 0x23, 0x21, 0x00, 0x00,
    0x20, 0x00, 0x00, 0x00, 0x49, 0x4a, 0x27, 0x29, 0x01, 0x00, 0x53, 0xa5,
    0x10, 0x84, 0xaf, 0x7b, 0x4c, 0x63, 0x00, 0x00, 0xdb, 0xd6, 0xb1, 0x8c,
    0x00, 0x00, 0x85, 0x29, 0x20, 0x00, 0x60, 0x08, 0x60, 0x08, 0x60, 0x08,
    0x60, 0x08, 0x60, 0x08, 0x60, 0x08, 0x60, 0x08, 0x60, 0x08, 0x60, 0x08,
    0x60, 0x08, 0x60, 0x08, 0x60, 0x08, 0x60, 0x08, 0x60, 0x08, 0x60, 0x08,
    0x60, 0x08, 0x60, 0x08, 0x60, 0x08, 0x60, 0x08, 0x60, 0x08, 0x60, 0x08,
    0x60, 0x08, 0x60, 0x08, 0x60, 0x08, 0x60, 0x08, 0x60, 0x08, 0x60, 0x08,
    0x60, 0x08, 0x60, 0x08, 0x60, 0x08, 0x40, 0x08, 0x65, 0x21, 0x40, 0x08,
    0x60, 0x08, 0x00, 0x00, 0x28, 0x42, 0xeb, 0x5a, 0x00, 0x00, 0x00, 0x00,
    0x21, 0x00, 0x07, 0x52, 0x00, 0x00, 0x60, 0x08, 0x40, 0x08, 0x03, 0x19,
    0x07, 0x3a, 0x00, 0x00, 0x00, 0x00, 0x00, 0x00, 0x8a, 0x5a, 0x46, 0x29,
    0x23, 0x21, 0x00, 0x00, 0xcb, 0x52, 0x00, 0x00, 0x00, 0x00, 0xc3, 0x18,
    0x00, 0x00, 0x00, 0x00, 0x00, 0x00, 0x20, 0x00, 0xeb, 0x52, 0x00, 0x00,
    0xaa, 0x52, 0x00, 0x00, 0x88, 0x42, 0x20, 0x00, 0x00, 0x00, 0xab, 0x4a,
    0xe3, 0x10, 0x00, 0x00, 0x6a, 0x42, 0x00, 0x00, 0xc4, 0x08, 0x48, 0x42,
    0x00, 0x00, 0x89, 0x42, 0x00, 0x00, 0x81, 0x08, 0xa1, 0x10, 0x00, 0x00,
    0x60, 0x08, 0x40, 0x08, 0x60, 0x08, 0x40, 0x08, 0x40, 0x08, 0x60, 0x08,
    0x40, 0x08, 0x60, 0x08, 0x40, 0x08, 0x60, 0x08, 0x40, 0x08, 0x40, 0x08,
    0x60, 0x08, 0x40, 0x08, 0x40, 0x08, 0x60, 0x08, 0x40, 0x08, 0x40, 0x08,
    0x60, 0x08, 0x60, 0x08, 0x40, 0x08, 0x60, 0x08, 0x40, 0x08, 0x40, 0x08,
    0x60, 0x08, 0x40, 0x08, 0x60, 0x08, 0x40, 0x08, 0x40, 0x08, 0x60, 0x08,
    0x60, 0x08, 0x20, 0x00, 0xac, 0x5a, 0xa5, 0x18, 0x43, 0x10, 0x54, 0xa5,
    0xba, 0xce, 0x00, 0x00, 0x00, 0x00, 0x62, 0x21, 0x82, 0x29, 0x00, 0x00,
    0x00, 0x00, 0x00, 0x00, 0xc1, 0x10, 0x82, 0x21, 0x82, 0x29, 0xe1, 0x18,
    0x00, 0x00, 0x00, 0x00, 0x00, 0x00, 0x82, 0x29, 0x62, 0x21, 0x82, 0x29,
    0x00, 0x00, 0x00, 0x00, 0x00, 0x00, 0xa1, 0x10, 0xa2, 0x29, 0x41, 0x00,
    0x00, 0x00, 0x00, 0x00, 0x00, 0x00, 0x00, 0x00, 0x82, 0x21, 0x82, 0x21,
    0x00, 0x00, 0x00, 0x00, 0x00, 0x00, 0x00, 0x00, 0x81, 0x08, 0x61, 0x29,
    0x61, 0x08, 0x00, 0x00, 0x00, 0x00, 0x00, 0x00, 0x61, 0x21, 0x41, 0x21,
    0x82, 0x29, 0x00, 0x00, 0x00, 0x00, 0x00, 0x00, 0x02, 0x19, 0x41, 0x21,
    0x62, 0x21, 0x61, 0x08, 0x00, 0x00, 0x00, 0x00, 0x00, 0x00, 0x62, 0x29,
    0xe1, 0x18, 0x00, 0x00, 0x00, 0x00, 0x00, 0x00, 0x00, 0x00, 0xe1, 0x18,
    0x62, 0x29, 0x00, 0x00, 0x00, 0x00, 0x00, 0x00, 0x00, 0x00, 0x00, 0x00,
    0x62, 0x29, 0xc1, 0x10, 0x67, 0x29, 0x89, 0x52, 0x64, 0x29, 0x00, 0x00,
    0x00, 0x00, 0x2b, 0x63, 0x20, 0x00, 0x82, 0x10, 0x24, 0x21, 0x24, 0x21,
    0x65, 0x29, 0x00, 0x00, 0x44, 0x21, 0x00, 0x00, 0xc2, 0x10, 0xc2, 0x10,
    0x00, 0x00, 0xc3, 0x18, 0x00, 0x00, 0xa2, 0x10, 0xc2, 0x10, 0x00, 0x00,
    0xc2, 0x10, 0xa2, 0x10, 0x00, 0x00, 0xe2, 0x18, 0x00, 0x00, 0xc2, 0x10,
    0xc2, 0x10, 0x00, 0x00, 0xc2, 0x18, 0x00, 0x00, 0xc2, 0x10, 0xc2, 0x10,
    0x00, 0x00, 0xc2, 0x10, 0x61, 0x08, 0x00, 0x00, 0xe3, 0x18, 0x00, 0x00,
    0x20, 0x00, 0x00, 0x00, 0x49, 0x4a, 0x27, 0x29, 0x00, 0x00, 0x53, 0xad,
    0x10, 0x84, 0xcf, 0x7b, 0x4b, 0x63, 0x00, 0x00, 0xdb, 0xce, 0x92, 0x8c,
    0x00, 0x00, 0x85, 0x29, 0x40, 0x00, 0x60, 0x08, 0x60, 0x08, 0x60, 0x08,
    0x60, 0x08, 0x60, 0x08, 0x60, 0x08, 0x60, 0x08, 0x60, 0x08, 0x60, 0x08,
    0x60, 0x08, 0x60, 0x08, 0x60, 0x08, 0x60, 0x08, 0x60, 0x08, 0x60, 0x08,
    0x60, 0x08, 0x60, 0x08, 0x60, 0x08, 0x60, 0x08, 0x60, 0x08, 0x60, 0x08,
    0x60, 0x08, 0x60, 0x08, 0x60, 0x08, 0x60, 0x08, 0x60, 0x08, 0x60, 0x08,
    0x60, 0x08, 0x60, 0x08, 0x60, 0x08, 0x40, 0x08, 0x65, 0x21, 0x40, 0x00,
    0x60, 0x00, 0x24, 0x11, 0x76, 0xb5, 0x8d, 0x6b, 0x15, 0x9d, 0x0c, 0x63,
    0xb1, 0x6b, 0x55, 0xbd, 0x4c, 0x63, 0x40, 0x00, 0x81, 0x08, 0xce, 0x5b,
    0x73, 0x8c, 0x2e, 0x63, 0x4e, 0x73, 0xae, 0x6b, 0x11, 0x8c, 0xea, 0x39,
    0x93, 0x9c, 0x6e, 0x73, 0x6d, 0x6b, 0x31, 0x7c, 0xcb, 0x62, 0x97, 0xa5,
    0x6d, 0x6b, 0xad, 0x73, 0xd3, 0x8c, 0xa2, 0x10, 0x52, 0x84, 0x1c, 0xd7,
    0x09, 0x52, 0xa4, 0x10, 0xb6, 0xb5, 0x4e, 0x5b, 0x6e, 0x63, 0x73, 0x84,
    0xb7, 0xbd, 0xec, 0x5a, 0xb7, 0xb5, 0xcb, 0x62, 0x8b, 0x4a, 0xf7, 0xb5,
    0x6e, 0x63, 0xcf, 0x73, 0x51, 0x8c, 0x93, 0x84, 0x51, 0x8c, 0x2f, 0x84,
    0x00, 0x00, 0xc3, 0x10, 0xe3, 0x10, 0xe2, 0x18, 0xc2, 0x10, 0xe2, 0x10,
    0xc2, 0x10, 0xe2, 0x10, 0xe2, 0x10, 0xc3, 0x10, 0xe2, 0x10, 0xe2, 0x10,
    0xc3, 0x10, 0xe2, 0x10, 0xe2, 0x10, 0xc2, 0x10, 0xe2, 0x10, 0xc2, 0x10,
    0xc2, 0x10, 0xe2, 0x18, 0xc2, 0x18, 0xc3, 0x10, 0xe3, 0x10, 0xe3, 0x10,
    0xc2, 0x10, 0xe2, 0x18, 0xc2, 0x18, 0xe2, 0x18, 0xc2, 0x18, 0xe2, 0x18,
    0x60, 0x08, 0x20, 0x00, 0xcc, 0x5a, 0xa4, 0x18, 0x43, 0x10, 0x54, 0xa5,
    0xba, 0xce, 0x00, 0x00, 0x20, 0x00, 0x00, 0x00, 0x00, 0x00, 0x20, 0x00,
    0x20, 0x00, 0x20, 0x00, 0x00, 0x00, 0x00, 0x00, 0x00, 0x00, 0x00, 0x00,
    0x20, 0x00, 0x20, 0x00, 0x20, 0x00, 0x00, 0x00, 0x00, 0x00, 0x00, 0x00,
    0x20, 0x00, 0x20, 0x00, 0x20, 0x00, 0x00, 0x00, 0x00, 0x00, 0x00, 0x00,
    0x20, 0x00, 0x20, 0x00, 0x20, 0x00, 0x20, 0x00, 0x00, 0x00, 0x00, 0x00,
    0x20, 0x00, 0x20, 0x00, 0x20, 0x00, 0x20, 0x00, 0x00, 0x00, 0x00, 0x00,
    0x00, 0x00, 0x20, 0x00, 0x20, 0x00, 0x20, 0x00, 0x00, 0x00, 0x00, 0x00,
    0x00, 0x00, 0x20, 0x00, 0x20, 0x00, 0x20, 0x00, 0x00, 0x00, 0x00, 0x00,
    0x00, 0x00, 0x00, 0x00, 0x20, 0x00, 0x20, 0x00, 0x20, 0x00, 0x00, 0x00,
    0x00, 0x00, 0x20, 0x00, 0x20, 0x00, 0x20, 0x00, 0x20, 0x00, 0x00, 0x00,
    0x00, 0x00, 0x20, 0x00, 0x20, 0x00, 0x20, 0x00, 0x20, 0x00, 0x00, 0x00,
    0x00, 0x00, 0x00, 0x00, 0x07, 0x3a, 0x88, 0x52, 0x64, 0x29, 0x20, 0x00,
    0x00, 0x00, 0xc3, 0x18, 0x00, 0x00, 0x61, 0x08, 0x48, 0x4a, 0x8a, 0x52,
    0x2b, 0x63, 0xe7, 0x39, 0x69, 0x4a, 0xeb, 0x62, 0x8d, 0x73, 0xae, 0x73,
    0xeb, 0x5a, 0xae, 0x73, 0xeb, 0x5a, 0x8d, 0x73, 0x8d, 0x73, 0xeb, 0x5a,
    0xad, 0x73, 0x8d, 0x73, 0xeb, 0x5a, 0xae, 0x73, 0xeb, 0x5a, 0x8d, 0x73,
    0x8e, 0x73, 0xeb, 0x5a, 0xae, 0x73, 0xeb, 0x5a, 0x8d, 0x73, 0x8e, 0x73,
    0xeb, 0x5a, 0xad, 0x73, 0x4d, 0x6b, 0x2c, 0x63, 0x0b, 0x63, 0x00, 0x00,
    0x00, 0x00, 0x00, 0x00, 0x49, 0x4a, 0x27, 0x29, 0x01, 0x00, 0x53, 0xad,
    0x10, 0x84, 0xaf, 0x7b, 0x4b, 0x6b, 0x00, 0x00, 0xfb, 0xd6, 0xb2, 0x8c,
    0x00, 0x00, 0x85, 0x29, 0x40, 0x00, 0x60, 0x08, 0x60, 0x08, 0x60, 0x08,
    0x60, 0x08, 0x60, 0x08, 0x60, 0x08, 0x60, 0x08, 0x60, 0x08, 0x60, 0x08,
    0x60, 0x08, 0x60, 0x08, 0x60, 0x08, 0x60, 0x08, 0x60, 0x08, 0x60, 0x08,
    0x60, 0x08, 0x60, 0x08, 0x60, 0x08, 0x60, 0x08, 0x60, 0x08, 0x60, 0x08,
    0x60, 0x08, 0x60, 0x08, 0x60, 0x08, 0x60, 0x08, 0x60, 0x08, 0x60, 0x08,
    0x60, 0x08, 0x60, 0x08, 0x60, 0x08, 0x40, 0x00, 0x65, 0x21, 0x20, 0x00,
    0xa5, 0x31, 0x04, 0x19, 0x74, 0x94, 0x99, 0xc6, 0x37, 0xa5, 0xd7, 0xbd,
    0x91, 0x63, 0xff, 0xff, 0x2b, 0x63, 0x81, 0x08, 0x03, 0x21, 0xae, 0x5b,
    0x11, 0x7c, 0xb4, 0x9c, 0x75, 0xad, 0xf9, 0xb5, 0x31, 0x94, 0xa9, 0x31,
    0x97, 0xb5, 0x6f, 0x7b, 0xfb, 0xce, 0xf1, 0x7b, 0x92, 0x9c, 0x0e, 0x5b,
    0x4f, 0x74, 0x71, 0x9c, 0x51, 0x84, 0x00, 0x00, 0x10, 0x74, 0x7e, 0xe7,
    0x46, 0x39, 0x62, 0x10, 0x94, 0x94, 0x97, 0xad, 0xfc, 0xde, 0x15, 0x9d,
    0x8f, 0x73, 0xf0, 0x83, 0xb1, 0x6b, 0x30, 0x8c, 0x8c, 0x4a, 0x8d, 0x73,
    0x10, 0x74, 0x5e, 0xdf, 0x71, 0x84, 0xf8, 0xbd, 0x6b, 0x52, 0x18, 0xbe,
    0x00, 0x00, 0x65, 0x21, 0x85, 0x21, 0x65, 0x21, 0x66, 0x21, 0x65, 0x21,
    0x66, 0x21, 0x65, 0x21, 0x65, 0x21, 0x65, 0x21, 0x65, 0x21, 0x65, 0x21,
    0x65, 0x21, 0x66, 0x21, 0x65, 0x21, 0x65, 0x21, 0x66, 0x21, 0x65, 0x21,
    0x65, 0x21, 0x65, 0x21, 0x65, 0x29, 0x65, 0x21, 0x65, 0x21, 0x66, 0x21,
    0x65, 0x21, 0x65, 0x29, 0x65, 0x21, 0x65, 0x21, 0x65, 0x21, 0x65, 0x21,
    0xc6, 0x31, 0x00, 0x00, 0xcc, 0x5a, 0xa5, 0x18, 0x43, 0x10, 0x54, 0x9d,
    0xba, 0xce, 0x00, 0x00, 0x20, 0x00, 0x20, 0x00, 0x20, 0x00, 0x20, 0x00,
    0x20, 0x00, 0x20, 0x00, 0x20, 0x00, 0x20, 0x00, 0x20, 0x00, 0x00, 0x00,
    0x20, 0x00, 0x20, 0x00, 0x00, 0x00, 0x20, 0x00, 0x20, 0x00, 0x00, 0x00,
    0x00, 0x00, 0x20, 0x00, 0x00, 0x00, 0x20, 0x00, 0x00, 0x00, 0x20, 0x00,
    0x20, 0x00, 0x00, 0x00, 0x00, 0x00, 0x20, 0x00, 0x00, 0x00, 0x00, 0x00,
    0x20, 0x00, 0x00, 0x00, 0x20, 0x00, 0x00, 0x00, 0x20, 0x00, 0x20, 0x00,
    0x00, 0x00, 0x00, 0x00, 0x20, 0x00, 0x00, 0x00, 0x00, 0x00, 0x20, 0x00,
    0x00, 0x00, 0x00, 0x00, 0x20, 0x00, 0x00, 0x00, 0x20, 0x00, 0x20, 0x00,
    0x20, 0x00, 0x20, 0x00, 0x00, 0x00, 0x20, 0x00, 0x00, 0x00, 0x20, 0x00,
    0x20, 0x00, 0x00, 0x00, 0x20, 0x00, 0x20, 0x00, 0x00, 0x00, 0x20, 0x00,
    0x00, 0x00, 0x00, 0x00, 0x20, 0x00, 0x00, 0x00, 0x20, 0x00, 0x20, 0x00,
    0x00, 0x00, 0x00, 0x00, 0x07, 0x3a, 0x89, 0x52, 0x64, 0x29, 0x00, 0x00,
    0x00, 0x00, 0x20, 0x00, 0x00, 0x00, 0xc6, 0x31, 0xeb, 0x5a, 0x2c, 0x6b,
    0x89, 0x52, 0x04, 0x21, 0xa6, 0x31, 0x00, 0x00, 0xc2, 0x10, 0xc2, 0x10,
    0x00, 0x00, 0xc2, 0x18, 0x00, 0x00, 0xa2, 0x10, 0xc2, 0x10, 0x00, 0x00,
    0xc2, 0x10, 0xa2, 0x10, 0x00, 0x00, 0xe3, 0x18, 0x00, 0x00, 0xc2, 0x10,
    0xc2, 0x18, 0x00, 0x00, 0xc2, 0x18, 0x00, 0x00, 0xc2, 0x10, 0xc2, 0x18,
    0x00, 0x00, 0xc2, 0x18, 0x61, 0x08, 0x00, 0x00, 0xe3, 0x18, 0x00, 0x00,
    0x20, 0x00, 0x00, 0x00, 0x49, 0x4a, 0x27, 0x31, 0x01, 0x00, 0x53, 0xa5,
    0x10, 0x84, 0xaf, 0x7b, 0x4c, 0x63, 0x00, 0x00, 0xdb, 0xce, 0x91, 0x8c,
    0x00, 0x00, 0x85, 0x29, 0x20, 0x00, 0x60, 0x08, 0x60, 0x08, 0x60, 0x08,
    0x60, 0x08, 0x60, 0x08, 0x60, 0x08, 0x60, 0x08, 0x60, 0x08, 0x60, 0x08,
    0x60, 0x08, 0x60, 0x08, 0x60, 0x08, 0x60, 0x08, 0x60, 0x08, 0x60, 0x08,
    0x60, 0x08, 0x60, 0x08, 0x60, 0x08, 0x60, 0x08, 0x60, 0x08, 0x60, 0x08,
    0x60, 0x08, 0x60, 0x08, 0x60, 0x08, 0x60, 0x08, 0x60, 0x08, 0x60, 0x08,
    0x60, 0x08, 0x60, 0x08, 0x60, 0x08, 0x40, 0x08, 0x65, 0x21, 0x20, 0x00,
    0x65, 0x29, 0x00, 0x00, 0x0d, 0x5b, 0x45, 0x31, 0xa7, 0x39, 0x2a, 0x3a,
    0x55, 0xad, 0x66, 0x29, 0xa9, 0x4a, 0x00, 0x00, 0x20, 0x00, 0x65, 0x21,
    0x68, 0x4a, 0x87, 0x31, 0x28, 0x4a, 0xec, 0x52, 0x45, 0x31, 0x87, 0x31,
    0xaa, 0x5a, 0xe6, 0x28, 0x51, 0x84, 0xab, 0x4a, 0xa7, 0x39, 0xe9, 0x39,
    0x09, 0x3a, 0x28, 0x4a, 0x66, 0x29, 0x00, 0x00, 0x8e, 0x63, 0x00, 0x00,
    0x2d, 0x63, 0x00, 0x00, 0x2c, 0x63, 0xe3, 0x18, 0xc7, 0x39, 0x65, 0x21,
    0x4a, 0x4a, 0xc9, 0x39, 0x4a, 0x42, 0x66, 0x29, 0x05, 0x19, 0x20, 0x10,
    0x29, 0x3a, 0xa7, 0x29, 0x86, 0x31, 0x65, 0x29, 0x0c, 0x5b, 0x69, 0x42,
    0x20, 0x00, 0x40, 0x08, 0x40, 0x00, 0x40, 0x08, 0x40, 0x08, 0x40, 0x08,
    0x40, 0x08, 0x40, 0x08, 0x40, 0x08, 0x40, 0x08, 0x40, 0x08, 0x40, 0x08,
    0x40, 0x08, 0x40, 0x08, 0x40, 0x08, 0x40, 0x08, 0x40, 0x08, 0x40, 0x08,
    0x40, 0x08, 0x40, 0x08, 0x40, 0x00, 0x40, 0x00, 0x40, 0x08, 0x40, 0x00,
    0x40, 0x08, 0x40, 0x00, 0x40, 0x08, 0x40, 0x08, 0x40, 0x00, 0x20, 0x00,
    0x85, 0x29, 0x00, 0x00, 0xac, 0x5a, 0xa5, 0x20, 0x43, 0x10, 0x54, 0xa5,
    0xba, 0xce, 0x00, 0x00, 0x20, 0x00, 0x20, 0x00, 0x20, 0x00, 0x20, 0x00,
    0x20, 0x00, 0x20, 0x00, 0x20, 0x00, 0x20, 0x00, 0x00, 0x00, 0x00, 0x00,
    0x00, 0x00, 0x00, 0x00, 0x00, 0x00, 0x00, 0x00, 0x00, 0x00, 0x00, 0x00,
    0x00, 0x00, 0x00, 0x00, 0x00, 0x00, 0x00, 0x00, 0x00, 0x00, 0x00, 0x00,
    0x00, 0x00, 0x00, 0x00, 0x00, 0x00, 0x00, 0x00, 0x00, 0x00, 0x00, 0x00,
    0x00, 0x00, 0x00, 0x00, 0x00, 0x00, 0x00, 0x00, 0x00, 0x00, 0x00, 0x00,
    0x00, 0x00, 0x00, 0x00, 0x00, 0x00, 0x00, 0x00, 0x00, 0x00, 0x00, 0x00,
    0x00, 0x00, 0x00, 0x00, 0x00, 0x00, 0x00, 0x00, 0x00, 0x00, 0x00, 0x00,
    0x00, 0x00, 0x00, 0x00, 0x00, 0x00, 0x00, 0x00, 0x00, 0x00, 0x00, 0x00,
    0x00, 0x00, 0x00, 0x00, 0x00, 0x00, 0x00, 0x00, 0x00, 0x00, 0x00, 0x00,
    0x00, 0x00, 0x00, 0x00, 0x00, 0x00, 0x00, 0x00, 0x00, 0x00, 0x00, 0x00,
    0x00, 0x00, 0x00, 0x00, 0x07, 0x3a, 0x89, 0x52, 0x64, 0x29, 0x00, 0x00,
    0x00, 0x00, 0xaa, 0x52, 0x89, 0x52, 0x00, 0x00, 0x00, 0x00, 0x00, 0x00,
    0x00, 0x00, 0x00, 0x00, 0x03, 0x21, 0x00, 0x00, 0x03, 0x21, 0x03, 0x21,
    0x00, 0x00, 0x24, 0x21, 0x00, 0x00, 0xe3, 0x18, 0x03, 0x21, 0x00, 0x00,
    0x03, 0x21, 0xe3, 0x18, 0x00, 0x00, 0x23, 0x21, 0x00, 0x00, 0x03, 0x19,
    0x03, 0x21, 0x00, 0x00, 0x24, 0x21, 0x00, 0x00, 0x03, 0x19, 0x03, 0x21,
    0x00, 0x00, 0x03, 0x21, 0xa2, 0x10, 0x40, 0x00, 0x03, 0x21, 0x00, 0x00,
    0x20, 0x00, 0x00, 0x00, 0x49, 0x4a, 0x27, 0x29, 0x01, 0x00, 0x53, 0xad,
    0x10, 0x84, 0xcf, 0x7b, 0x4b, 0x63, 0x00, 0x00, 0xdb, 0xd6, 0xb2, 0x8c,
    0x00, 0x00, 0x85, 0x29, 0x40, 0x00, 0x60, 0x08, 0x60, 0x08, 0x60, 0x08,
    0x60, 0x08, 0x60, 0x08, 0x60, 0x08, 0x60, 0x08, 0x60, 0x08, 0x60, 0x08,
    0x60, 0x08, 0x60, 0x08, 0x60, 0x08, 0x60, 0x08, 0x60, 0x08, 0x60, 0x08,
    0x60, 0x08, 0x60, 0x08, 0x60, 0x08, 0x60, 0x08, 0x60, 0x08, 0x60, 0x08,
    0x60, 0x08, 0x60, 0x08, 0x60, 0x08, 0x60, 0x08, 0x60, 0x08, 0x60, 0x08,
    0x60, 0x08, 0x60, 0x08, 0x60, 0x08, 0x40, 0x08, 0x65, 0x21, 0x20, 0x00,
    0x85, 0x29, 0x40, 0x08, 0x20, 0x00, 0x00, 0x08, 0x00, 0x00, 0x46, 0x21,
    0xc2, 0x20, 0x00, 0x00, 0x20, 0x00, 0x60, 0x08, 0x60, 0x08, 0x40, 0x00,
    0x20, 0x00, 0x20, 0x00, 0x00, 0x00, 0x00, 0x00, 0x20, 0x08, 0x20, 0x00,
    0x00, 0x00, 0xc4, 0x18, 0xe2, 0x18, 0x00, 0x00, 0x20, 0x00, 0x20, 0x00,
    0x20, 0x00, 0x20, 0x08, 0x20, 0x00, 0x60, 0x08, 0x20, 0x00, 0x40, 0x08,
    0x20, 0x00, 0x40, 0x08, 0x20, 0x00, 0x20, 0x00, 0x20, 0x00, 0x40, 0x00,
    0x00, 0x00, 0x20, 0x00, 0x20, 0x00, 0x20, 0x08, 0x40, 0x00, 0x60, 0x08,
    0x20, 0x00, 0x20, 0x00, 0x40, 0x00, 0x20, 0x00, 0x20, 0x00, 0x20, 0x00,
    0x60, 0x08, 0x60, 0x08, 0x60, 0x08, 0x60, 0x08, 0x60, 0x08, 0x60, 0x08,
    0x60, 0x08, 0x60, 0x08, 0x60, 0x08, 0x60, 0x08, 0x60, 0x08, 0x60, 0x08,
    0x60, 0x08, 0x60, 0x08, 0x60, 0x08, 0x60, 0x08, 0x60, 0x08, 0x60, 0x08,
    0x60, 0x08, 0x60, 0x08, 0x60, 0x08, 0x60, 0x08, 0x60, 0x08, 0x60, 0x08,
    0x60, 0x08, 0x60, 0x08, 0x60, 0x08, 0x40, 0x00, 0x40, 0x08, 0x40, 0x00,
    0x85, 0x29, 0x00, 0x00, 0xac, 0x5a, 0xa4, 0x18, 0x43, 0x10, 0x54, 0xa5,
    0xba, 0xce, 0x00, 0x00, 0x20, 0x00, 0x20, 0x00, 0x20, 0x00, 0x20, 0x00,
    0x20, 0x00, 0x20, 0x00, 0x20, 0x00, 0x20, 0x00, 0x00, 0x00, 0x44, 0x26,
    0x40, 0x05, 0x40, 0x05, 0x40, 0x05, 0x40, 0x05, 0x40, 0x05, 0x40, 0x05,
    0x40, 0x05, 0x40, 0x05, 0x40, 0x05, 0x40, 0x05, 0x40, 0x05, 0x40, 0x05,
    0x40, 0x05, 0x40, 0x05, 0x40, 0x05, 0x40, 0x05, 0x40, 0x05, 0x40, 0x05,
    0x40, 0x05, 0x40, 0x05, 0x40, 0x05, 0x40, 0x05, 0x40, 0x05, 0x40, 0x05,
    0x40, 0x05, 0x40, 0x05, 0x40, 0x05, 0x40, 0x05, 0x40, 0x05, 0x40, 0x05,
    0x40, 0x05, 0x40, 0x05, 0x40, 0x05, 0x40, 0x05, 0x40, 0x05, 0x40, 0x05,
    0x40, 0x05, 0x40, 0x05, 0x40, 0x05, 0x40, 0x05, 0x40, 0x05, 0x40, 0x05,
    0x40, 0x05, 0x40, 0x05, 0x40, 0x05, 0x40, 0x05, 0x40, 0x05, 0x40, 0x05,
    0x40, 0x05, 0x40, 0x05, 0x40, 0x05, 0x40, 0x05, 0x40, 0x05, 0x40, 0x05,
    0x40, 0x05, 0x40, 0x05, 0xe4, 0x2d, 0x48, 0x4a, 0x64, 0x29, 0x00, 0x00,
    0x00, 0x00, 0x89, 0x52, 0x0e, 0x7c, 0x00, 0x00, 0x20, 0x00, 0x20, 0x00,
    0x20, 0x00, 0x00, 0x00, 0x23, 0x21, 0x00, 0x00, 0x03, 0x19, 0x03, 0x19,
    0x00, 0x00, 0x23, 0x21, 0x00, 0x00, 0xe3, 0x18, 0x03, 0x19, 0x00, 0x00,
    0x03, 0x21, 0xe3, 0x18, 0x00, 0x00, 0x24, 0x21, 0x00, 0x00, 0x03, 0x21,
    0x03, 0x19, 0x00, 0x00, 0x24, 0x21, 0x00, 0x00, 0x03, 0x21, 0x03, 0x19,
    0x00, 0x00, 0x03, 0x21, 0xa2, 0x10, 0x41, 0x00, 0x23, 0x21, 0x00, 0x00,
    0x20, 0x00, 0x00, 0x00, 0x49, 0x4a, 0x27, 0x29, 0x01, 0x00, 0x53, 0xad,
    0x10, 0x84, 0xaf, 0x7b, 0x4b, 0x63, 0x00, 0x00, 0xfb, 0xd6, 0x92, 0x84,
    0x00, 0x00, 0x84, 0x29, 0x40, 0x00, 0x60, 0x08, 0x60, 0x08, 0x60, 0x08,
    0x60, 0x08, 0x60, 0x08, 0x60, 0x08, 0x60, 0x08, 0x60, 0x08, 0x60, 0x08,
    0x60, 0x08, 0x60, 0x08, 0x60, 0x08, 0x60, 0x08, 0x60, 0x08, 0x60, 0x08,
    0x60, 0x08, 0x60, 0x08, 0x60, 0x08, 0x60, 0x08, 0x60, 0x08, 0x60, 0x08,
    0x60, 0x08, 0x60, 0x08, 0x60, 0x08, 0x60, 0x08, 0x60, 0x08, 0x60, 0x08,
    0x60, 0x08, 0x60, 0x08, 0x60, 0x08, 0x40, 0x00, 0x65, 0x21, 0x20, 0x00,
    0x85, 0x29, 0x20, 0x00, 0x00, 0x00, 0x60, 0x08, 0x20, 0x00, 0x00, 0x00,
    0x00, 0x00, 0x41, 0x08, 0x40, 0x00, 0x60, 0x00, 0x41, 0x08, 0x40, 0x00,
    0x60, 0x08, 0x60, 0x08, 0x60, 0x08, 0x60, 0x08, 0x60, 0x08, 0x60, 0x08,
    0x60, 0x08, 0x40, 0x00, 0x40, 0x00, 0x60, 0x08, 0x41, 0x00, 0x40, 0x08,
    0x40, 0x08, 0x41, 0x00, 0x21, 0x08, 0x41, 0x08, 0x60, 0x08, 0x41, 0x00,
    0x40, 0x08, 0x60, 0x08, 0x60, 0x08, 0x60, 0x08, 0x60, 0x08, 0x60, 0x08,
    0x60, 0x08, 0x60, 0x08, 0x60, 0x08, 0x60, 0x08, 0x60, 0x08, 0x60, 0x08,
    0x60, 0x08, 0x60, 0x08, 0x60, 0x08, 0x60, 0x08, 0x60, 0x08, 0x60, 0x08,
    0x60, 0x08, 0x60, 0x08, 0x60, 0x08, 0x60, 0x08, 0x60, 0x08, 0x60, 0x08,
    0x60, 0x08, 0x60, 0x08, 0x60, 0x08, 0x60, 0x08, 0x60, 0x08, 0x60, 0x08,
    0x60, 0x08, 0x60, 0x08, 0x81, 0x08, 0x81, 0x08, 0x60, 0x08, 0x81, 0x08,
    0x81, 0x08, 0x80, 0x08, 0x80, 0x08, 0x81, 0x08, 0x80, 0x08, 0x80, 0x08,
    0x80, 0x08, 0x80, 0x08, 0x80, 0x08, 0x43, 0x29, 0x84, 0x29, 0x80, 0x10,
    0x65, 0x29, 0x00, 0x00, 0xcc, 0x5a, 0xa5, 0x18, 0x43, 0x10, 0x54, 0x9d,
    0xba, 0xce, 0x00, 0x00, 0x20, 0x00, 0x20, 0x00, 0x20, 0x00, 0x20, 0x00,
    0x20, 0x00, 0x20, 0x00, 0x20, 0x00, 0x20, 0x00, 0x00, 0x00, 0x02, 0x13,
    0x00, 0x00, 0x00, 0x00, 0x00, 0x00, 0x00, 0x00, 0x00, 0x00, 0x00, 0x00,
    0x00, 0x00, 0x00, 0x00, 0x00, 0x00, 0x00, 0x00, 0x00, 0x00, 0x00, 0x00,
    0x00, 0x00, 0x00, 0x00, 0x00, 0x00, 0x00, 0x00, 0x00, 0x00, 0x00, 0x00,
    0x00, 0x00, 0x00, 0x00, 0x00, 0x00, 0x00, 0x00, 0x00, 0x00, 0x00, 0x00,
    0x00, 0x00, 0x00, 0x00, 0x00, 0x00, 0x00, 0x00, 0x00, 0x00, 0x00, 0x00,
    0x00, 0x00, 0x00, 0x00, 0x00, 0x00, 0x00, 0x00, 0x00, 0x00, 0x00, 0x00,
    0x00, 0x00, 0x00, 0x00, 0x00, 0x00, 0x00, 0x00, 0x00, 0x00, 0x00, 0x00,
    0x00, 0x00, 0x00, 0x00, 0x00, 0x00, 0x00, 0x00, 0x00, 0x00, 0x00, 0x00,
    0x00, 0x00, 0x00, 0x00, 0x00, 0x00, 0x00, 0x00, 0x00, 0x00, 0x00, 0x00,
    0x00, 0x00, 0x00, 0x00, 0xa8, 0x41, 0x88, 0x52, 0x64, 0x29, 0x00, 0x00,
    0x20, 0x00, 0x00, 0x00, 0x00, 0x00, 0x00, 0x00, 0x00, 0x00, 0x00, 0x00,
    0x00, 0x00, 0x00, 0x00, 0xe3, 0x18, 0x00, 0x00, 0x03, 0x19, 0x03, 0x21,
    0x00, 0x00, 0x24, 0x21, 0x00, 0x00, 0xe3, 0x18, 0x03, 0x19, 0x00, 0x00,
    0x04, 0x19, 0xe3, 0x18, 0x00, 0x00, 0x24, 0x21, 0x00, 0x00, 0x03, 0x19,
    0x03, 0x21, 0x00, 0x00, 0x23, 0x21, 0x00, 0x00, 0x03, 0x19, 0x03, 0x19,
    0x00, 0x00, 0x03, 0x21, 0xa2, 0x10, 0x41, 0x00, 0x03, 0x21, 0x00, 0x00,
    0x20, 0x00, 0x00, 0x00, 0x49, 0x4a, 0x27, 0x29, 0x00, 0x00, 0x54, 0xa5,
    0x10, 0x84, 0xaf, 0x7b, 0x4c, 0x63, 0x00, 0x00, 0xdb, 0xd6, 0xb1, 0x8c,
    0x00, 0x00, 0x65, 0x29, 0x40, 0x00, 0x60, 0x08, 0x60, 0x08, 0x60, 0x08,
    0x60, 0x08, 0x60, 0x08, 0x60, 0x08, 0x60, 0x08, 0x60, 0x08, 0x60, 0x08,
    0x60, 0x08, 0x60, 0x08, 0x60, 0x08, 0x60, 0x08, 0x60, 0x08, 0x60, 0x08,
    0x60, 0x08, 0x60, 0x08, 0x60, 0x08, 0x60, 0x08, 0x60, 0x08, 0x60, 0x08,
    0x60, 0x08, 0x60, 0x08, 0x60, 0x08, 0x60, 0x08, 0x60, 0x08, 0x60, 0x08,
    0x60, 0x08, 0x60, 0x08, 0x60, 0x08, 0x40, 0x08, 0x65, 0x21, 0x20, 0x00,
    0x64, 0x29, 0x80, 0x08, 0xad, 0x73, 0x4f, 0x8c, 0x68, 0x4a, 0xd6, 0xb5,
    0x0a, 0x5b, 0x21, 0x08, 0x04, 0x11, 0xa2, 0x08, 0xa4, 0x10, 0xc3, 0x18,
    0x61, 0x10, 0x41, 0x08, 0x41, 0x08, 0x20, 0x08, 0x41, 0x08, 0x40, 0x00,
    0x40, 0x00, 0x42, 0x08, 0xc2, 0x10, 0x20, 0x00, 0xa3, 0x10, 0x21, 0x08,
    0x21, 0x08, 0xc5, 0x18, 0x83, 0x10, 0xa4, 0x18, 0x60, 0x08, 0xe4, 0x10,
    0x82, 0x10, 0x21, 0x00, 0x60, 0x08, 0x81, 0x08, 0x81, 0x10, 0x60, 0x08,
    0x60, 0x08, 0x60, 0x08, 0x60, 0x08, 0x60, 0x08, 0x60, 0x08, 0x60, 0x08,
    0x60, 0x08, 0x60, 0x08, 0x60, 0x08, 0x60, 0x08, 0x60, 0x08, 0x60, 0x08,
    0x60, 0x08, 0x60, 0x08, 0x60, 0x08, 0x60, 0x08, 0x60, 0x08, 0x60, 0x08,
    0x60, 0x08, 0x60, 0x08, 0x60, 0x08, 0x60, 0x08, 0x60, 0x08, 0x60, 0x08,
    0x60, 0x08, 0x60, 0x08, 0x81, 0x08, 0x44, 0x21, 0x24, 0x21, 0xe2, 0x18,
    0xe2, 0x18, 0xe2, 0x18, 0xe2, 0x18, 0xe2, 0x18, 0xe2, 0x18, 0xe2, 0x18,
    0xe2, 0x18, 0xe2, 0x18, 0x81, 0x10, 0x44, 0x29, 0xc9, 0x52, 0x60, 0x08,
    0x65, 0x21, 0x00, 0x00, 0xcc, 0x5a, 0xa5, 0x18, 0x43, 0x10, 0x54, 0x9d,
    0xba, 0xce, 0x00, 0x00, 0x20, 0x00, 0x20, 0x00, 0x20, 0x00, 0x20, 0x00,
    0x20, 0x00, 0x20, 0x00, 0x20, 0x00, 0x00, 0x00, 0xe1, 0x08, 0x20, 0x03,
    0x00, 0x00, 0x20, 0x00, 0x20, 0x00, 0x20, 0x00, 0x20, 0x00, 0x20, 0x00,
    0x20, 0x00, 0x20, 0x00, 0x20, 0x00, 0x20, 0x00, 0x20, 0x00, 0x20, 0x00,
    0x20, 0x00, 0x20, 0x00, 0x20, 0x00, 0x20, 0x00, 0x20, 0x00, 0x20, 0x00,
    0x20, 0x00, 0x20, 0x00, 0x20, 0x00, 0x20, 0x00, 0x20, 0x00, 0x20, 0x00,
    0x20, 0x00, 0x20, 0x00, 0x20, 0x00, 0x20, 0x00, 0x20, 0x00, 0x20, 0x00,
    0x20, 0x00, 0x20, 0x00, 0x20, 0x00, 0x20, 0x00, 0x20, 0x00, 0x20, 0x00,
    0x20, 0x00, 0x20, 0x00, 0x20, 0x00, 0x20, 0x00, 0x20, 0x00, 0x20, 0x00,
    0x20, 0x00, 0x20, 0x00, 0x20, 0x00, 0x20, 0x00, 0x20, 0x00, 0x20, 0x00,
    0x20, 0x00, 0x20, 0x00, 0x20, 0x00, 0x20, 0x00, 0x20, 0x00, 0x20, 0x00,
    0x20, 0x00, 0x00, 0x00, 0x07, 0x3a, 0x89, 0x52, 0x64, 0x29, 0x20, 0x00,
    0x00, 0x00, 0x44, 0x21, 0x07, 0x42, 0xe3, 0x18, 0xca, 0x52, 0x8a, 0x52,
    0x28, 0x42, 0x44, 0x21, 0x89, 0x52, 0x00, 0x00, 0xc2, 0x10, 0xc2, 0x10,
    0x00, 0x00, 0xc3, 0x18, 0x00, 0x00, 0xa2, 0x10, 0xc2, 0x18, 0x00, 0x00,
    0xc2, 0x10, 0xa2, 0x10, 0x00, 0x00, 0xc2, 0x18, 0x00, 0x00, 0xc2, 0x10,
    0xc2, 0x10, 0x00, 0x00, 0xc3, 0x18, 0x00, 0x00, 0xc2, 0x10, 0xc2, 0x18,
    0x00, 0x00, 0xc2, 0x10, 0x61, 0x08, 0x00, 0x00, 0xe3, 0x18, 0x00, 0x00,
    0x20, 0x00, 0x00, 0x00, 0x49, 0x4a, 0x27, 0x31, 0x01, 0x00, 0x53, 0xad,
    0x10, 0x84, 0xaf, 0x7b, 0x4b, 0x63, 0x00, 0x00, 0xba, 0xce, 0x91, 0x84,
    0x00, 0x00, 0x85, 0x21, 0x40, 0x08, 0x60, 0x08, 0x60, 0x08, 0x60, 0x08,
    0x60, 0x08, 0x60, 0x08, 0x60, 0x08, 0x60, 0x08, 0x60, 0x08, 0x60, 0x08,
    0x60, 0x08, 0x60, 0x08, 0x60, 0x08, 0x60, 0x08, 0x60, 0x08, 0x60, 0x08,
    0x60, 0x08, 0x60, 0x08, 0x60, 0x08, 0x60, 0x08, 0x60, 0x08, 0x60, 0x08,
    0x60, 0x08, 0x60, 0x08, 0x60, 0x08, 0x60, 0x08, 0x60, 0x08, 0x60, 0x08,
    0x60, 0x08, 0x60, 0x08, 0x60, 0x08, 0x40, 0x08, 0x65, 0x21, 0x20, 0x00,
    0x23, 0x21, 0x4b, 0x63, 0x17, 0xbe, 0x33, 0xa5, 0x88, 0x52, 0x13, 0xa5,
    0x2b, 0x63, 0x41, 0x08, 0xa2, 0x10, 0x24, 0x19, 0x01, 0x00, 0x06, 0x21,
    0x22, 0x10, 0xc3, 0x10, 0xc4, 0x18, 0xa3, 0x10, 0xa3, 0x10, 0x04, 0x19,
    0xc3, 0x10, 0xa3, 0x18, 0x44, 0x21, 0xc3, 0x10, 0xe4, 0x18, 0xc4, 0x18,
    0x82, 0x10, 0x61, 0x08, 0x06, 0x19, 0x05, 0x21, 0x60, 0x08, 0xa3, 0x10,
    0xe4, 0x18, 0xe4, 0x18, 0xc2, 0x08, 0x04, 0x11, 0xa1, 0x10, 0x60, 0x08,
    0x60, 0x08, 0x60, 0x08, 0x60, 0x08, 0x60, 0x08, 0x60, 0x08, 0x60, 0x08,
    0x60, 0x08, 0x60, 0x08, 0x60, 0x08, 0x60, 0x08, 0x60, 0x08, 0x60, 0x08,
    0x60, 0x08, 0x60, 0x08, 0x60, 0x08, 0x60, 0x08, 0x60, 0x08, 0x60, 0x08,
    0x60, 0x08, 0x60, 0x08, 0x60, 0x08, 0x60, 0x08, 0x60, 0x08, 0x60, 0x08,
    0x60, 0x08, 0x60, 0x08, 0x61, 0x08, 0x45, 0x21, 0x24, 0x21, 0x03, 0x21,
    0xe2, 0x18, 0xe2, 0x18, 0xe2, 0x18, 0xe2, 0x18, 0xe2, 0x18, 0xe2, 0x18,
    0xe2, 0x18, 0xe2, 0x18, 0x81, 0x10, 0x81, 0x10, 0x40, 0x08, 0x40, 0x08,
    0x85, 0x29, 0x00, 0x00, 0xac, 0x5a, 0xa4, 0x18, 0x43, 0x10, 0x34, 0x9d,
    0x9a, 0xc6, 0x00, 0x00, 0x20, 0x00, 0x20, 0x00, 0x20, 0x00, 0x20, 0x00,
    0x20, 0x00, 0x20, 0x00, 0x20, 0x00, 0x00, 0x00, 0xe3, 0x19, 0x42, 0x11,
    0x00, 0x00, 0x20, 0x00, 0x20, 0x00, 0x20, 0x00, 0x20, 0x00, 0x20, 0x00,
    0x20, 0x00, 0x20, 0x00, 0x20, 0x00, 0x20, 0x00, 0x20, 0x00, 0x20, 0x00,
    0x20, 0x00, 0x20, 0x00, 0x20, 0x00, 0x20, 0x00, 0x20, 0x00, 0x20, 0x00,
    0x20, 0x00, 0x20, 0x00, 0x20, 0x00, 0x20, 0x00, 0x20, 0x00, 0x20, 0x00,
    0x20, 0x00, 0x20, 0x00, 0x20, 0x00, 0x20, 0x00, 0x20, 0x00, 0x20, 0x00,
    0x20, 0x00, 0x20, 0x00, 0x20, 0x00, 0x20, 0x00, 0x20, 0x00, 0x20, 0x00,
    0x20, 0x00, 0x20, 0x00, 0x20, 0x00, 0x20, 0x00, 0x20, 0x00, 0x20, 0x00,
    0x20, 0x00, 0x20, 0x00, 0x20, 0x00, 0x20, 0x00, 0x20, 0x00, 0x20, 0x00,
    0x20, 0x00, 0x20, 0x00, 0x20, 0x00, 0x20, 0x00, 0x20, 0x00, 0x20, 0x00,
    0x20, 0x00, 0x00, 0x00, 0x07, 0x3a, 0x89, 0x52, 0x64, 0x29, 0x00, 0x00,
    0x00, 0x00, 0x8d, 0x73, 0xad, 0x73, 0x00, 0x00, 0x2c, 0x63, 0x0b, 0x63,
    0xcb, 0x5a, 0x00, 0x00, 0xef, 0x7b, 0xeb, 0x5a, 0x8d, 0x73, 0x8e, 0x73,
    0xeb, 0x5a, 0xad, 0x73, 0xeb, 0x5a, 0x8d, 0x6b, 0x8d, 0x73, 0xeb, 0x5a,
    0xad, 0x73, 0x8d, 0x73, 0xeb, 0x5a, 0xae, 0x73, 0xeb, 0x5a, 0x8d, 0x73,
    0x8e, 0x73, 0xeb, 0x5a, 0xae, 0x73, 0xeb, 0x5a, 0x8d, 0x73, 0x8e, 0x73,
    0xeb, 0x5a, 0xae, 0x73, 0x4d, 0x6b, 0x2c, 0x63, 0x0b, 0x63, 0x00, 0x00,
    0x20, 0x00, 0x00, 0x00, 0x49, 0x4a, 0x27, 0x29, 0x01, 0x00, 0x53, 0xad,
    0x10, 0x84, 0xcf, 0x7b, 0x4b, 0x63, 0x00, 0x00, 0xba, 0xce, 0x92, 0x84,
    0x00, 0x00, 0x85, 0x21, 0x20, 0x08, 0x60, 0x08, 0x60, 0x08, 0x60, 0x08,
    0x60, 0x08, 0x60, 0x08, 0x60, 0x08, 0x60, 0x08, 0x60, 0x08, 0x60, 0x08,
    0x60, 0x08, 0x60, 0x08, 0x60, 0x08, 0x60, 0x08, 0x60, 0x08, 0x60, 0x08,
    0x60, 0x08, 0x60, 0x08, 0x60, 0x08, 0x60, 0x08, 0x60, 0x08, 0x60, 0x08,
    0x60, 0x08, 0x60, 0x08, 0x60, 0x08, 0x60, 0x08, 0x60, 0x08, 0x60, 0x08,
    0x60, 0x08, 0x60, 0x08, 0x60, 0x08, 0x40, 0x08, 0x65, 0x21, 0x20, 0x00,
    0x44, 0x21, 0xa9, 0x52, 0x17, 0xc6, 0xd2, 0x94, 0xa9, 0x52, 0xd1, 0x94,
    0x4b, 0x63, 0x41, 0x08, 0xe3, 0x10, 0x03, 0x11, 0x42, 0x08, 0x63, 0x10,
    0xe4, 0x20, 0xa2, 0x10, 0xe4, 0x18, 0xa4, 0x10, 0x82, 0x10, 0x05, 0x11,
    0x25, 0x21, 0xa4, 0x20, 0x44, 0x19, 0xa4, 0x10, 0xe4, 0x10, 0xc4, 0x18,
    0x41, 0x10, 0xa3, 0x10, 0xe5, 0x20, 0x05, 0x21, 0x60, 0x08, 0xc3, 0x10,
    0xe5, 0x10, 0x25, 0x21, 0xe3, 0x10, 0x25, 0x19, 0xa1, 0x10, 0x60, 0x08,
    0x60, 0x08, 0x60, 0x08, 0x60, 0x08, 0x60, 0x08, 0x60, 0x08, 0x60, 0x08,
    0x60, 0x08, 0x60, 0x08, 0x60, 0x08, 0x60, 0x08, 0x60, 0x08, 0x60, 0x08,
    0x60, 0x08, 0x60, 0x08, 0x60, 0x08, 0x60, 0x08, 0x60, 0x08, 0x60, 0x08,
    0x60, 0x08, 0x60, 0x08, 0x60, 0x08, 0x60, 0x08, 0x60, 0x08, 0x60, 0x08,
    0x60, 0x08, 0x60, 0x08, 0xa1, 0x08, 0x45, 0x21, 0x45, 0x21, 0x02, 0x21,
    0xe2, 0x18, 0xe2, 0x18, 0xe2, 0x18, 0xe2, 0x18, 0xe2, 0x18, 0xe2, 0x18,
    0xe2, 0x18, 0x02, 0x19, 0x60, 0x08, 0xe6, 0x39, 0xea, 0x5a, 0xa1, 0x10,
    0x64, 0x21, 0x00, 0x00, 0xcc, 0x5a, 0xa5, 0x18, 0x43, 0x10, 0x34, 0x9d,
    0x9a, 0xce, 0x00, 0x00, 0x20, 0x00, 0x80, 0x08, 0x20, 0x00, 0x20, 0x00,
    0x20, 0x00, 0x20, 0x00, 0x20, 0x00, 0x00, 0x00, 0xc0, 0x03, 0x00, 0x00,
    0x20, 0x00, 0x20, 0x00, 0x20, 0x00, 0x20, 0x00, 0x20, 0x00, 0x20, 0x00,
    0x20, 0x00, 0x20, 0x00, 0x20, 0x00, 0x20, 0x00, 0x20, 0x00, 0x20, 0x00,
    0x20, 0x00, 0x20, 0x00, 0x20, 0x00, 0x20, 0x00, 0x20, 0x00, 0x20, 0x00,
    0x20, 0x00, 0x20, 0x00, 0x20, 0x00, 0x20, 0x00, 0x20, 0x00, 0x20, 0x00,
    0x20, 0x00, 0x20, 0x00, 0x20, 0x00, 0x20, 0x00, 0x20, 0x00, 0x20, 0x00,
    0x20, 0x00, 0x20, 0x00, 0x20, 0x00, 0x20, 0x00, 0x20, 0x00, 0x20, 0x00,
    0x20, 0x00, 0x20, 0x00, 0x20, 0x00, 0x20, 0x00, 0x20, 0x00, 0x20, 0x00,
    0x20, 0x00, 0x20, 0x00, 0x20, 0x00, 0x20, 0x00, 0x20, 0x00, 0x20, 0x00,
    0x20, 0x00, 0x20, 0x00, 0x20, 0x00, 0x20, 0x00, 0x20, 0x00, 0x20, 0x00,
    0x20, 0x00, 0x00, 0x00, 0x07, 0x3a, 0x89, 0x52, 0x63, 0x29, 0x00, 0x00,
    0x00, 0x00, 0x81, 0x08, 0xe3, 0x18, 0x44, 0x21, 0xe7, 0x39, 0x45, 0x29,
    0xa6, 0x31, 0x65, 0x29, 0xc6, 0x39, 0x00, 0x00, 0xc2, 0x10, 0xc2, 0x18,
    0x00, 0x00, 0xc3, 0x18, 0x00, 0x00, 0xa2, 0x10, 0xc2, 0x18, 0x00, 0x00,
    0xc2, 0x10, 0xa2, 0x10, 0x00, 0x00, 0xe3, 0x18, 0x00, 0x00, 0xc2, 0x10,
    0xc2, 0x18, 0x00, 0x00, 0xc2, 0x18, 0x00, 0x00, 0xc2, 0x10, 0xc2, 0x10,
    0x00, 0x00, 0xc2, 0x18, 0x61, 0x08, 0x00, 0x00, 0xe3, 0x18, 0x00, 0x00,
    0x20, 0x00, 0x00, 0x00, 0x49, 0x4a, 0x27, 0x29, 0x00, 0x00, 0x53, 0xa5,
    0x10, 0x84, 0xaf, 0x7b, 0x4c, 0x6b, 0x00, 0x00, 0xba, 0xce, 0x91, 0x8c,
    0x00, 0x00, 0x85, 0x21, 0x40, 0x00, 0x60, 0x08, 0x60, 0x08, 0x60, 0x08,
    0x60, 0x08, 0x60, 0x08, 0x60, 0x08, 0x60, 0x08, 0x60, 0x08, 0x60, 0x08,
    0x60, 0x08, 0x60, 0x08, 0x60, 0x08, 0x60, 0x08, 0x60, 0x08, 0x60, 0x08,
    0x60, 0x08, 0x60, 0x08, 0x60, 0x08, 0x60, 0x08, 0x60, 0x08, 0x60, 0x08,
    0x60, 0x08, 0x60, 0x08, 0x60, 0x08, 0x60, 0x08, 0x60, 0x08, 0x60, 0x08,
    0x60, 0x08, 0x60, 0x08, 0x60, 0x08, 0x40, 0x00, 0x65, 0x21, 0x20, 0x00,
    0x85, 0x29, 0x00, 0x00, 0x89, 0x52, 0x88, 0x52, 0x23, 0x21, 0xca, 0x5a,
    0x84, 0x29, 0x21, 0x00, 0xa2, 0x08, 0x61, 0x00, 0x62, 0x10, 0x61, 0x08,
    0x42, 0x10, 0x61, 0x00, 0x63, 0x08, 0x41, 0x08, 0x61, 0x08, 0x62, 0x08,
    0x62, 0x08, 0x41, 0x08, 0x81, 0x08, 0x83, 0x08, 0x62, 0x08, 0x42, 0x08,
    0x21, 0x08, 0x83, 0x08, 0x21, 0x08, 0x62, 0x08, 0x60, 0x08, 0xa3, 0x08,
    0x42, 0x00, 0x83, 0x08, 0x61, 0x10, 0x61, 0x08, 0x60, 0x08, 0x60, 0x08,
    0x60, 0x08, 0x60, 0x08, 0x60, 0x08, 0x60, 0x08, 0x60, 0x08, 0x60, 0x08,
    0x60, 0x08, 0x60, 0x08, 0x60, 0x08, 0x60, 0x08, 0x60, 0x08, 0x60, 0x08,
    0x60, 0x08, 0x60, 0x08, 0x60, 0x08, 0x60, 0x08, 0x60, 0x08, 0x60, 0x08,
    0x60, 0x08, 0x60, 0x08, 0x60, 0x08, 0x60, 0x08, 0x60, 0x08, 0x60, 0x08,
    0x60, 0x08, 0x60, 0x08, 0x60, 0x08, 0xa1, 0x10, 0xc2, 0x10, 0x81, 0x10,
    0xa1, 0x10, 0xa1, 0x10, 0xa1, 0x10, 0xa1, 0x10, 0xa1, 0x10, 0xa1, 0x10,
    0xa1, 0x10, 0xa1, 0x10, 0x80, 0x08, 0x23, 0x21, 0xe6, 0x39, 0x60, 0x08,
    0x85, 0x29, 0x00, 0x00, 0xcc, 0x5a, 0xa5, 0x20, 0x43, 0x10, 0x54, 0x9d,
    0x9a, 0xc6, 0x00, 0x00, 0x20, 0x00, 0x00, 0x00, 0x20, 0x00, 0x20, 0x00,
    0x20, 0x00, 0x20, 0x00, 0x20, 0x00, 0x00, 0x00, 0x82, 0x1b, 0x00, 0x00,
    0x20, 0x00, 0x20, 0x00, 0x20, 0x00, 0x20, 0x00, 0x20, 0x00, 0x20, 0x00,
    0x20, 0x00, 0x20, 0x00, 0x20, 0x00, 0x20, 0x00, 0x20, 0x00, 0x20, 0x00,
    0x20, 0x00, 0x20, 0x00, 0x20, 0x00, 0x20, 0x00, 0x20, 0x00, 0x20, 0x00,
    0x20, 0x00, 0x20, 0x00, 0x20, 0x00, 0x20, 0x00, 0x20, 0x00, 0x20, 0x00,
    0x20, 0x00, 0x20, 0x00, 0x20, 0x00, 0x20, 0x00, 0x20, 0x00, 0x20, 0x00,
    0x20, 0x00, 0x20, 0x00, 0x20, 0x00, 0x20, 0x00, 0x20, 0x00, 0x20, 0x00,
    0x20, 0x00, 0x20, 0x00, 0x20, 0x00, 0x20, 0x00, 0x20, 0x00, 0x20, 0x00,
    0x20, 0x00, 0x20, 0x00, 0x20, 0x00, 0x20, 0x00, 0x20, 0x00, 0x20, 0x00,
    0x20, 0x00, 0x20, 0x00, 0x20, 0x00, 0x20, 0x00, 0x20, 0x00, 0x20, 0x00,
    0x20, 0x00, 0x00, 0x00, 0x07, 0x3a, 0x89, 0x52, 0x64, 0x29, 0x20, 0x00,
    0x20, 0x00, 0x41, 0x08, 0x44, 0x21, 0x00, 0x00, 0x00, 0x00, 0x00, 0x00,
    0x00, 0x00, 0x00, 0x00, 0x03, 0x21, 0x00, 0x00, 0x03, 0x19, 0x03, 0x21,
    0x00, 0x00, 0x23, 0x21, 0x00, 0x00, 0xe3, 0x18, 0x03, 0x19, 0x00, 0x00,
    0x03, 0x21, 0xe3, 0x18, 0x00, 0x00, 0x24, 0x21, 0x00, 0x00, 0x03, 0x21,
    0x03, 0x19, 0x00, 0x00, 0x24, 0x21, 0x00, 0x00, 0x03, 0x21, 0x03, 0x21,
    0x00, 0x00, 0x03, 0x21, 0xa2, 0x10, 0x40, 0x00, 0x03, 0x21, 0x00, 0x00,
    0x20, 0x00, 0x00, 0x00, 0x49, 0x4a, 0x27, 0x29, 0x01, 0x00, 0x54, 0xad,
    0x10, 0x84, 0xaf, 0x7b, 0x2b, 0x63, 0x00, 0x00, 0x9a, 0xce, 0x92, 0x84,
    0x00, 0x00, 0x86, 0x21, 0x40, 0x00, 0x60, 0x08, 0x60, 0x08, 0x60, 0x08,
    0x60, 0x08, 0x60, 0x08, 0x60, 0x08, 0x60, 0x08, 0x60, 0x08, 0x60, 0x08,
    0x60, 0x08, 0x60, 0x08, 0x60, 0x08, 0x60, 0x08, 0x60, 0x08, 0x60, 0x08,
    0x60, 0x08, 0x60, 0x08, 0x60, 0x08, 0x60, 0x08, 0x60, 0x08, 0x60, 0x08,
    0x60, 0x08, 0x60, 0x08, 0x60, 0x08, 0x60, 0x08, 0x60, 0x08, 0x60, 0x08,
    0x60, 0x08, 0x60, 0x08, 0x60, 0x08, 0x40, 0x08, 0x65, 0x21, 0x20, 0x00,
    0x85, 0x29, 0x40, 0x00, 0x20, 0x00, 0x00, 0x00, 0x40, 0x00, 0x00, 0x00,
    0x40, 0x00, 0x60, 0x08, 0x60, 0x08, 0x60, 0x08, 0x60, 0x08, 0x60, 0x08,
    0x60, 0x08, 0x60, 0x08, 0x60, 0x00, 0x60, 0x08, 0x40, 0x08, 0x60, 0x08,
    0x60, 0x08, 0x40, 0x08, 0x60, 0x00, 0x41, 0x08, 0x40, 0x08, 0x40, 0x08,
    0x60, 0x08, 0x60, 0x00, 0x40, 0x08, 0x60, 0x08, 0x60, 0x08, 0x60, 0x00,
    0x60, 0x08, 0x60, 0x08, 0x60, 0x08, 0x60, 0x08, 0x60, 0x08, 0x60, 0x08,
    0x60, 0x08, 0x60, 0x08, 0x60, 0x08, 0x60, 0x08, 0x60, 0x08, 0x60, 0x08,
    0x60, 0x08, 0x60, 0x08, 0x60, 0x08, 0x60, 0x08, 0x60, 0x08, 0x60, 0x08,
    0x60, 0x08, 0x60, 0x08, 0x60, 0x08, 0x60, 0x08, 0x60, 0x08, 0x60, 0x08,
    0x60, 0x08, 0x60, 0x08, 0x60, 0x08, 0x60, 0x08, 0x60, 0x08, 0x60, 0x08,
    0x60, 0x08, 0x60, 0x08, 0x60, 0x08, 0x81, 0x10, 0x80, 0x08, 0x80, 0x08,
    0x81, 0x10, 0x80, 0x08, 0x81, 0x10, 0x81, 0x10, 0x80, 0x10, 0x81, 0x10,
    0x81, 0x10, 0x81, 0x10, 0x80, 0x08, 0x40, 0x00, 0x40, 0x00, 0x40, 0x00,
    0x65, 0x29, 0x00, 0x00, 0xac, 0x5a, 0xa4, 0x18, 0x43, 0x10, 0x34, 0x9d,
    0x9a, 0xc6, 0x00, 0x00, 0x20, 0x00, 0x20, 0x00, 0x20, 0x00, 0x20, 0x00,
    0x20, 0x00, 0x20, 0x00, 0x20, 0x00, 0x00, 0x00, 0x65, 0x2b, 0x00, 0x00,
    0x20, 0x00, 0x20, 0x00, 0x20, 0x00, 0x20, 0x00, 0x20, 0x00, 0x20, 0x00,
    0x20, 0x00, 0x20, 0x00, 0x20, 0x00, 0x20, 0x00, 0x20, 0x00, 0x20, 0x00,
    0x20, 0x00, 0x20, 0x00, 0x20, 0x00, 0x20, 0x00, 0x20, 0x00, 0x20, 0x00,
    0x20, 0x00, 0x20, 0x00, 0x20, 0x00, 0x20, 0x00, 0x20, 0x00, 0x20, 0x00,
    0x20, 0x00, 0x20, 0x00, 0x20, 0x00, 0x20, 0x00, 0x20, 0x00, 0x20, 0x00,
    0x20, 0x00, 0x20, 0x00, 0x20, 0x00, 0x20, 0x00, 0x20, 0x00, 0x20, 0x00,
    0x20, 0x00, 0x20, 0x00, 0x20, 0x00, 0x20, 0x00, 0x20, 0x00, 0x20, 0x00,
    0x20, 0x00, 0x20, 0x00, 0x20, 0x00, 0x20, 0x00, 0x20, 0x00, 0x20, 0x00,
    0x20, 0x00, 0x20, 0x00, 0x20, 0x00, 0x20, 0x00, 0x20, 0x00, 0x20, 0x00,
    0x20, 0x00, 0x00, 0x00, 0x07, 0x3a, 0x89, 0x52, 0x64, 0x29, 0x00, 0x00,
    0x00, 0x00, 0xa2, 0x10, 0x48, 0x42, 0x00, 0x00, 0x20, 0x00, 0x00, 0x00,
    0x20, 0x00, 0x00, 0x00, 0x04, 0x21, 0x00, 0x00, 0x03, 0x19, 0x03, 0x19,
    0x00, 0x00, 0x24, 0x21, 0x00, 0x00, 0xe3, 0x18, 0x03, 0x19, 0x00, 0x00,
    0x04, 0x21, 0xe3, 0x18, 0x00, 0x00, 0x23, 0x21, 0x00, 0x00, 0x03, 0x19,
    0x03, 0x21, 0x00, 0x00, 0x24, 0x21, 0x00, 0x00, 0x03, 0x19, 0x03, 0x19,
    0x00, 0x00, 0x03, 0x21, 0xa2, 0x10, 0x40, 0x00, 0x23, 0x21, 0x00, 0x00,
    0x20, 0x00, 0x00, 0x00, 0x49, 0x4a, 0x27, 0x29, 0x01, 0x00, 0x53, 0xad,
    0x10, 0x84, 0x8f, 0x73, 0x4a, 0x7c, 0x2a, 0x8d, 0xf9, 0xce, 0x72, 0x84,
    0x00, 0x00, 0x86, 0x21, 0x20, 0x08, 0x60, 0x08, 0x60, 0x08, 0x60, 0x08,
    0x60, 0x08, 0x60, 0x08, 0x60, 0x08, 0x60, 0x08, 0x60, 0x08, 0x60, 0x08,
    0x60, 0x08, 0x60, 0x08, 0x60, 0x08, 0x60, 0x08, 0x60, 0x08, 0x60, 0x08,
    0x60, 0x08, 0x60, 0x08, 0x60, 0x08, 0x60, 0x08, 0x60, 0x08, 0x60, 0x08,
    0x60, 0x08, 0x60, 0x08, 0x60, 0x08, 0x60, 0x08, 0x60, 0x08, 0x60, 0x08,
    0x60, 0x08, 0x60, 0x08, 0x60, 0x08, 0x40, 0x08, 0x65, 0x21, 0x20, 0x00,
    0x85, 0x29, 0x20, 0x00, 0x00, 0x00, 0xc2, 0x18, 0x40, 0x08, 0x81, 0x08,
    0x60, 0x08, 0x21, 0x08, 0x40, 0x00, 0x60, 0x00, 0x22, 0x00, 0x41, 0x00,
    0x40, 0x08, 0x40, 0x08, 0x60, 0x08, 0x60, 0x08, 0x60, 0x08, 0x60, 0x08,
    0x60, 0x08, 0x60, 0x00, 0x60, 0x08, 0x60, 0x08, 0x41, 0x00, 0x40, 0x08,
    0x41, 0x08, 0x22, 0x00, 0x01, 0x08, 0x41, 0x00, 0x22, 0x00, 0x60, 0x08,
    0x21, 0x00, 0x40, 0x00, 0x60, 0x08, 0x60, 0x08, 0x60, 0x08, 0x40, 0x08,
    0x60, 0x08, 0x60, 0x08, 0x60, 0x08, 0x60, 0x08, 0x60, 0x08, 0x60, 0x08,
    0x60, 0x08, 0x60, 0x08, 0x60, 0x08, 0x60, 0x08, 0x60, 0x08, 0x60, 0x08,
    0x60, 0x08, 0x60, 0x08, 0x60, 0x08, 0x60, 0x08, 0x60, 0x08, 0x60, 0x08,
    0x60, 0x08, 0x60, 0x08, 0x60, 0x08, 0x60, 0x08, 0x60, 0x08, 0x60, 0x08,
    0x60, 0x08, 0x60, 0x08, 0x81, 0x08, 0x81, 0x10, 0x80, 0x08, 0x81, 0x10,
    0x81, 0x10, 0x81, 0x08, 0x80, 0x10, 0x81, 0x08, 0x81, 0x08, 0x80, 0x10,
    0x81, 0x10, 0x81, 0x08, 0x80, 0x08, 0x64, 0x29, 0xa5, 0x31, 0x81, 0x10,
    0x64, 0x29, 0x00, 0x00, 0xcc, 0x5a, 0xa5, 0x18, 0x43, 0x10, 0x34, 0x9d,
    0xba, 0xc6, 0x00, 0x00, 0x20, 0x00, 0x20, 0x00, 0x20, 0x00, 0x20, 0x00,
    0x20, 0x00, 0x20, 0x00, 0x20, 0x00, 0x00, 0x00, 0xc0, 0x03, 0x00, 0x00,
    0x20, 0x00, 0x20, 0x00, 0x20, 0x00, 0x20, 0x00, 0x20, 0x00, 0x20, 0x00,
    0x20, 0x00, 0x20, 0x00, 0x20, 0x00, 0x20, 0x00, 0x20, 0x00, 0x20, 0x00,
    0x20, 0x00, 0x20, 0x00, 0x20, 0x00, 0x20, 0x00, 0x20, 0x00, 0x20, 0x00,
    0x20, 0x00, 0x20, 0x00, 0x20, 0x00, 0x20, 0x00, 0x20, 0x00, 0x20, 0x00,
    0x20, 0x00, 0x20, 0x00, 0x20, 0x00, 0x20, 0x00, 0x20, 0x00, 0x20, 0x00,
    0x20, 0x00, 0x20, 0x00, 0x20, 0x00, 0x20, 0x00, 0x20, 0x00, 0x20, 0x00,
    0x20, 0x00, 0x20, 0x00, 0x20, 0x00, 0x20, 0x00, 0x20, 0x00, 0x20, 0x00,
    0x20, 0x00, 0x20, 0x00, 0x20, 0x00, 0x20, 0x00, 0x20, 0x00, 0x20, 0x00,
    0x20, 0x00, 0x20, 0x00, 0x20, 0x00, 0x20, 0x00, 0x20, 0x00, 0x20, 0x00,
    0x20, 0x00, 0x00, 0x00, 0x07, 0x3a, 0x89, 0x52, 0x64, 0x29, 0x00, 0x00,
    0x00, 0x00, 0x81, 0x10, 0x07, 0x42, 0x00, 0x00, 0x20, 0x00, 0x61, 0x08,
    0x00, 0x00, 0x00, 0x00, 0x23, 0x21, 0x00, 0x00, 0xc2, 0x18, 0xc3, 0x18,
    0x00, 0x00, 0xe3, 0x18, 0x00, 0x00, 0xa2, 0x10, 0xc2, 0x18, 0x00, 0x00,
    0xc3, 0x18, 0xc2, 0x10, 0x00, 0x00, 0xe3, 0x18, 0x00, 0x00, 0xc2, 0x18,
    0xc2, 0x18, 0x00, 0x00, 0xe3, 0x18, 0x00, 0x00, 0xc2, 0x18, 0xc3, 0x18,
    0x00, 0x00, 0xe2, 0x18, 0x61, 0x08, 0x00, 0x00, 0xe3, 0x18, 0x00, 0x00,
    0x20, 0x00, 0x00, 0x00, 0x49, 0x4a, 0x27, 0x31, 0x00, 0x00, 0x53, 0xa5,
    0x10, 0x84, 0xcf, 0x7b, 0x2b, 0x63, 0x00, 0x00, 0xba, 0xce, 0x92, 0x8c,
    0x00, 0x00, 0x85, 0x21, 0x40, 0x00, 0x60, 0x08, 0x60, 0x08, 0x60, 0x08,
    0x60, 0x08, 0x60, 0x08, 0x60, 0x08, 0x60, 0x08, 0x60, 0x08, 0x60, 0x08,
    0x60, 0x08, 0x60, 0x08, 0x60, 0x08, 0x60, 0x08, 0x60, 0x08, 0x60, 0x08,
    0x60, 0x08, 0x60, 0x08, 0x60, 0x08, 0x60, 0x08, 0x60, 0x08, 0x60, 0x08,
    0x60, 0x08, 0x60, 0x08, 0x60, 0x08, 0x60, 0x08, 0x60, 0x08, 0x60, 0x08,
    0x60, 0x08, 0x60, 0x08, 0x60, 0x08, 0x40, 0x00, 0x65, 0x21, 0x20, 0x00,
    0x64, 0x29, 0xc2, 0x18, 0x90, 0x8c, 0x70, 0x8c, 0x88, 0x52, 0xd5, 0xb5,
    0x0b, 0x63, 0x41, 0x08, 0x04, 0x19, 0xc2, 0x08, 0xa4, 0x10, 0xe4, 0x18,
    0x61, 0x10, 0x62, 0x08, 0x41, 0x08, 0x21, 0x08, 0x41, 0x00, 0x41, 0x00,
    0x40, 0x00, 0x42, 0x08, 0xc2, 0x10, 0x20, 0x00, 0xa3, 0x10, 0x21, 0x08,
    0x21, 0x08, 0xe5, 0x18, 0xa4, 0x18, 0xa3, 0x10, 0xc5, 0x18, 0x81, 0x08,
    0xc3, 0x10, 0xe3, 0x10, 0x40, 0x08, 0x40, 0x08, 0x40, 0x00, 0xe3, 0x10,
    0x40, 0x08, 0x60, 0x08, 0x60, 0x08, 0x60, 0x08, 0x60, 0x08, 0x60, 0x08,
    0x60, 0x08, 0x60, 0x08, 0x60, 0x08, 0x60, 0x08, 0x60, 0x08, 0x60, 0x08,
    0x60, 0x08, 0x60, 0x08, 0x60, 0x08, 0x60, 0x08, 0x60, 0x08, 0x60, 0x08,
    0x60, 0x08, 0x60, 0x08, 0x60, 0x08, 0x60, 0x08, 0x60, 0x08, 0x60, 0x08,
    0x60, 0x08, 0x60, 0x08, 0x60, 0x08, 0x44, 0x21, 0x25, 0x21, 0xe2, 0x18,
    0xe2, 0x18, 0xe2, 0x18, 0xe2, 0x18, 0xe2, 0x18, 0xe2, 0x18, 0xe2, 0x18,
    0xe2, 0x18, 0x02, 0x19, 0x80, 0x10, 0x44, 0x29, 0xa9, 0x52, 0x60, 0x08,
    0x65, 0x21, 0x00, 0x00, 0xcc, 0x5a, 0xa5, 0x18, 0x43, 0x10, 0x33, 0x9d,
    0x9a, 0xce, 0x00, 0x00, 0x00, 0x00, 0x00, 0x00, 0x00, 0x00, 0x00, 0x00,
    0x00, 0x00, 0x00, 0x00, 0x00, 0x00, 0x00, 0x00, 0x24, 0x23, 0x00, 0x00,
    0x20, 0x00, 0x20, 0x00, 0x20, 0x00, 0x20, 0x00, 0x20, 0x00, 0x20, 0x00,
    0x20, 0x00, 0x20, 0x00, 0x20, 0x00, 0x20, 0x00, 0x20, 0x00, 0x20, 0x00,
    0x20, 0x00, 0x20, 0x00, 0x20, 0x00, 0x20, 0x00, 0x20, 0x00, 0x20, 0x00,
    0x20, 0x00, 0x20, 0x00, 0x20, 0x00, 0x20, 0x00, 0x20, 0x00, 0x20, 0x00,
    0x20, 0x00, 0x20, 0x00, 0x20, 0x00, 0x20, 0x00, 0x20, 0x00, 0x20, 0x00,
    0x20, 0x00, 0x20, 0x00, 0x20, 0x00, 0x20, 0x00, 0x20, 0x00, 0x20, 0x00,
    0x20, 0x00, 0x20, 0x00, 0x20, 0x00, 0x20, 0x00, 0x20, 0x00, 0x20, 0x00,
    0x20, 0x00, 0x20, 0x00, 0x20, 0x00, 0x20, 0x00, 0x20, 0x00, 0x20, 0x00,
    0x20, 0x00, 0x20, 0x00, 0x20, 0x00, 0x20, 0x00, 0x20, 0x00, 0x20, 0x00,
    0x20, 0x00, 0x00, 0x00, 0x07, 0x3a, 0x89, 0x52, 0x63, 0x29, 0x20, 0x00,
    0x20, 0x00, 0x00, 0x00, 0x00, 0x00, 0x44, 0x21, 0x0c, 0x63, 0x2c, 0x63,
    0xeb, 0x5a, 0xc3, 0x18, 0xae, 0x73, 0x48, 0x4a, 0x2c, 0x63, 0x2b, 0x63,
    0x49, 0x4a, 0x2c, 0x63, 0x69, 0x4a, 0x0b, 0x63, 0x2c, 0x63, 0x49, 0x4a,
    0x2b, 0x63, 0x0b, 0x63, 0x69, 0x4a, 0x2c, 0x63, 0x49, 0x4a, 0x2c, 0x63,
    0x2c, 0x63, 0x49, 0x4a, 0x2c, 0x63, 0x48, 0x4a, 0x2c, 0x63, 0x2c, 0x63,
    0x49, 0x4a, 0x2c, 0x63, 0xeb, 0x5a, 0xaa, 0x52, 0xaa, 0x52, 0x00, 0x00,
    0x20, 0x00, 0x00, 0x00, 0x49, 0x4a, 0x27, 0x29, 0x01, 0x00, 0x53, 0xad,
    0x10, 0x84, 0xaf, 0x7b, 0x4c, 0x6b, 0x00, 0x00, 0xba, 0xce, 0x92, 0x84,
    0x00, 0x00, 0x86, 0x21, 0x40, 0x00, 0x60, 0x08, 0x60, 0x08, 0x60, 0x08,
    0x60, 0x08, 0x60, 0x08, 0x60, 0x08, 0x60, 0x08, 0x60, 0x08, 0x60, 0x08,
    0x60, 0x08, 0x60, 0x08, 0x60, 0x08, 0x60, 0x08, 0x60, 0x08, 0x60, 0x08,
    0x60, 0x08, 0x60, 0x08, 0x60, 0x08, 0x60, 0x08, 0x60, 0x08, 0x60, 0x08,
    0x60, 0x08, 0x60, 0x08, 0x60, 0x08, 0x60, 0x08, 0x60, 0x08, 0x60, 0x08,
    0x60, 0x08, 0x60, 0x08, 0x60, 0x08, 0x40, 0x08, 0x65, 0x21, 0x20, 0x00,
    0x23, 0x21, 0x6c, 0x6b, 0xf6, 0xbd, 0x53, 0xa5, 0x89, 0x4a, 0x12, 0x9d,
    0x2b, 0x63, 0x41, 0x08, 0xa2, 0x08, 0x24, 0x19, 0x01, 0x00, 0xe5, 0x20,
    0x42, 0x10, 0xc3, 0x10, 0xe5, 0x18, 0xa3, 0x18, 0xc3, 0x10, 0x05, 0x21,
    0xe4, 0x18, 0xc4, 0x18, 0x44, 0x21, 0xc4, 0x18, 0xe4, 0x18, 0xe4, 0x18,
    0x82, 0x10, 0x41, 0x08, 0x26, 0x19, 0xa3, 0x10, 0xe5, 0x18, 0x40, 0x10,
    0xa3, 0x10, 0xc2, 0x10, 0x04, 0x11, 0xe3, 0x18, 0x24, 0x19, 0xe2, 0x10,
    0x40, 0x08, 0x60, 0x08, 0x60, 0x08, 0x60, 0x08, 0x60, 0x08, 0x60, 0x08,
    0x60, 0x08, 0x60, 0x08, 0x60, 0x08, 0x60, 0x08, 0x60, 0x08, 0x60, 0x08,
    0x60, 0x08, 0x60, 0x08, 0x60, 0x08, 0x60, 0x08, 0x60, 0x08, 0x60, 0x08,
    0x60, 0x08, 0x60, 0x08, 0x60, 0x08, 0x60, 0x08, 0x60, 0x08, 0x60, 0x08,
    0x60, 0x08, 0x60, 0x08, 0x80, 0x08, 0xe4, 0x20, 0x45, 0x21, 0x02, 0x19,
    0xe2, 0x18, 0xe2, 0x18, 0xe2, 0x18, 0xe2, 0x18, 0xe2, 0x18, 0xe2, 0x18,
    0xe2, 0x18, 0xe2, 0x18, 0x81, 0x10, 0x80, 0x08, 0x60, 0x08, 0x40, 0x08,
    0x85, 0x29, 0x00, 0x00, 0xcc, 0x5a, 0xa5, 0x18, 0x43, 0x10, 0x33, 0x9d,
    0xba, 0xc6, 0x62, 0x1a, 0xe4, 0x2a, 0xe4, 0x2a, 0xe4, 0x2a, 0xe4, 0x2a,
    0x04, 0x2b, 0xe4, 0x22, 0xe4, 0x22, 0x64, 0x23, 0x83, 0x1a, 0x00, 0x00,
    0x20, 0x00, 0x20, 0x00, 0x20, 0x00, 0x20, 0x00, 0x20, 0x00, 0x20, 0x00,
    0x20, 0x00, 0x20, 0x00, 0x20, 0x00, 0x20, 0x00, 0x20, 0x00, 0x20, 0x00,
    0x20, 0x00, 0x20, 0x00, 0x20, 0x00, 0x20, 0x00, 0x20, 0x00, 0x20, 0x00,
    0x20, 0x00, 0x20, 0x00, 0x20, 0x00, 0x20, 0x00, 0x20, 0x00, 0x20, 0x00,
    0x20, 0x00, 0x20, 0x00, 0x20, 0x00, 0x20, 0x00, 0x20, 0x00, 0x20, 0x00,
    0x20, 0x00, 0x20, 0x00, 0x20, 0x00, 0x20, 0x00, 0x20, 0x00, 0x20, 0x00,
    0x20, 0x00, 0x20, 0x00, 0x20, 0x00, 0x20, 0x00, 0x20, 0x00, 0x20, 0x00,
    0x20, 0x00, 0x20, 0x00, 0x20, 0x00, 0x20, 0x00, 0x20, 0x00, 0x20, 0x00,
    0x20, 0x00, 0x20, 0x00, 0x20, 0x00, 0x20, 0x00, 0x20, 0x00, 0x20, 0x00,
    0x20, 0x00, 0x00, 0x00, 0x07, 0x3a, 0x89, 0x52, 0x64, 0x29, 0x00, 0x00,
    0x20, 0x00, 0x20, 0x00, 0x20, 0x00, 0x00, 0x00, 0x0b, 0x63, 0x0b, 0x63,
    0x6d, 0x6b, 0xc6, 0x31, 0xce, 0x73, 0x00, 0x00, 0x24, 0x21, 0x44, 0x21,
    0x20, 0x00, 0x44, 0x29, 0x40, 0x00, 0x24, 0x21, 0x44, 0x21, 0x20, 0x00,
    0x44, 0x21, 0x24, 0x21, 0x40, 0x00, 0x44, 0x29, 0x20, 0x00, 0x44, 0x21,
    0x44, 0x21, 0x20, 0x00, 0x44, 0x29, 0x20, 0x00, 0x44, 0x21, 0x44, 0x21,
    0x20, 0x00, 0x44, 0x21, 0xe3, 0x18, 0x81, 0x08, 0x44, 0x21, 0x00, 0x00,
    0x00, 0x00, 0x00, 0x00, 0x49, 0x4a, 0x27, 0x29, 0x01, 0x00, 0x53, 0xad,
    0x10, 0x84, 0xaf, 0x7b, 0x4b, 0x63, 0x00, 0x00, 0xba, 0xce, 0x92, 0x84,
    0x00, 0x00, 0x66, 0x21, 0x40, 0x08, 0x60, 0x08, 0x60, 0x08, 0x60, 0x08,
    0x60, 0x08, 0x60, 0x08, 0x60, 0x08, 0x60, 0x08, 0x60, 0x08, 0x60, 0x08,
    0x60, 0x08, 0x60, 0x08, 0x60, 0x08, 0x60, 0x08, 0x60, 0x08, 0x60, 0x08,
    0x60, 0x08, 0x60, 0x08, 0x60, 0x08, 0x60, 0x08, 0x60, 0x08, 0x60, 0x08,
    0x60, 0x08, 0x60, 0x08, 0x60, 0x08, 0x60, 0x08, 0x60, 0x08, 0x60, 0x08,
    0x60, 0x08, 0x60, 0x08, 0x60, 0x08, 0x40, 0x08, 0x65, 0x21, 0x20, 0x00,
    0x44, 0x21, 0x47, 0x42, 0x37, 0xc6, 0x90, 0x8c, 0xa9, 0x52, 0xf2, 0x9c,
    0x4b, 0x6b, 0x41, 0x08, 0x04, 0x11, 0xe3, 0x10, 0x83, 0x10, 0x83, 0x10,
    0xe5, 0x20, 0xa2, 0x10, 0xe4, 0x18, 0xa4, 0x18, 0x82, 0x08, 0xe5, 0x10,
    0x25, 0x21, 0xa4, 0x20, 0x44, 0x19, 0xc4, 0x10, 0xe4, 0x18, 0xc4, 0x18,
    0x41, 0x08, 0xc4, 0x18, 0xe5, 0x20, 0x41, 0x08, 0xc4, 0x18, 0x20, 0x08,
    0xc4, 0x10, 0xe3, 0x10, 0x04, 0x19, 0x45, 0x19, 0x24, 0x19, 0xe3, 0x10,
    0x60, 0x08, 0x60, 0x08, 0x60, 0x08, 0x60, 0x08, 0x60, 0x08, 0x60, 0x08,
    0x60, 0x08, 0x60, 0x08, 0x60, 0x08, 0x60, 0x08, 0x60, 0x08, 0x60, 0x08,
    0x60, 0x08, 0x60, 0x08, 0x60, 0x08, 0x60, 0x08, 0x60, 0x08, 0x60, 0x08,
    0x60, 0x08, 0x60, 0x08, 0x60, 0x08, 0x60, 0x08, 0x60, 0x08, 0x60, 0x08,
    0x60, 0x08, 0x60, 0x08, 0x60, 0x08, 0xe4, 0x18, 0x44, 0x19, 0x03, 0x21,
    0xe2, 0x18, 0xe2, 0x18, 0x02, 0x19, 0x02, 0x19, 0xe2, 0x18, 0xe2, 0x18,
    0x02, 0x19, 0x02, 0x19, 0x60, 0x08, 0xe6, 0x39, 0x2b, 0x63, 0x80, 0x10,
    0x65, 0x21, 0x00, 0x00, 0xac, 0x5a, 0xa5, 0x20, 0x43, 0x10, 0x33, 0x9d,
    0x9a, 0xc6, 0x60, 0x01, 0x02, 0x12, 0xe3, 0x11, 0xe3, 0x11, 0xe2, 0x19,
    0x02, 0x12, 0x02, 0x12, 0x02, 0x1a, 0x22, 0x1a, 0x20, 0x00, 0x00, 0x00,
    0x20, 0x00, 0x20, 0x00, 0x20, 0x00, 0x20, 0x00, 0x20, 0x00, 0x20, 0x00,
    0x20, 0x00, 0x20, 0x00, 0x20, 0x00, 0x20, 0x00, 0x20, 0x00, 0x20, 0x00,
    0x20, 0x00, 0x20, 0x00, 0x20, 0x00, 0x20, 0x00, 0x20, 0x00, 0x20, 0x00,
    0x20, 0x00, 0x20, 0x00, 0x20, 0x00, 0x20, 0x00, 0x20, 0x00, 0x20, 0x00,
    0x20, 0x00, 0x20, 0x00, 0x20, 0x00, 0x20, 0x00, 0x20, 0x00, 0x20, 0x00,
    0x20, 0x00, 0x20, 0x00, 0x20, 0x00, 0x20, 0x00, 0x20, 0x00, 0x20, 0x00,
    0x20, 0x00, 0x20, 0x00, 0x20, 0x00, 0x20, 0x00, 0x20, 0x00, 0x20, 0x00,
    0x20, 0x00, 0x20, 0x00, 0x20, 0x00, 0x20, 0x00, 0x20, 0x00, 0x20, 0x00,
    0x20, 0x00, 0x20, 0x00, 0x20, 0x00, 0x20, 0x00, 0x20, 0x00, 0x20, 0x00,
    0x20, 0x00, 0x00, 0x00, 0x07, 0x3a, 0x89, 0x52, 0x64, 0x29, 0x00, 0x00,
    0x20, 0x00, 0x20, 0x00, 0x20, 0x00, 0x20, 0x00, 0x00, 0x00, 0x00, 0x00,
    0x00, 0x00, 0x00, 0x00, 0xe2, 0x18, 0x00, 0x00, 0xe3, 0x18, 0x03, 0x19,
    0x00, 0x00, 0x03, 0x21, 0x00, 0x00, 0xc3, 0x18, 0x03, 0x19, 0x00, 0x00,
    0xe3, 0x18, 0xe3, 0x18, 0x00, 0x00, 0x03, 0x21, 0x00, 0x00, 0x03, 0x19,
    0xe3, 0x18, 0x00, 0x00, 0x03, 0x21, 0x00, 0x00, 0x03, 0x19, 0xe3, 0x18,
    0x00, 0x00, 0x03, 0x19, 0xa2, 0x10, 0x20, 0x00, 0x03, 0x21, 0x00, 0x00,
    0x20, 0x00, 0x00, 0x00, 0x49, 0x4a, 0x27, 0x29, 0x01, 0x00, 0x53, 0xa5,
    0x10, 0x84, 0xcf, 0x7b, 0x4b, 0x63, 0x00, 0x00, 0xba, 0xce, 0x92, 0x84,
    0x00, 0x00, 0x85, 0x21, 0x40, 0x00, 0x60, 0x08, 0x60, 0x08, 0x60, 0x08,
    0x60, 0x08, 0x60, 0x08, 0x60, 0x08, 0x60, 0x08, 0x60, 0x08, 0x60, 0x08,
    0x60, 0x08, 0x60, 0x08, 0x60, 0x08, 0x60, 0x08, 0x60, 0x08, 0x60, 0x08,
    0x60, 0x08, 0x60, 0x08, 0x60, 0x08, 0x60, 0x08, 0x60, 0x08, 0x60, 0x08,
    0x60, 0x08, 0x60, 0x08, 0x60, 0x08, 0x60, 0x08, 0x60, 0x08, 0x60, 0x08,
    0x60, 0x08, 0x60, 0x08, 0x60, 0x08, 0x40, 0x08, 0x65, 0x21, 0x20, 0x00,
    0x85, 0x29, 0x00, 0x00, 0xa5, 0x31, 0x07, 0x42, 0xc2, 0x18, 0x27, 0x42,
    0x03, 0x21, 0x21, 0x00, 0x81, 0x08, 0x60, 0x00, 0x41, 0x08, 0x40, 0x08,
    0x41, 0x08, 0x41, 0x08, 0x41, 0x08, 0x41, 0x08, 0x61, 0x08, 0x40, 0x08,
    0x41, 0x08, 0x41, 0x08, 0x60, 0x00, 0x61, 0x08, 0x61, 0x00, 0x41, 0x08,
    0x21, 0x08, 0x62, 0x08, 0x21, 0x08, 0x40, 0x08, 0x41, 0x08, 0x60, 0x08,
    0x61, 0x08, 0x60, 0x08, 0x61, 0x08, 0x60, 0x00, 0x61, 0x00, 0x60, 0x08,
    0x60, 0x08, 0x60, 0x08, 0x60, 0x08, 0x60, 0x08, 0x60, 0x08, 0x60, 0x08,
    0x60, 0x08, 0x60, 0x08, 0x60, 0x08, 0x60, 0x08, 0x60, 0x08, 0x60, 0x08,
    0x60, 0x08, 0x60, 0x08, 0x60, 0x08, 0x60, 0x08, 0x60, 0x08, 0x60, 0x08,
    0x60, 0x08, 0x60, 0x08, 0x60, 0x08, 0x60, 0x08, 0x60, 0x08, 0x60, 0x08,
    0x60, 0x08, 0x60, 0x08, 0x80, 0x08, 0x61, 0x10, 0xa1, 0x10, 0x81, 0x10,
    0x80, 0x10, 0x81, 0x10, 0x81, 0x10, 0x81, 0x10, 0x81, 0x10, 0x81, 0x10,
    0x81, 0x10, 0x81, 0x10, 0x80, 0x08, 0x03, 0x19, 0x84, 0x31, 0x60, 0x08,
    0x85, 0x29, 0x00, 0x00, 0xcc, 0x5a, 0xa4, 0x18, 0x43, 0x10, 0x34, 0x9d,
    0x9a, 0xce, 0x00, 0x00, 0x00, 0x00, 0x00, 0x00, 0x00, 0x00, 0x00, 0x00,
    0x00, 0x00, 0x00, 0x00, 0x00, 0x00, 0x00, 0x00, 0x20, 0x00, 0x20, 0x00,
    0x20, 0x00, 0x20, 0x00, 0x20, 0x00, 0x20, 0x00, 0x20, 0x00, 0x20, 0x00,
    0x20, 0x00, 0x20, 0x00, 0x20, 0x00, 0x20, 0x00, 0x20, 0x00, 0x20, 0x00,
    0x20, 0x00, 0x20, 0x00, 0x20, 0x00, 0x20, 0x00, 0x20, 0x00, 0x20, 0x00,
    0x20, 0x00, 0x20, 0x00, 0x20, 0x00, 0x20, 0x00, 0x20, 0x00, 0x20, 0x00,
    0x20, 0x00, 0x20, 0x00, 0x20, 0x00, 0x20, 0x00, 0x20, 0x00, 0x20, 0x00,
    0x20, 0x00, 0x20, 0x00, 0x20, 0x00, 0x20, 0x00, 0x20, 0x00, 0x20, 0x00,
    0x20, 0x00, 0x20, 0x00, 0x20, 0x00, 0x20, 0x00, 0x20, 0x00, 0x20, 0x00,
    0x20, 0x00, 0x20, 0x00, 0x20, 0x00, 0x20, 0x00, 0x20, 0x00, 0x20, 0x00,
    0x20, 0x00, 0x20, 0x00, 0x20, 0x00, 0x20, 0x00, 0x20, 0x00, 0x20, 0x00,
    0x20, 0x00, 0x00, 0x00, 0x07, 0x42, 0x89, 0x52, 0x64, 0x29, 0x00, 0x00,
    0x20, 0x00, 0x00, 0x00, 0x00, 0x00, 0x20, 0x00, 0x20, 0x00, 0x20, 0x00,
    0x20, 0x00, 0x00, 0x00, 0x24, 0x21, 0x00, 0x00, 0x03, 0x21, 0x03, 0x21,
    0x00, 0x00, 0x24, 0x21, 0x00, 0x00, 0xe3, 0x18, 0x03, 0x21, 0x00, 0x00,
    0x03, 0x21, 0xe3, 0x18, 0x00, 0x00, 0x24, 0x21, 0x00, 0x00, 0x03, 0x19,
    0x03, 0x21, 0x00, 0x00, 0x24, 0x21, 0x00, 0x00, 0x03, 0x19, 0x03, 0x21,
    0x00, 0x00, 0x03, 0x21, 0xa2, 0x10, 0x40, 0x08, 0x04, 0x21, 0x00, 0x00,
    0x20, 0x00, 0x00, 0x00, 0x49, 0x4a, 0x27, 0x31, 0x01, 0x00, 0x53, 0xad,
    0x10, 0x84, 0xaf, 0x7b, 0x4c, 0x63, 0x00, 0x00, 0xba, 0xce, 0x92, 0x8c,
    0x00, 0x00, 0x86, 0x21, 0x20, 0x00, 0x60, 0x08, 0x60, 0x08, 0x60, 0x08,
    0x60, 0x08, 0x60, 0x08, 0x60, 0x08, 0x60, 0x08, 0x60, 0x08, 0x60, 0x08,
    0x60, 0x08, 0x60, 0x08, 0x60, 0x08, 0x60, 0x08, 0x60, 0x08, 0x60, 0x08,
    0x60, 0x08, 0x60, 0x08, 0x60, 0x08, 0x60, 0x08, 0x60, 0x08, 0x60, 0x08,
    0x60, 0x08, 0x60, 0x08, 0x60, 0x08, 0x60, 0x08, 0x60, 0x08, 0x60, 0x08,
    0x60, 0x08, 0x60, 0x08, 0x60, 0x08, 0x40, 0x00, 0x65, 0x21, 0x20, 0x00,
    0x85, 0x29, 0x00, 0x00, 0x00, 0x00, 0x00, 0x00, 0x20, 0x00, 0x00, 0x00,
    0x20, 0x00, 0x20, 0x00, 0x40, 0x00, 0x20, 0x00, 0x20, 0x00, 0x40, 0x00,
    0x20, 0x00, 0x40, 0x00, 0x40, 0x00, 0x20, 0x00, 0x40, 0x00, 0x40, 0x00,
    0x40, 0x00, 0x40, 0x00, 0x40, 0x00, 0x20, 0x00, 0x40, 0x00, 0x20, 0x00,
    0x40, 0x00, 0x40, 0x00, 0x40, 0x00, 0x20, 0x00, 0x40, 0x00, 0x40, 0x00,
    0x20, 0x00, 0x40, 0x00, 0x40, 0x00, 0x20, 0x00, 0x20, 0x00, 0x40, 0x00,
    0x20, 0x00, 0x20, 0x00, 0x40, 0x00, 0x20, 0x00, 0x40, 0x00, 0x40, 0x00,
    0x20, 0x00, 0x40, 0x00, 0x40, 0x00, 0x20, 0x00, 0x40, 0x00, 0x40, 0x00,
    0x20, 0x00, 0x40, 0x00, 0x20, 0x00, 0x20, 0x00, 0x40, 0x00, 0x20, 0x00,
    0x40, 0x00, 0x20, 0x00, 0x40, 0x08, 0x20, 0x00, 0x40, 0x00, 0x20, 0x00,
    0x20, 0x00, 0x20, 0x00, 0x40, 0x00, 0x60, 0x08, 0x60, 0x08, 0x60, 0x08,
    0x60, 0x08, 0x60, 0x08, 0x60, 0x08, 0x60, 0x08, 0x60, 0x00, 0x60, 0x00,
    0x60, 0x08, 0x60, 0x08, 0x40, 0x08, 0x20, 0x00, 0x20, 0x00, 0x20, 0x00,
    0x85, 0x29, 0x00, 0x00, 0xac, 0x5a, 0x47, 0x31, 0x84, 0x18, 0x33, 0x9d,
    0x9a, 0xc6, 0x00, 0x00, 0x20, 0x00, 0x20, 0x00, 0x20, 0x00, 0x20, 0x00,
    0x20, 0x00, 0x20, 0x00, 0x20, 0x00, 0x20, 0x00, 0x20, 0x00, 0x20, 0x00,
    0x20, 0x00, 0x20, 0x00, 0x20, 0x00, 0x20, 0x00, 0x20, 0x00, 0x20, 0x00,
    0x20, 0x00, 0x20, 0x00, 0x20, 0x00, 0x20, 0x00, 0x20, 0x00, 0x20, 0x00,
    0x20, 0x00, 0x20, 0x00, 0x20, 0x00, 0x20, 0x00, 0x20, 0x00, 0x20, 0x00,
    0x20, 0x00, 0x20, 0x00, 0x20, 0x00, 0x20, 0x00, 0x20, 0x00, 0x20, 0x00,
    0x20, 0x00, 0x20, 0x00, 0x20, 0x00, 0x20, 0x00, 0x20, 0x00, 0x20, 0x00,
    0x20, 0x00, 0x20, 0x00, 0x20, 0x00, 0x20, 0x00, 0x20, 0x00, 0x20, 0x00,
    0x20, 0x00, 0x20, 0x00, 0x20, 0x00, 0x20, 0x00, 0x20, 0x00, 0x20, 0x00,
    0x20, 0x00, 0x20, 0x00, 0x20, 0x00, 0x20, 0x00, 0x20, 0x00, 0x20, 0x00,
    0x20, 0x00, 0x20, 0x00, 0x20, 0x00, 0x20, 0x00, 0x20, 0x00, 0x20, 0x00,
    0x20, 0x00, 0x00, 0x00, 0x07, 0x3a, 0x89, 0x52, 0x63, 0x29, 0x20, 0x00,
    0x00, 0x00, 0x82, 0x10, 0xa5, 0x31, 0x00, 0x00, 0x00, 0x00, 0x00, 0x00,
    0x00, 0x00, 0x00, 0x00, 0xe3, 0x18, 0x00, 0x00, 0x03, 0x19, 0x03, 0x19,
    0x00, 0x00, 0x24, 0x21, 0x00, 0x00, 0xe3, 0x18, 0x03, 0x19, 0x00, 0x00,
    0x03, 0x21, 0xe3, 0x18, 0x00, 0x00, 0x24, 0x21, 0x00, 0x00, 0x03, 0x19,
    0x03, 0x21, 0x00, 0x00, 0x24, 0x21, 0x00, 0x00, 0x03, 0x19, 0x03, 0x21,
    0x00, 0x00, 0x03, 0x21, 0xa2, 0x10, 0x40, 0x00, 0x24, 0x21, 0x00, 0x00,
    0x20, 0x00, 0x00, 0x00, 0x49, 0x4a, 0x06, 0x29, 0x00, 0x00, 0x54, 0xa5,
    0x10, 0x84, 0xaf, 0x7b, 0x4b, 0x6b, 0x00, 0x00, 0xba, 0xce, 0x92, 0x84,
    0x00, 0x00, 0x86, 0x21, 0x40, 0x08, 0x60, 0x08, 0x60, 0x08, 0x60, 0x08,
    0x60, 0x08, 0x60, 0x08, 0x60, 0x08, 0x60, 0x08, 0x60, 0x08, 0x60, 0x08,
    0x60, 0x08, 0x60, 0x08, 0x60, 0x08, 0x60, 0x08, 0x60, 0x08, 0x60, 0x08,
    0x60, 0x08, 0x60, 0x08, 0x60, 0x08, 0x60, 0x08, 0x60, 0x08, 0x60, 0x08,
    0x60, 0x08, 0x60, 0x08, 0x60, 0x08, 0x60, 0x08, 0x60, 0x08, 0x60, 0x08,
    0x60, 0x08, 0x60, 0x08, 0x60, 0x08, 0x40, 0x08, 0x65, 0x21, 0x40, 0x00,
    0x03, 0x19, 0x28, 0x3a, 0x28, 0x3a, 0x28, 0x3a, 0x08, 0x3a, 0x28, 0x3a,
    0x08, 0x3a, 0x28, 0x3a, 0x08, 0x32, 0x28, 0x3a, 0x28, 0x3a, 0x08, 0x32,
    0x08, 0x32, 0x28, 0x3a, 0x08, 0x32, 0x08, 0x32, 0x28, 0x32, 0x08, 0x32,
    0x08, 0x3a, 0x28, 0x32, 0x08, 0x32, 0x08, 0x3a, 0x28, 0x32, 0x08, 0x3a,
    0x08, 0x32, 0x28, 0x3a, 0x08, 0x32, 0x08, 0x3a, 0x28, 0x3a, 0x08, 0x32,
    0x08, 0x3a, 0x28, 0x3a, 0x28, 0x3a, 0x08, 0x3a, 0x28, 0x32, 0x28, 0x3a,
    0x08, 0x32, 0x28, 0x32, 0x08, 0x3a, 0x08, 0x32, 0x28, 0x32, 0x08, 0x3a,
    0x08, 0x3a, 0x28, 0x32, 0x08, 0x3a, 0x08, 0x3a, 0x28, 0x32, 0x08, 0x3a,
    0x08, 0x3a, 0x28, 0x32, 0x28, 0x3a, 0x08, 0x3a, 0x28, 0x32, 0x28, 0x3a,
    0x08, 0x3a, 0x28, 0x3a, 0x08, 0x3a, 0x28, 0x3a, 0x28, 0x3a, 0x08, 0x3a,
    0x28, 0x3a, 0x28, 0x3a, 0x07, 0x3a, 0x08, 0x3a, 0x07, 0x3a, 0x07, 0x3a,
    0x08, 0x3a, 0x07, 0x3a, 0x07, 0x3a, 0x07, 0x3a, 0x08, 0x32, 0x08, 0x32,
    0x08, 0x3a, 0x07, 0x3a, 0x07, 0x3a, 0x28, 0x3a, 0x07, 0x3a, 0x28, 0x3a,
    0x03, 0x19, 0x00, 0x00, 0x8b, 0x52, 0xcd, 0x62, 0x26, 0x29, 0x33, 0x9d,
    0x9a, 0xc6, 0x00, 0x00, 0x20, 0x00, 0x20, 0x00, 0x20, 0x00, 0x20, 0x00,
    0x20, 0x00, 0x20, 0x00, 0x20, 0x00, 0x20, 0x00, 0x20, 0x00, 0x20, 0x00,
    0x20, 0x00, 0x20, 0x00, 0x20, 0x00, 0x20, 0x00, 0x20, 0x00, 0x20, 0x00,
    0x20, 0x00, 0x20, 0x00, 0x20, 0x00, 0x20, 0x00, 0x20, 0x00, 0x20, 0x00,
    0x20, 0x00, 0x20, 0x00, 0x20, 0x00, 0x20, 0x00, 0x20, 0x00, 0x20, 0x00,
    0x20, 0x00, 0x20, 0x00, 0x20, 0x00, 0x20, 0x00, 0x20, 0x00, 0x20, 0x00,
    0x20, 0x00, 0x20, 0x00, 0x20, 0x00, 0x20, 0x00, 0x20, 0x00, 0x20, 0x00,
    0x20, 0x00, 0x20, 0x00, 0x20, 0x00, 0x20, 0x00, 0x20, 0x00, 0x20, 0x00,
    0x20, 0x00, 0x20, 0x00, 0x20, 0x00, 0x20, 0x00, 0x20, 0x00, 0x20, 0x00,
    0x20, 0x00, 0x20, 0x00, 0x20, 0x00, 0x20, 0x00, 0x20, 0x00, 0x20, 0x00,
    0x20, 0x00, 0x20, 0x00, 0x20, 0x00, 0x20, 0x00, 0x20, 0x00, 0x20, 0x00,
    0x20, 0x00, 0x00, 0x00, 0x07, 0x3a, 0x89, 0x52, 0x64, 0x29, 0x00, 0x00,
    0x00, 0x00, 0xa9, 0x4a, 0x2b, 0x63, 0xe3, 0x18, 0xaa, 0x52, 0x28, 0x42,
    0xaa, 0x52, 0x69, 0x4a, 0x0b, 0x63, 0x00, 0x00, 0xc2, 0x10, 0xc2, 0x10,
    0x00, 0x00, 0xc2, 0x18, 0x00, 0x00, 0xa2, 0x10, 0xc2, 0x10, 0x00, 0x00,
    0xc2, 0x10, 0xa2, 0x10, 0x00, 0x00, 0xe2, 0x18, 0x00, 0x00, 0xc2, 0x10,
    0xc2, 0x10, 0x00, 0x00, 0xc2, 0x18, 0x00, 0x00, 0xc2, 0x10, 0xc2, 0x10,
    0x00, 0x00, 0xc2, 0x10, 0x61, 0x08, 0x00, 0x00, 0xe3, 0x18, 0x00, 0x00,
    0x20, 0x00, 0x00, 0x00, 0x29, 0x4a, 0x2b, 0x4a, 0xc5, 0x20, 0x33, 0xa5,
    0x10, 0x84, 0xaf, 0x7b, 0x4b, 0x63, 0x00, 0x00, 0xba, 0xce, 0x92, 0x84,
    0x00, 0x00, 0x85, 0x21, 0x40, 0x00, 0x60, 0x08, 0x60, 0x08, 0x60, 0x08,
    0x60, 0x08, 0x60, 0x08, 0x60, 0x08, 0x60, 0x08, 0x60, 0x08, 0x60, 0x08,
    0x60, 0x08, 0x60, 0x08, 0x60, 0x08, 0x60, 0x08, 0x60, 0x08, 0x60, 0x08,
    0x60, 0x08, 0x60, 0x08, 0x60, 0x08, 0x60, 0x08, 0x60, 0x08, 0x60, 0x08,
    0x60, 0x08, 0x60, 0x08, 0x60, 0x08, 0x60, 0x08, 0x60, 0x08, 0x60, 0x08,
    0x60, 0x08, 0x60, 0x08, 0x60, 0x08, 0x40, 0x08, 0x65, 0x29, 0x40, 0x08,
    0x40, 0x08, 0x20, 0x00, 0x00, 0x00, 0x00, 0x00, 0x00, 0x00, 0x00, 0x00,
    0x00, 0x00, 0x20, 0x00, 0x00, 0x00, 0x00, 0x00, 0x20, 0x00, 0x00, 0x00,
    0x20, 0x00, 0x20, 0x00, 0x00, 0x00, 0x00, 0x08, 0x00, 0x00, 0x00, 0x00,
    0x00, 0x00, 0x20, 0x00, 0x20, 0x00, 0x00, 0x00, 0x20, 0x00, 0x00, 0x00,
    0x00, 0x00, 0x00, 0x00, 0x00, 0x00, 0x00, 0x00, 0x20, 0x00, 0x40, 0x00,
    0x20, 0x00, 0x20, 0x00, 0x40, 0x00, 0x20, 0x00, 0x40, 0x00, 0x20, 0x00,
    0x40, 0x00, 0x40, 0x00, 0x20, 0x00, 0x40, 0x00, 0x40, 0x00, 0x20, 0x00,
    0x40, 0x00, 0x20, 0x00, 0x40, 0x00, 0x40, 0x00, 0x20, 0x00, 0x40, 0x00,
    0x20, 0x00, 0x40, 0x00, 0x20, 0x00, 0x20, 0x00, 0x40, 0x00, 0x20, 0x00,
    0x20, 0x00, 0x40, 0x00, 0x20, 0x00, 0x20, 0x08, 0x40, 0x08, 0x20, 0x00,
    0x40, 0x08, 0x40, 0x08, 0x20, 0x00, 0x40, 0x00, 0x20, 0x00, 0x40, 0x00,
    0x40, 0x00, 0x20, 0x00, 0x40, 0x00, 0x40, 0x00, 0x40, 0x00, 0x40, 0x00,
    0x40, 0x00, 0x20, 0x00, 0x40, 0x00, 0x40, 0x00, 0x20, 0x08, 0x40, 0x00,
    0x40, 0x08, 0x20, 0x00, 0x8b, 0x52, 0x90, 0x7b, 0x27, 0x29, 0x13, 0x9d,
    0x9a, 0xce, 0x00, 0x00, 0x20, 0x00, 0x20, 0x00, 0x20, 0x00, 0x20, 0x00,
    0x20, 0x00, 0x20, 0x00, 0x20, 0x00, 0x20, 0x00, 0x20, 0x00, 0x20, 0x00,
    0x20, 0x00, 0x20, 0x00, 0x20, 0x00, 0x20, 0x00, 0x20, 0x00, 0x20, 0x00,
    0x20, 0x00, 0x20, 0x00, 0x20, 0x00, 0x20, 0x00, 0x20, 0x00, 0x20, 0x00,
    0x20, 0x00, 0x20, 0x00, 0x20, 0x00, 0x20, 0x00, 0x20, 0x00, 0x20, 0x00,
    0x20, 0x00, 0x20, 0x00, 0x20, 0x00, 0x20, 0x00, 0x20, 0x00, 0x20, 0x00,
    0x20, 0x00, 0x20, 0x00, 0x20, 0x00, 0x20, 0x00, 0x20, 0x00, 0x20, 0x00,
    0x20, 0x00, 0x20, 0x00, 0x20, 0x00, 0x20, 0x00, 0x20, 0x00, 0x20, 0x00,
    0x20, 0x00, 0x20, 0x00, 0x20, 0x00, 0x20, 0x00, 0x20, 0x00, 0x20, 0x00,
    0x20, 0x00, 0x20, 0x00, 0x20, 0x00, 0x20, 0x00, 0x20, 0x00, 0x20, 0x00,
    0x20, 0x00, 0x20, 0x00, 0x20, 0x00, 0x20, 0x00, 0x20, 0x00, 0x20, 0x00,
    0x20, 0x00, 0x00, 0x00, 0x07, 0x3a, 0x89, 0x52, 0x64, 0x29, 0x00, 0x00,
    0x00, 0x00, 0x4c, 0x6b, 0xce, 0x73, 0x00, 0x00, 0xef, 0x7b, 0xaa, 0x5a,
    0x07, 0x42, 0x24, 0x21, 0x8d, 0x73, 0xeb, 0x5a, 0x8d, 0x73, 0x8d, 0x73,
    0xeb, 0x5a, 0xae, 0x73, 0xeb, 0x5a, 0x8d, 0x73, 0x8d, 0x73, 0xeb, 0x5a,
    0xae, 0x73, 0x8d, 0x73, 0xeb, 0x5a, 0xae, 0x73, 0xeb, 0x5a, 0x8d, 0x73,
    0x8e, 0x73, 0xeb, 0x5a, 0xae, 0x73, 0xeb, 0x5a, 0x8d, 0x73, 0x8e, 0x73,
    0xeb, 0x5a, 0xad, 0x73, 0x4d, 0x6b, 0x2c, 0x63, 0x0b, 0x63, 0x00, 0x00,
    0x20, 0x00, 0x00, 0x00, 0x09, 0x42, 0x2f, 0x6b, 0x67, 0x31, 0x13, 0xa5,
    0x10, 0x84, 0xcf, 0x7b, 0x4c, 0x63, 0x00, 0x00, 0xba, 0xce, 0x92, 0x84,
    0x00, 0x00, 0x66, 0x21, 0x40, 0x08, 0x60, 0x08, 0x60, 0x08, 0x60, 0x08,
    0x60, 0x08, 0x60, 0x08, 0x60, 0x08, 0x60, 0x08, 0x60, 0x08, 0x60, 0x08,
    0x60, 0x08, 0x60, 0x08, 0x60, 0x08, 0x60, 0x08, 0x60, 0x08, 0x60, 0x08,
    0x60, 0x08, 0x60, 0x08, 0x60, 0x08, 0x60, 0x08, 0x60, 0x08, 0x60, 0x08,
    0x60, 0x08, 0x60, 0x08, 0x60, 0x08, 0x60, 0x08, 0x60, 0x08, 0x60, 0x08,
    0x60, 0x08, 0x60, 0x08, 0x60, 0x08, 0x40, 0x00, 0x65, 0x21, 0x40, 0x08,
    0x40, 0x00, 0x00, 0x00, 0xd3, 0x9c, 0xe5, 0x20, 0xc3, 0x10, 0xa6, 0x31,
    0x62, 0x10, 0x61, 0x10, 0xd2, 0x84, 0x4c, 0x63, 0x03, 0x21, 0x03, 0x19,
    0xc2, 0x18, 0xc2, 0x18, 0xcd, 0x52, 0x47, 0x52, 0x2e, 0x6b, 0xae, 0x73,
    0x43, 0x21, 0xc3, 0x18, 0xa2, 0x10, 0x85, 0x29, 0x00, 0x00, 0xf7, 0xb5,
    0x10, 0x7c, 0xf1, 0x9c, 0x31, 0x84, 0x52, 0x8c, 0x00, 0x00, 0x40, 0x00,
    0x40, 0x00, 0x20, 0x00, 0x40, 0x00, 0x20, 0x00, 0x20, 0x08, 0x40, 0x00,
    0x20, 0x00, 0x20, 0x08, 0x40, 0x00, 0x20, 0x00, 0x20, 0x08, 0x40, 0x00,
    0x40, 0x00, 0x20, 0x00, 0x20, 0x00, 0x40, 0x00, 0x20, 0x00, 0x40, 0x00,
    0x40, 0x00, 0x20, 0x00, 0x40, 0x00, 0x40, 0x00, 0x20, 0x00, 0x40, 0x00,
    0x40, 0x00, 0x20, 0x00, 0x40, 0x00, 0x40, 0x00, 0x20, 0x00, 0x20, 0x00,
    0x20, 0x00, 0x20, 0x00, 0x40, 0x00, 0x20, 0x00, 0x40, 0x00, 0x20, 0x00,
    0x40, 0x00, 0x20, 0x00, 0x40, 0x00, 0x20, 0x00, 0x20, 0x00, 0x40, 0x00,
    0x20, 0x00, 0x40, 0x00, 0x20, 0x00, 0x20, 0x00, 0x40, 0x00, 0x40, 0x08,
    0x40, 0x08, 0x20, 0x00, 0xac, 0x5a, 0x64, 0x10, 0x23, 0x08, 0x33, 0x9d,
    0x9a, 0xc6, 0x00, 0x00, 0x20, 0x00, 0x20, 0x00, 0x20, 0x00, 0x20, 0x00,
    0x20, 0x00, 0x20, 0x00, 0x20, 0x00, 0x20, 0x00, 0x20, 0x00, 0x20, 0x00,
    0x20, 0x00, 0x20, 0x00, 0x20, 0x00, 0x20, 0x00, 0x20, 0x00, 0x20, 0x00,
    0x20, 0x00, 0x20, 0x00, 0x20, 0x00, 0x20, 0x00, 0x20, 0x00, 0x20, 0x00,
    0x20, 0x00, 0x20, 0x00, 0x20, 0x00, 0x20, 0x00, 0x20, 0x00, 0x20, 0x00,
    0x20, 0x00, 0x20, 0x00, 0x20, 0x00, 0x20, 0x00, 0x20, 0x00, 0x20, 0x00,
    0x20, 0x00, 0x20, 0x00, 0x20, 0x00, 0x20, 0x00, 0x20, 0x00, 0x20, 0x00,
    0x20, 0x00, 0x20, 0x00, 0x20, 0x00, 0x20, 0x00, 0x20, 0x00, 0x20, 0x00,
    0x20, 0x00, 0x20, 0x00, 0x20, 0x00, 0x20, 0x00, 0x20, 0x00, 0x20, 0x00,
    0x20, 0x00, 0x20, 0x00, 0x20, 0x00, 0x20, 0x00, 0x20, 0x00, 0x20, 0x00,
    0x20, 0x00, 0x20, 0x00, 0x20, 0x00, 0x20, 0x00, 0x20, 0x00, 0x20, 0x00,
    0x20, 0x00, 0x00, 0x00, 0x07, 0x3a, 0x89, 0x52, 0x64, 0x29, 0x20, 0x00,
    0x20, 0x00, 0x00, 0x00, 0x00, 0x00, 0x00, 0x00, 0x40, 0x00, 0x24, 0x21,
    0xa6, 0x31, 0xc3, 0x18, 0x65, 0x29, 0x00, 0x00, 0xc2, 0x10, 0xc2, 0x18,
    0x00, 0x00, 0xe3, 0x18, 0x00, 0x00, 0xa2, 0x10, 0xc2, 0x10, 0x00, 0x00,
    0xc2, 0x10, 0xa2, 0x10, 0x00, 0x00, 0xe3, 0x18, 0x00, 0x00, 0xc2, 0x10,
    0xc2, 0x10, 0x00, 0x00, 0xc2, 0x18, 0x00, 0x00, 0xc2, 0x10, 0xc2, 0x18,
    0x00, 0x00, 0xc2, 0x18, 0x61, 0x08, 0x00, 0x00, 0xe3, 0x18, 0x00, 0x00,
    0x00, 0x00, 0x00, 0x00, 0x29, 0x4a, 0x0a, 0x4a, 0x84, 0x10, 0x33, 0xa5,
    0x10, 0x84, 0xaf, 0x7b, 0x4b, 0x63, 0x00, 0x00, 0xba, 0xce, 0x92, 0x8c,
    0x00, 0x00, 0x86, 0x21, 0x20, 0x00, 0x60, 0x08, 0x60, 0x08, 0x60, 0x08,
    0x60, 0x08, 0x60, 0x08, 0x60, 0x08, 0x40, 0x08, 0x60, 0x08, 0x60, 0x08,
    0x60, 0x08, 0x60, 0x08, 0x60, 0x08, 0x60, 0x08, 0x60, 0x08, 0x60, 0x08,
    0x60, 0x08, 0x60, 0x08, 0x60, 0x08, 0x60, 0x08, 0x60, 0x08, 0x60, 0x08,
    0x60, 0x08, 0x60, 0x08, 0x60, 0x08, 0x60, 0x08, 0x60, 0x08, 0x60, 0x08,
    0x60, 0x08, 0x60, 0x08, 0x60, 0x08, 0x40, 0x08, 0x65, 0x21, 0x20, 0x00,
    0x23, 0x21, 0x8c, 0x3a, 0x31, 0x94, 0xb6, 0xa5, 0xd2, 0x94, 0x35, 0xa5,
    0x96, 0xb5, 0xa2, 0x20, 0x54, 0x8d, 0x30, 0x7c, 0x76, 0xb5, 0x54, 0x95,
    0x96, 0xad, 0x97, 0xad, 0x35, 0x9d, 0xc5, 0x41, 0xd1, 0x7b, 0xf8, 0xb5,
    0x76, 0xad, 0x71, 0x8c, 0x39, 0xb6, 0xf9, 0xbd, 0x00, 0x00, 0xbd, 0xef,
    0xef, 0x6b, 0x74, 0xb5, 0x1a, 0xae, 0xba, 0xce, 0xc2, 0x20, 0x28, 0x3a,
    0x08, 0x3a, 0x28, 0x3a, 0x28, 0x3a, 0x08, 0x3a, 0x28, 0x3a, 0x28, 0x3a,
    0x08, 0x3a, 0x28, 0x3a, 0x28, 0x3a, 0x08, 0x3a, 0x08, 0x3a, 0x28, 0x3a,
    0x08, 0x3a, 0x28, 0x3a, 0x08, 0x32, 0x08, 0x3a, 0x28, 0x32, 0x08, 0x32,
    0x08, 0x3a, 0x28, 0x32, 0x08, 0x32, 0x08, 0x3a, 0x28, 0x32, 0x08, 0x3a,
    0x08, 0x32, 0x28, 0x3a, 0x08, 0x3a, 0x28, 0x32, 0x28, 0x32, 0x28, 0x3a,
    0x28, 0x32, 0x08, 0x3a, 0x28, 0x3a, 0x28, 0x3a, 0x08, 0x3a, 0x08, 0x32,
    0x28, 0x3a, 0x08, 0x3a, 0x08, 0x32, 0x28, 0x3a, 0x08, 0x3a, 0x08, 0x3a,
    0x28, 0x3a, 0x28, 0x3a, 0x08, 0x3a, 0x08, 0x3a, 0x28, 0x3a, 0x28, 0x3a,
    0x44, 0x21, 0x00, 0x00, 0xcc, 0x5a, 0xa5, 0x18, 0x43, 0x10, 0x33, 0xa5,
    0xba, 0xc6, 0x00, 0x00, 0x20, 0x00, 0x20, 0x00, 0x20, 0x00, 0x20, 0x00,
    0x20, 0x00, 0x20, 0x00, 0x20, 0x00, 0x20, 0x00, 0x20, 0x00, 0x20, 0x00,
    0x20, 0x00, 0x20, 0x00, 0x20, 0x00, 0x20, 0x00, 0x20, 0x00, 0x20, 0x00,
    0x20, 0x00, 0x20, 0x00, 0x20, 0x00, 0x20, 0x00, 0x20, 0x00, 0x20, 0x00,
    0x20, 0x00, 0x20, 0x00, 0x20, 0x00, 0x20, 0x00, 0x20, 0x00, 0x20, 0x00,
    0x20, 0x00, 0x20, 0x00, 0x20, 0x00, 0x20, 0x00, 0x20, 0x00, 0x20, 0x00,
    0x20, 0x00, 0x20, 0x00, 0x20, 0x00, 0x20, 0x00, 0x20, 0x00, 0x20, 0x00,
    0x20, 0x00, 0x20, 0x00, 0x20, 0x00, 0x20, 0x00, 0x20, 0x00, 0x20, 0x00,
    0x20, 0x00, 0x20, 0x00, 0x20, 0x00, 0x20, 0x00, 0x20, 0x00, 0x20, 0x00,
    0x20, 0x00, 0x20, 0x00, 0x20, 0x00, 0x20, 0x00, 0x20, 0x00, 0x20, 0x00,
    0x20, 0x00, 0x20, 0x00, 0x20, 0x00, 0x20, 0x00, 0x20, 0x00, 0x20, 0x00,
    0x20, 0x00, 0x00, 0x00, 0x07, 0x3a, 0x89, 0x52, 0x63, 0x29, 0x00, 0x00,
    0x00, 0x00, 0xc2, 0x10, 0xce, 0x7b, 0x00, 0x00, 0x20, 0x00, 0x00, 0x00,
    0x00, 0x00, 0x00, 0x00, 0x03, 0x21, 0x00, 0x00, 0x03, 0x21, 0x03, 0x19,
    0x00, 0x00, 0x23, 0x21, 0x00, 0x00, 0xe3, 0x18, 0x03, 0x21, 0x00, 0x00,
    0x03, 0x21, 0xe3, 0x18, 0x00, 0x00, 0x23, 0x21, 0x00, 0x00, 0x03, 0x21,
    0x03, 0x21, 0x00, 0x00, 0x24, 0x21, 0x00, 0x00, 0x03, 0x19, 0x03, 0x21,
    0x00, 0x00, 0x03, 0x21, 0xa2, 0x10, 0x40, 0x00, 0x03, 0x21, 0x00, 0x00,
    0x20, 0x00, 0x00, 0x00, 0x49, 0x4a, 0x26, 0x29, 0x00, 0x00, 0x54, 0xad,
    0x10, 0x84, 0xaf, 0x7b, 0x4b, 0x63, 0x00, 0x00, 0xba, 0xce, 0x92, 0x84,
    0x00, 0x00, 0x85, 0x21, 0x40, 0x00, 0x60, 0x08, 0x60, 0x08, 0x60, 0x08,
    0x60, 0x08, 0x60, 0x08, 0x40, 0x08, 0xc2, 0x10, 0x40, 0x00, 0x20, 0x00,
    0x20, 0x00, 0x00, 0x00, 0x00, 0x00, 0x20, 0x00, 0x60, 0x08, 0x60, 0x08,
    0x60, 0x08, 0x60, 0x08, 0x60, 0x08, 0x60, 0x08, 0x60, 0x08, 0x60, 0x08,
    0x60, 0x08, 0x60, 0x08, 0x60, 0x08, 0x60, 0x08, 0x60, 0x08, 0x60, 0x08,
    0x60, 0x08, 0x60, 0x08, 0x60, 0x08, 0x40, 0x08, 0x65, 0x21, 0x20, 0x00,
    0x84, 0x29, 0x00, 0x00, 0xf9, 0xbd, 0x50, 0x84, 0xeb, 0x52, 0x38, 0xbe,
    0x92, 0x94, 0x00, 0x00, 0xd2, 0x84, 0xb7, 0xad, 0x74, 0xad, 0x4e, 0x63,
    0xf4, 0x94, 0x8a, 0x4a, 0x77, 0xad, 0x85, 0x39, 0xb1, 0x73, 0xf4, 0x94,
    0x75, 0xb5, 0x8e, 0x73, 0xd3, 0x94, 0x94, 0x9c, 0x00, 0x08, 0x71, 0x8c,
    0x99, 0xc6, 0x00, 0x00, 0xb1, 0x84, 0x54, 0xa5, 0x00, 0x00, 0x20, 0x00,
    0x40, 0x00, 0x20, 0x00, 0x20, 0x00, 0x40, 0x00, 0x20, 0x00, 0x20, 0x00,
    0x40, 0x00, 0x20, 0x00, 0x40, 0x00, 0x40, 0x00, 0x20, 0x00, 0x40, 0x00,
    0x20, 0x00, 0x40, 0x00, 0x40, 0x00, 0x20, 0x00, 0x40, 0x00, 0x40, 0x00,
    0x20, 0x00, 0x40, 0x00, 0x20, 0x00, 0x40, 0x00, 0x40, 0x00, 0x20, 0x00,
    0x40, 0x00, 0x20, 0x00, 0x20, 0x00, 0x20, 0x00, 0x20, 0x00, 0x40, 0x00,
    0x20, 0x00, 0x40, 0x00, 0x20, 0x00, 0x20, 0x00, 0x40, 0x00, 0x40, 0x00,
    0x20, 0x00, 0x40, 0x00, 0x40, 0x00, 0x40, 0x00, 0x40, 0x00, 0x20, 0x00,
    0x40, 0x00, 0x20, 0x00, 0x40, 0x00, 0x40, 0x00, 0x20, 0x00, 0x20, 0x00,
    0x85, 0x29, 0x00, 0x00, 0xac, 0x5a, 0xa5, 0x18, 0x43, 0x10, 0x33, 0xa5,
    0x9a, 0xc6, 0x00, 0x00, 0x20, 0x00, 0x20, 0x00, 0x20, 0x00, 0x20, 0x00,
    0x20, 0x00, 0x20, 0x00, 0x20, 0x00, 0x20, 0x00, 0x20, 0x00, 0x20, 0x00,
    0x20, 0x00, 0x20, 0x00, 0x20, 0x00, 0x20, 0x00, 0x20, 0x00, 0x20, 0x00,
    0x20, 0x00, 0x20, 0x00, 0x20, 0x00, 0x20, 0x00, 0x20, 0x00, 0x20, 0x00,
    0x20, 0x00, 0x20, 0x00, 0x20, 0x00, 0x20, 0x00, 0x20, 0x00, 0x20, 0x00,
    0x20, 0x00, 0x20, 0x00, 0x20, 0x00, 0x20, 0x00, 0x20, 0x00, 0x20, 0x00,
    0x20, 0x00, 0x20, 0x00, 0x20, 0x00, 0x20, 0x00, 0x20, 0x00, 0x20, 0x00,
    0x20, 0x00, 0x20, 0x00, 0x20, 0x00, 0x20, 0x00, 0x20, 0x00, 0x20, 0x00,
    0x20, 0x00, 0x20, 0x00, 0x20, 0x00, 0x20, 0x00, 0x20, 0x00, 0x20, 0x00,
    0x20, 0x00, 0x20, 0x00, 0x20, 0x00, 0x20, 0x00, 0x20, 0x00, 0x20, 0x00,
    0x20, 0x00, 0x20, 0x00, 0x20, 0x00, 0x20, 0x00, 0x20, 0x00, 0x20, 0x00,
    0x20, 0x00, 0x00, 0x00, 0x07, 0x3a, 0x89, 0x52, 0x64, 0x29, 0x00, 0x00,
    0x00, 0x00, 0x0b, 0x63, 0x8d, 0x6b, 0x00, 0x00, 0x00, 0x00, 0x20, 0x00,
    0x00, 0x00, 0x00, 0x00, 0x03, 0x19, 0x00, 0x00, 0x03, 0x21, 0x03, 0x19,
    0x00, 0x00, 0x24, 0x21, 0x00, 0x00, 0xe3, 0x18, 0x03, 0x19, 0x00, 0x00,
    0x03, 0x21, 0xe3, 0x18, 0x00, 0x00, 0x24, 0x21, 0x00, 0x00, 0x03, 0x19,
    0x03, 0x21, 0x00, 0x00, 0x24, 0x21, 0x00, 0x00, 0x03, 0x19, 0x03, 0x19,
    0x00, 0x00, 0x03, 0x21, 0xa2, 0x10, 0x41, 0x00, 0x23, 0x21, 0x00, 0x00,
    0x20, 0x00, 0x00, 0x00, 0x49, 0x4a, 0x27, 0x29, 0x01, 0x00, 0x53, 0xad,
    0x10, 0x84, 0xaf, 0x7b, 0x2c, 0x63, 0x00, 0x00, 0x9a, 0xce, 0x92, 0x84,
    0x00, 0x00, 0x86, 0x21, 0x40, 0x08, 0x60, 0x08, 0x60, 0x08, 0x60, 0x08,
    0x60, 0x08, 0x40, 0x08, 0x24, 0x19, 0xcb, 0x4a, 0xc2, 0x10, 0x08, 0x3a,
    0xca, 0x5a, 0x0c, 0x5b, 0x0c, 0x5b, 0x08, 0x42, 0x20, 0x08, 0x60, 0x08,
    0x60, 0x08, 0x60, 0x08, 0x60, 0x08, 0x60, 0x08, 0x60, 0x08, 0x60, 0x08,
    0x60, 0x08, 0x60, 0x08, 0x60, 0x08, 0x60, 0x08, 0x60, 0x08, 0x60, 0x08,
    0x60, 0x08, 0x60, 0x08, 0x60, 0x08, 0x40, 0x08, 0x65, 0x21, 0x20, 0x00,
    0x85, 0x29, 0x20, 0x08, 0x00, 0x00, 0x00, 0x00, 0x00, 0x00, 0x00, 0x00,
    0x00, 0x00, 0x60, 0x08, 0x00, 0x00, 0x00, 0x00, 0x00, 0x00, 0x00, 0x00,
    0x00, 0x00, 0x20, 0x00, 0x00, 0x00, 0x20, 0x08, 0x00, 0x00, 0x87, 0x29,
    0x23, 0x31, 0x00, 0x00, 0x00, 0x00, 0x00, 0x00, 0x40, 0x08, 0x00, 0x00,
    0x00, 0x00, 0x40, 0x08, 0x00, 0x00, 0x00, 0x00, 0x60, 0x10, 0x60, 0x08,
    0x60, 0x08, 0x60, 0x08, 0x60, 0x08, 0x60, 0x08, 0x60, 0x08, 0x60, 0x08,
    0x60, 0x08, 0x60, 0x08, 0x60, 0x08, 0x60, 0x08, 0x60, 0x08, 0x60, 0x08,
    0x60, 0x08, 0x60, 0x08, 0x60, 0x08, 0x60, 0x08, 0x60, 0x08, 0x60, 0x08,
    0x60, 0x08, 0x60, 0x08, 0x60, 0x08, 0x60, 0x08, 0x60, 0x08, 0x60, 0x08,
    0x60, 0x08, 0x60, 0x08, 0x60, 0x08, 0x60, 0x08, 0x60, 0x08, 0x60, 0x08,
    0x60, 0x08, 0x60, 0x08, 0x60, 0x08, 0x60, 0x08, 0x60, 0x08, 0x60, 0x08,
    0x60, 0x08, 0x60, 0x08, 0x60, 0x08, 0x60, 0x08, 0x60, 0x08, 0x60, 0x08,
    0x60, 0x08, 0x60, 0x08, 0x60, 0x08, 0x60, 0x08, 0x60, 0x08, 0x40, 0x08,
    0x85, 0x29, 0x00, 0x00, 0xcc, 0x5a, 0xa5, 0x18, 0x43, 0x10, 0x53, 0x9d,
    0x9a, 0xc6, 0x00, 0x00, 0x00, 0x00, 0x00, 0x00, 0x00, 0x00, 0x00, 0x00,
    0x00, 0x00, 0x00, 0x00, 0x00, 0x00, 0x00, 0x00, 0x00, 0x00, 0x00, 0x00,
    0x00, 0x00, 0x00, 0x00, 0x00, 0x00, 0x00, 0x00, 0x00, 0x00, 0x00, 0x00,
    0x00, 0x00, 0x00, 0x00, 0x00, 0x00, 0x00, 0x00, 0x00, 0x00, 0x00, 0x00,
    0x00, 0x00, 0x00, 0x00, 0x00, 0x00, 0x00, 0x00, 0x00, 0x00, 0x00, 0x00,
    0x00, 0x00, 0x00, 0x00, 0x00, 0x00, 0x00, 0x00, 0x00, 0x00, 0x00, 0x00,
    0x00, 0x00, 0x00, 0x00, 0x00, 0x00, 0x00, 0x00, 0x00, 0x00, 0x00, 0x00,
    0x00, 0x00, 0x00, 0x00, 0x00, 0x00, 0x00, 0x00, 0x00, 0x00, 0x00, 0x00,
    0x00, 0x00, 0x00, 0x00, 0x00, 0x00, 0x00, 0x00, 0x00, 0x00, 0x00, 0x00,
    0x00, 0x00, 0x00, 0x00, 0x00, 0x00, 0x00, 0x00, 0x00, 0x00, 0x00, 0x00,
    0x00, 0x00, 0x00, 0x00, 0x00, 0x00, 0x00, 0x00, 0x00, 0x00, 0x00, 0x00,
    0x00, 0x00, 0x00, 0x00, 0xa6, 0x31, 0x89, 0x52, 0x64, 0x29, 0x20, 0x00,
    0x00, 0x00, 0xe3, 0x18, 0x07, 0x3a, 0x00, 0x00, 0x61, 0x08, 0x00, 0x00,
    0x86, 0x31, 0x81, 0x08, 0xa6, 0x31, 0x00, 0x00, 0xc2, 0x10, 0xc2, 0x10,
    0x00, 0x00, 0xc3, 0x18, 0x00, 0x00, 0xa2, 0x10, 0xc2, 0x10, 0x00, 0x00,
    0xc2, 0x10, 0xa2, 0x10, 0x00, 0x00, 0xc3, 0x18, 0x00, 0x00, 0xc2, 0x10,
    0xc2, 0x10, 0x00, 0x00, 0xc2, 0x18, 0x00, 0x00, 0xc2, 0x10, 0xc2, 0x18,
    0x00, 0x00, 0xc2, 0x10, 0x61, 0x08, 0x00, 0x00, 0xe3, 0x18, 0x00, 0x00,
    0x20, 0x00, 0x00, 0x00, 0x49, 0x4a, 0x27, 0x29, 0x01, 0x00, 0x53, 0xa5,
    0x10, 0x84, 0xaf, 0x7b, 0x2b, 0x64, 0x69, 0x55, 0xda, 0xce, 0x72, 0x84,
    0x00, 0x00, 0x86, 0x21, 0x20, 0x00, 0x60, 0x08, 0x60, 0x08, 0x60, 0x08,
    0x60, 0x08, 0x20, 0x00, 0x07, 0x32, 0x2c, 0x5b, 0xa6, 0x29, 0xab, 0x52,
    0x00, 0x00, 0xb6, 0xad, 0x6b, 0x52, 0xb0, 0x7b, 0x00, 0x00, 0x60, 0x08,
    0x60, 0x08, 0x60, 0x08, 0x60, 0x08, 0x60, 0x08, 0x60, 0x08, 0x60, 0x08,
    0x60, 0x08, 0x60, 0x08, 0x60, 0x08, 0x60, 0x08, 0x60, 0x08, 0x60, 0x08,
    0x60, 0x08, 0x60, 0x08, 0x60, 0x08, 0x40, 0x08, 0x65, 0x29, 0x20, 0x00,
    0x85, 0x29, 0x40, 0x00, 0x00, 0x00, 0x00, 0x00, 0x40, 0x00, 0x40, 0x08,
    0x40, 0x08, 0x40, 0x08, 0x40, 0x08, 0x40, 0x08, 0x40, 0x08, 0x40, 0x08,
    0x40, 0x08, 0x40, 0x08, 0x40, 0x08, 0x40, 0x00, 0x40, 0x08, 0x20, 0x00,
    0x20, 0x00, 0x40, 0x00, 0x40, 0x08, 0x40, 0x00, 0x40, 0x00, 0x40, 0x08,
    0x40, 0x00, 0x40, 0x00, 0x40, 0x08, 0x40, 0x08, 0x40, 0x00, 0x40, 0x08,
    0x40, 0x08, 0x40, 0x00, 0x40, 0x08, 0x40, 0x08, 0x40, 0x00, 0x40, 0x08,
    0x40, 0x00, 0x40, 0x00, 0x40, 0x08, 0x40, 0x00, 0x40, 0x00, 0x40, 0x08,
    0x40, 0x00, 0x40, 0x08, 0x40, 0x08, 0x40, 0x08, 0x40, 0x08, 0x40, 0x08,
    0x40, 0x08, 0x40, 0x08, 0x40, 0x08, 0x40, 0x08, 0x40, 0x08, 0x40, 0x08,
    0x40, 0x00, 0x40, 0x08, 0x60, 0x08, 0x40, 0x08, 0x40, 0x08, 0x40, 0x08,
    0x40, 0x00, 0x40, 0x08, 0x40, 0x08, 0x40, 0x00, 0x40, 0x08, 0x40, 0x00,
    0x40, 0x08, 0x40, 0x08, 0x40, 0x00, 0x40, 0x08, 0x40, 0x00, 0x40, 0x00,
    0x40, 0x08, 0x40, 0x00, 0x40, 0x08, 0x40, 0x08, 0x40, 0x08, 0x20, 0x00,
    0x85, 0x29, 0x00, 0x00, 0xac, 0x5a, 0xa5, 0x18, 0x43, 0x10, 0x33, 0x9d,
    0xba, 0xce, 0x13, 0xa5, 0x53, 0xa5, 0x54, 0xad, 0x54, 0xa5, 0x53, 0xa5,
    0x54, 0xad, 0x54, 0xa5, 0x54, 0xa5, 0x54, 0xad, 0x54, 0xa5, 0x54, 0xa5,
    0x54, 0xad, 0x54, 0xa5, 0x54, 0xa5, 0x54, 0xad, 0x53, 0xa5, 0x54, 0xa5,
    0x54, 0xa5, 0x53, 0xa5, 0x54, 0xa5, 0x54, 0xa5, 0x53, 0xa5, 0x54, 0xa5,
    0x54, 0xa5, 0x53, 0xa5, 0x54, 0xa5, 0x54, 0xa5, 0x53, 0xa5, 0x54, 0xa5,
    0x54, 0xa5, 0x53, 0xa5, 0x54, 0xa5, 0x54, 0xa5, 0x53, 0xa5, 0x54, 0xa5,
    0x54, 0xa5, 0x53, 0xa5, 0x54, 0xa5, 0x54, 0xa5, 0x53, 0xa5, 0x54, 0xa5,
    0x54, 0xa5, 0x53, 0xa5, 0x54, 0xa5, 0x54, 0xa5, 0x54, 0xa5, 0x53, 0xa5,
    0x33, 0xa5, 0x54, 0xa5, 0x53, 0xa5, 0x33, 0xa5, 0x13, 0xa5, 0x33, 0xa5,
    0x33, 0xa5, 0x33, 0xa5, 0x54, 0xa5, 0x54, 0xa5, 0x54, 0xa5, 0x54, 0xa5,
    0x54, 0xa5, 0x54, 0xa5, 0x54, 0xa5, 0x54, 0xa5, 0x54, 0xad, 0x54, 0xa5,
    0x54, 0xa5, 0x33, 0xa5, 0xf6, 0xbd, 0x27, 0x42, 0x64, 0x29, 0x00, 0x00,
    0x20, 0x00, 0x00, 0x00, 0x03, 0x21, 0x24, 0x21, 0xaa, 0x52, 0xb2, 0x9c,
    0xc6, 0x31, 0x89, 0x52, 0x0b, 0x63, 0xeb, 0x5a, 0x8e, 0x73, 0x8d, 0x73,
    0xeb, 0x5a, 0xae, 0x73, 0xeb, 0x5a, 0x8d, 0x73, 0x8d, 0x73, 0xeb, 0x5a,
    0xae, 0x73, 0x8d, 0x73, 0xeb, 0x5a, 0xae, 0x73, 0xeb, 0x5a, 0x8d, 0x73,
    0x8d, 0x73, 0xeb, 0x5a, 0xae, 0x73, 0xeb, 0x5a, 0x8d, 0x73, 0x8e, 0x73,
    0xeb, 0x5a, 0xae, 0x73, 0x4d, 0x6b, 0x2c, 0x63, 0x0b, 0x63, 0x00, 0x00,
    0x20, 0x00, 0x00, 0x00, 0x49, 0x4a, 0x27, 0x29, 0x01, 0x00, 0x53, 0xad,
    0x10, 0x84, 0xaf, 0x7b, 0x6c, 0x6b, 0x41, 0x10, 0xba, 0xce, 0x92, 0x84,
    0x00, 0x00, 0x85, 0x21, 0x40, 0x08, 0x60, 0x08, 0x60, 0x08, 0x60, 0x08,
    0x60, 0x08, 0x40, 0x08, 0x85, 0x21, 0xef, 0x73, 0xa2, 0x10, 0xe7, 0x31,
    0xcf, 0x73, 0x03, 0x19, 0x0d, 0x73, 0x0b, 0x53, 0x00, 0x00, 0x60, 0x08,
    0x60, 0x08, 0x60, 0x08, 0x60, 0x08, 0x60, 0x08, 0x60, 0x08, 0x60, 0x08,
    0x60, 0x08, 0x60, 0x08, 0x60, 0x08, 0x60, 0x08, 0x60, 0x08, 0x60, 0x08,
    0x60, 0x08, 0x60, 0x08, 0x60, 0x08, 0x40, 0x00, 0x65, 0x21, 0x20, 0x00,
    0x64, 0x29, 0x00, 0x00, 0x2c, 0x53, 0x91, 0xac, 0x82, 0x10, 0x60, 0x08,
    0x60, 0x08, 0x60, 0x08, 0x40, 0x00, 0x40, 0x00, 0x60, 0x08, 0x40, 0x00,
    0x60, 0x08, 0x60, 0x08, 0x60, 0x08, 0x60, 0x08, 0x60, 0x08, 0x20, 0x00,
    0x60, 0x08, 0x20, 0x08, 0x60, 0x08, 0x60, 0x08, 0x40, 0x08, 0x60, 0x08,
    0x60, 0x08, 0x60, 0x08, 0x60, 0x08, 0x60, 0x08, 0x60, 0x08, 0x40, 0x08,
    0x60, 0x00, 0x60, 0x08, 0x60, 0x08, 0x60, 0x08, 0x60, 0x08, 0x60, 0x08,
    0x60, 0x08, 0x60, 0x08, 0x60, 0x08, 0x60, 0x08, 0x60, 0x08, 0x60, 0x08,
    0x60, 0x08, 0x40, 0x00, 0x40, 0x08, 0x40, 0x08, 0x20, 0x00, 0x60, 0x00,
    0x60, 0x08, 0x60, 0x08, 0x60, 0x08, 0x60, 0x08, 0x60, 0x08, 0x20, 0x00,
    0x60, 0x08, 0x60, 0x08, 0x60, 0x08, 0x60, 0x08, 0x60, 0x08, 0x60, 0x08,
    0x40, 0x00, 0x60, 0x08, 0x40, 0x00, 0x60, 0x08, 0x60, 0x08, 0x60, 0x08,
    0x60, 0x08, 0x40, 0x08, 0x40, 0x00, 0x60, 0x08, 0x60, 0x08, 0x60, 0x08,
    0x60, 0x08, 0x60, 0x08, 0x60, 0x08, 0x60, 0x08, 0x60, 0x08, 0x40, 0x00,
    0x85, 0x29, 0x00, 0x00, 0xcc, 0x5a, 0xa4, 0x18, 0x43, 0x10, 0x33, 0x9d,
    0x9a, 0xce, 0xa1, 0x10, 0x24, 0x21, 0x24, 0x21, 0x24, 0x21, 0x24, 0x21,
    0x24, 0x21, 0x24, 0x21, 0x23, 0x21, 0x24, 0x21, 0x24, 0x21, 0x23, 0x21,
    0x24, 0x21, 0x24, 0x21, 0x23, 0x21, 0x24, 0x21, 0x24, 0x21, 0x24, 0x21,
    0x24, 0x21, 0x24, 0x21, 0x24, 0x21, 0x24, 0x21, 0x24, 0x21, 0x24, 0x21,
    0x24, 0x21, 0x24, 0x21, 0x24, 0x21, 0x24, 0x21, 0x24, 0x21, 0x24, 0x21,
    0x24, 0x21, 0x24, 0x21, 0x24, 0x21, 0x24, 0x21, 0x24, 0x21, 0x24, 0x21,
    0x24, 0x21, 0x24, 0x21, 0x24, 0x21, 0x24, 0x21, 0x24, 0x21, 0x24, 0x21,
    0x24, 0x21, 0x24, 0x21, 0x24, 0x21, 0x24, 0x21, 0x23, 0x21, 0x44, 0x29,
    0x07, 0x3a, 0x03, 0x21, 0x24, 0x21, 0x28, 0x42, 0x0b, 0x63, 0xa6, 0x31,
    0x85, 0x29, 0xaa, 0x52, 0xe3, 0x18, 0x24, 0x21, 0x23, 0x21, 0x24, 0x21,
    0x24, 0x21, 0x23, 0x21, 0x24, 0x21, 0x24, 0x21, 0x23, 0x21, 0x24, 0x21,
    0x24, 0x21, 0xe3, 0x18, 0xca, 0x5a, 0x68, 0x4a, 0x64, 0x29, 0x00, 0x00,
    0x00, 0x00, 0x69, 0x4a, 0x0f, 0x84, 0x00, 0x00, 0xc6, 0x31, 0xeb, 0x5a,
    0x8a, 0x52, 0x07, 0x42, 0xaa, 0x52, 0x00, 0x00, 0xc2, 0x10, 0xc2, 0x18,
    0x00, 0x00, 0xc2, 0x18, 0x00, 0x00, 0xa2, 0x10, 0xc2, 0x10, 0x00, 0x00,
    0xc2, 0x10, 0xa2, 0x10, 0x00, 0x00, 0xe2, 0x18, 0x00, 0x00, 0xc2, 0x10,
    0xc2, 0x10, 0x00, 0x00, 0xc3, 0x18, 0x00, 0x00, 0xc2, 0x10, 0xc2, 0x10,
    0x00, 0x00, 0xc2, 0x18, 0x61, 0x08, 0x00, 0x00, 0xe3, 0x18, 0x00, 0x00,
    0x20, 0x00, 0x00, 0x00, 0x49, 0x4a, 0x27, 0x29, 0x00, 0x00, 0x53, 0xad,
    0x10, 0x84, 0xaf, 0x7b, 0x2b, 0x63, 0x00, 0x00, 0xba, 0xce, 0x92, 0x84,
    0x00, 0x00, 0x85, 0x21, 0x40, 0x00, 0x60, 0x08, 0x60, 0x08, 0x60, 0x08,
    0x60, 0x08, 0x60, 0x08, 0x40, 0x00, 0xa2, 0x08, 0x40, 0x08, 0x20, 0x00,
    0x20, 0x00, 0x40, 0x00, 0x20, 0x00, 0x20, 0x00, 0x60, 0x08, 0x60, 0x08,
    0x60, 0x08, 0x60, 0x08, 0x60, 0x08, 0x60, 0x08, 0x60, 0x08, 0x60, 0x08,
    0x60, 0x08, 0x60, 0x08, 0x60, 0x08, 0x60, 0x08, 0x60, 0x08, 0x60, 0x08,
    0x60, 0x08, 0x60, 0x08, 0x60, 0x08, 0x40, 0x08, 0x65, 0x29, 0x20, 0x00,
    0x43, 0x21, 0x48, 0x42, 0xff, 0xff, 0xf7, 0xfe, 0x21, 0x00, 0x60, 0x08,
    0x60, 0x08, 0x40, 0x00, 0xc7, 0x29, 0x03, 0x19, 0x00, 0x00, 0x0c, 0x53,
    0x00, 0x00, 0x20, 0x00, 0x00, 0x00, 0x20, 0x00, 0x00, 0x00, 0x2b, 0x63,
    0x00, 0x00, 0xa7, 0x39, 0x00, 0x00, 0x00, 0x00, 0x86, 0x39, 0x00, 0x00,
    0xc3, 0x18, 0xa2, 0x18, 0x00, 0x00, 0x00, 0x00, 0xc3, 0x10, 0xc2, 0x10,
    0x03, 0x29, 0x60, 0x08, 0x60, 0x08, 0x60, 0x08, 0x60, 0x08, 0x60, 0x08,
    0x60, 0x08, 0x60, 0x08, 0x60, 0x08, 0x60, 0x08, 0x60, 0x08, 0x60, 0x08,
    0x40, 0x00, 0x85, 0x29, 0xe3, 0x18, 0xe3, 0x18, 0x8d, 0x63, 0x60, 0x08,
    0x00, 0x00, 0x00, 0x00, 0x20, 0x00, 0x00, 0x00, 0x82, 0x08, 0x68, 0x4a,
    0x00, 0x00, 0x00, 0x00, 0xa2, 0x10, 0x20, 0x00, 0x20, 0x00, 0x00, 0x00,
    0xa6, 0x31, 0x61, 0x00, 0xa9, 0x52, 0x00, 0x00, 0x20, 0x00, 0x00, 0x00,
    0x20, 0x00, 0x24, 0x21, 0x24, 0x21, 0x40, 0x08, 0x60, 0x08, 0x60, 0x08,
    0x60, 0x08, 0x60, 0x08, 0x60, 0x08, 0x60, 0x08, 0x60, 0x08, 0x40, 0x00,
    0x85, 0x29, 0x00, 0x00, 0xcc, 0x5a, 0xa5, 0x20, 0x43, 0x10, 0x34, 0x9d,
    0x9a, 0xc6, 0x00, 0x00, 0x00, 0x00, 0x00, 0x00, 0x00, 0x00, 0x00, 0x00,
    0x00, 0x00, 0x00, 0x00, 0x00, 0x00, 0x00, 0x00, 0x00, 0x00, 0x00, 0x00,
    0x00, 0x00, 0x00, 0x00, 0x00, 0x00, 0x00, 0x00, 0x00, 0x00, 0x00, 0x00,
    0x00, 0x00, 0x00, 0x00, 0x00, 0x00, 0x00, 0x00, 0x00, 0x00, 0x00, 0x00,
    0x00, 0x00, 0x00, 0x00, 0x00, 0x00, 0x00, 0x00, 0x00, 0x00, 0x00, 0x00,
    0x00, 0x00, 0x00, 0x00, 0x00, 0x00, 0x00, 0x00, 0x00, 0x00, 0x00, 0x00,
    0x00, 0x00, 0x00, 0x00, 0x00, 0x00, 0x00, 0x00, 0x00, 0x00, 0x00, 0x00,
    0x00, 0x00, 0x00, 0x00, 0x00, 0x00, 0x00, 0x00, 0x00, 0x00, 0x82, 0x10,
    0x71, 0x8c, 0x00, 0x00, 0x4c, 0x6b, 0x85, 0x29, 0x6d, 0x6b, 0xad, 0x73,
    0xd2, 0x9c, 0xb2, 0x94, 0x00, 0x00, 0x00, 0x00, 0x00, 0x00, 0x00, 0x00,
    0x00, 0x00, 0x00, 0x00, 0x00, 0x00, 0x00, 0x00, 0x00, 0x00, 0x00, 0x00,
    0x00, 0x00, 0x00, 0x00, 0xe7, 0x39, 0x89, 0x52, 0x64, 0x29, 0x20, 0x00,
    0x00, 0x00, 0x89, 0x4a, 0x2f, 0x84, 0x00, 0x00, 0x00, 0x00, 0x00, 0x00,
    0x00, 0x00, 0x00, 0x00, 0xe3, 0x18, 0x00, 0x00, 0x03, 0x21, 0x03, 0x19,
    0x00, 0x00, 0x24, 0x21, 0x00, 0x00, 0xe3, 0x18, 0x03, 0x21, 0x00, 0x00,
    0x03, 0x21, 0xe3, 0x18, 0x00, 0x00, 0x24, 0x21, 0x00, 0x00, 0x03, 0x21,
    0x03, 0x21, 0x00, 0x00, 0x23, 0x21, 0x00, 0x00, 0x03, 0x21, 0x03, 0x21,
    0x00, 0x00, 0x03, 0x21, 0xa2, 0x10, 0x40, 0x00, 0x03, 0x21, 0x00, 0x00,
    0x20, 0x00, 0x00, 0x00, 0x49, 0x4a, 0x27, 0x29, 0x01, 0x00, 0x53, 0xad,
    0x10, 0x84, 0xcf, 0x7b, 0x4c, 0x63, 0x00, 0x00, 0xba, 0xce, 0x91, 0x8c,
    0x00, 0x00, 0x85, 0x29, 0x20, 0x00, 0x60, 0x08, 0x60, 0x08, 0x60, 0x08,
    0x60, 0x08, 0x60, 0x08, 0x60, 0x08, 0x40, 0x08, 0x60, 0x08, 0x60, 0x08,
    0x60, 0x08, 0x60, 0x08, 0x60, 0x08, 0x60, 0x08, 0x60, 0x08, 0x60, 0x08,
    0x60, 0x08, 0x60, 0x08, 0x60, 0x08, 0x60, 0x08, 0x60, 0x08, 0x60, 0x08,
    0x60, 0x08, 0x60, 0x08, 0x60, 0x08, 0x60, 0x08, 0x60, 0x08, 0x60, 0x08,
    0x60, 0x08, 0x60, 0x08, 0x60, 0x08, 0x40, 0x08, 0x65, 0x21, 0x20, 0x00,
    0x44, 0x21, 0x69, 0x42, 0xff, 0xe7, 0xff, 0xf7, 0x81, 0x08, 0x40, 0x00,
    0x40, 0x08, 0xc2, 0x10, 0x8a, 0x42, 0xca, 0x4a, 0x23, 0x11, 0x65, 0x29,
    0x2a, 0x4a, 0x4a, 0x52, 0x6d, 0x6b, 0x2c, 0x6b, 0x49, 0x42, 0x42, 0x08,
    0xaf, 0x73, 0xaa, 0x52, 0xaf, 0x73, 0x09, 0x42, 0xeb, 0x62, 0x10, 0x7c,
    0x8f, 0x6b, 0xed, 0x6a, 0xab, 0x52, 0x51, 0x8c, 0x00, 0x00, 0xb4, 0x94,
    0x20, 0x08, 0x60, 0x08, 0x60, 0x08, 0x60, 0x08, 0x60, 0x08, 0x60, 0x08,
    0x60, 0x08, 0x60, 0x08, 0x60, 0x08, 0x60, 0x08, 0x60, 0x08, 0x60, 0x08,
    0x81, 0x10, 0xf3, 0x2c, 0x8d, 0x4b, 0x00, 0x00, 0x28, 0x42, 0xab, 0x4a,
    0x0d, 0x5b, 0x6e, 0x73, 0xcb, 0x52, 0xae, 0x73, 0x65, 0x19, 0xec, 0x6a,
    0xab, 0x52, 0x6c, 0x63, 0xec, 0x62, 0x2d, 0x63, 0xcc, 0x5a, 0xab, 0x5a,
    0xeb, 0x6a, 0xaa, 0x4a, 0x00, 0x00, 0xaf, 0x7b, 0x6b, 0x4a, 0xaf, 0x73,
    0x64, 0x31, 0xab, 0x4a, 0x27, 0x4a, 0x40, 0x00, 0x60, 0x08, 0x60, 0x08,
    0x60, 0x08, 0x60, 0x08, 0x60, 0x08, 0x60, 0x08, 0x60, 0x08, 0x40, 0x00,
    0x85, 0x29, 0x00, 0x00, 0xcb, 0x5a, 0xa5, 0x18, 0x43, 0x10, 0x33, 0x9d,
    0x9a, 0xce, 0x00, 0x00, 0x20, 0x00, 0x20, 0x00, 0x20, 0x00, 0x20, 0x00,
    0x20, 0x00, 0x20, 0x00, 0x20, 0x00, 0x20, 0x00, 0x20, 0x00, 0x20, 0x00,
    0x20, 0x00, 0x20, 0x00, 0x20, 0x00, 0x20, 0x00, 0x20, 0x00, 0x20, 0x00,
    0x20, 0x00, 0x20, 0x00, 0x20, 0x00, 0x20, 0x00, 0x20, 0x00, 0x20, 0x00,
    0x20, 0x00, 0x20, 0x00, 0x20, 0x00, 0x20, 0x00, 0x20, 0x00, 0x20, 0x00,
    0x20, 0x00, 0x20, 0x00, 0x20, 0x00, 0x20, 0x00, 0x20, 0x00, 0x20, 0x00,
    0x20, 0x00, 0x20, 0x00, 0x20, 0x00, 0x20, 0x00, 0x20, 0x00, 0x20, 0x00,
    0x20, 0x00, 0x20, 0x00, 0x20, 0x00, 0x20, 0x00, 0x00, 0x00, 0xa2, 0x10,
    0x8d, 0x73, 0x00, 0x00, 0x8d, 0x6b, 0x91, 0x94, 0x50, 0x8c, 0x0f, 0x84,
    0x37, 0xc6, 0x95, 0xb5, 0x00, 0x00, 0x20, 0x00, 0x20, 0x00, 0x20, 0x00,
    0x20, 0x00, 0x20, 0x00, 0x20, 0x00, 0x20, 0x00, 0x20, 0x00, 0x20, 0x00,
    0x20, 0x00, 0x00, 0x00, 0x07, 0x3a, 0x88, 0x52, 0x64, 0x29, 0x00, 0x00,
    0x20, 0x00, 0x00, 0x00, 0x00, 0x00, 0x20, 0x00, 0x20, 0x00, 0x20, 0x00,
    0x20, 0x00, 0x00, 0x00, 0x24, 0x21, 0x00, 0x00, 0x03, 0x21, 0x03, 0x19,
    0x00, 0x00, 0x24, 0x21, 0x00, 0x00, 0xe3, 0x18, 0x03, 0x19, 0x00, 0x00,
    0x03, 0x21, 0xe3, 0x18, 0x00, 0x00, 0x23, 0x21, 0x00, 0x00, 0x03, 0x19,
    0x03, 0x19, 0x00, 0x00, 0x24, 0x21, 0x00, 0x00, 0x03, 0x19, 0x03, 0x19,
    0x00, 0x00, 0x03, 0x21, 0xa2, 0x10, 0x40, 0x00, 0x03, 0x21, 0x00, 0x00,
    0x20, 0x00, 0x00, 0x00, 0x49, 0x4a, 0x27, 0x29, 0x01, 0x00, 0x53, 0xad,
    0x10, 0x84, 0xaf, 0x7b, 0x4b, 0x63, 0x00, 0x00, 0xba, 0xce, 0x92, 0x8c,
    0x00, 0x00, 0x85, 0x29, 0x40, 0x08, 0x60, 0x08, 0x60, 0x08, 0x60, 0x08,
    0x60, 0x08, 0x60, 0x08, 0x60, 0x08, 0x60, 0x08, 0x60, 0x08, 0x60, 0x08,
    0x60, 0x08, 0x60, 0x08, 0x60, 0x08, 0x60, 0x08, 0x60, 0x08, 0x60, 0x08,
    0x60, 0x08, 0x60, 0x08, 0x60, 0x08, 0x60, 0x08, 0x60, 0x08, 0x60, 0x08,
    0x60, 0x08, 0x60, 0x08, 0x60, 0x08, 0x60, 0x08, 0x60, 0x08, 0x60, 0x08,
    0x60, 0x08, 0x60, 0x08, 0x60, 0x08, 0x40, 0x00, 0x65, 0x29, 0x20, 0x00,
    0x64, 0x29, 0x00, 0x00, 0x53, 0x74, 0x98, 0x9d, 0x00, 0x00, 0x60, 0x08,
    0x40, 0x08, 0xe2, 0x10, 0x2c, 0x5b, 0x2c, 0x5b, 0x03, 0x11, 0x8e, 0x73,
    0x50, 0x84, 0xcf, 0x7b, 0x0c, 0x63, 0xc7, 0x41, 0x49, 0x42, 0x63, 0x08,
    0xd0, 0x7b, 0x10, 0x7c, 0xe8, 0x49, 0x4d, 0x63, 0x8e, 0x73, 0xb2, 0x94,
    0x08, 0x42, 0x93, 0x9c, 0xac, 0x4a, 0xcf, 0x7b, 0x00, 0x00, 0xf4, 0x9c,
    0x20, 0x08, 0x60, 0x08, 0x60, 0x08, 0x60, 0x08, 0x60, 0x08, 0x60, 0x08,
    0x60, 0x08, 0x60, 0x08, 0x60, 0x08, 0x60, 0x08, 0x60, 0x08, 0x40, 0x08,
    0x81, 0x10, 0x35, 0x45, 0xcf, 0x5b, 0x00, 0x00, 0x69, 0x4a, 0x08, 0x42,
    0xab, 0x52, 0x91, 0x9c, 0x4a, 0x42, 0xee, 0x73, 0x46, 0x19, 0xcc, 0x6a,
    0x31, 0x74, 0xab, 0x52, 0x92, 0x94, 0x08, 0x42, 0x31, 0x74, 0xae, 0x73,
    0x08, 0x4a, 0x6a, 0x4a, 0xed, 0x52, 0xb2, 0x94, 0x0c, 0x5b, 0xd3, 0x9c,
    0x00, 0x00, 0xcc, 0x52, 0x48, 0x52, 0x20, 0x00, 0x60, 0x08, 0x60, 0x08,
    0x60, 0x08, 0x60, 0x08, 0x60, 0x08, 0x60, 0x08, 0x60, 0x08, 0x40, 0x00,
    0x85, 0x29, 0x00, 0x00, 0xcb, 0x5a, 0xa5, 0x18, 0x43, 0x10, 0x33, 0x9d,
    0x9a, 0xc6, 0x00, 0x00, 0x20, 0x00, 0x20, 0x00, 0x20, 0x00, 0x20, 0x00,
    0x20, 0x00, 0x20, 0x00, 0x20, 0x00, 0x20, 0x00, 0x20, 0x00, 0x20, 0x00,
    0x20, 0x00, 0x20, 0x00, 0x20, 0x00, 0x20, 0x00, 0x20, 0x00, 0x20, 0x00,
    0x20, 0x00, 0x20, 0x00, 0x20, 0x00, 0x20, 0x00, 0x20, 0x00, 0x20, 0x00,
    0x20, 0x00, 0x20, 0x00, 0x20, 0x00, 0x20, 0x00, 0x20, 0x00, 0x20, 0x00,
    0x20, 0x00, 0x20, 0x00, 0x20, 0x00, 0x20, 0x00, 0x20, 0x00, 0x20, 0x00,
    0x20, 0x00, 0x20, 0x00, 0x20, 0x00, 0x20, 0x00, 0x20, 0x00, 0x20, 0x00,
    0x20, 0x00, 0x20, 0x00, 0x20, 0x00, 0x20, 0x00, 0x00, 0x00, 0x44, 0x29,
    0x89, 0x52, 0x00, 0x00, 0xa2, 0x10, 0x48, 0x4a, 0x2c, 0x63, 0x44, 0x21,
    0x69, 0x4a, 0x03, 0x21, 0xa2, 0x10, 0x00, 0x00, 0x20, 0x00, 0x20, 0x00,
    0x20, 0x00, 0x20, 0x00, 0x20, 0x00, 0x20, 0x00, 0x20, 0x00, 0x20, 0x00,
    0x20, 0x00, 0x00, 0x00, 0x07, 0x42, 0x89, 0x52, 0x64, 0x29, 0x20, 0x00,
    0x00, 0x00, 0x81, 0x08, 0xc6, 0x31, 0x00, 0x00, 0x00, 0x00, 0x00, 0x00,
    0x00, 0x00, 0x00, 0x00, 0x03, 0x19, 0x00, 0x00, 0x03, 0x19, 0x03, 0x21,
    0x00, 0x00, 0x23, 0x21, 0x00, 0x00, 0xe3, 0x18, 0x03, 0x19, 0x00, 0x00,
    0x03, 0x19, 0xe3, 0x18, 0x00, 0x00, 0x24, 0x21, 0x00, 0x00, 0x03, 0x19,
    0x03, 0x21, 0x00, 0x00, 0x24, 0x21, 0x00, 0x00, 0x03, 0x21, 0x03, 0x19,
    0x00, 0x00, 0x03, 0x21, 0xa2, 0x10, 0x41, 0x00, 0x24, 0x21, 0x00, 0x00,
    0x20, 0x00, 0x00, 0x00, 0x49, 0x4a, 0x27, 0x29, 0x01, 0x00, 0x53, 0xa5,
    0x10, 0x84, 0xaf, 0x7b, 0x4b, 0x6b, 0x00, 0x00, 0xba, 0xce, 0x91, 0x84,
    0x00, 0x00, 0x85, 0x29, 0x40, 0x00, 0x60, 0x08, 0x60, 0x08, 0x60, 0x08,
    0x60, 0x08, 0x60, 0x08, 0x60, 0x08, 0x60, 0x08, 0x60, 0x08, 0x60, 0x08,
    0x60, 0x08, 0x60, 0x08, 0x60, 0x08, 0x60, 0x08, 0x60, 0x08, 0x60, 0x08,
    0x60, 0x08, 0x60, 0x08, 0x60, 0x08, 0x60, 0x08, 0x60, 0x08, 0x60, 0x08,
    0x60, 0x08, 0x60, 0x08, 0x60, 0x08, 0x60, 0x08, 0x60, 0x08, 0x60, 0x08,
    0x60, 0x08, 0x60, 0x08, 0x60, 0x08, 0x40, 0x08, 0x65, 0x21, 0x20, 0x00,
    0x85, 0x29, 0x40, 0x00, 0x00, 0x00, 0x00, 0x00, 0x60, 0x08, 0x60, 0x08,
    0x60, 0x08, 0x20, 0x00, 0x69, 0x42, 0x24, 0x19, 0x00, 0x00, 0x8a, 0x4a,
    0x05, 0x19, 0x65, 0x29, 0x08, 0x42, 0xa1, 0x18, 0x00, 0x00, 0xeb, 0x52,
    0xe7, 0x41, 0xc3, 0x20, 0x08, 0x42, 0xe7, 0x39, 0xc3, 0x18, 0x49, 0x4a,
    0x85, 0x29, 0x04, 0x29, 0x65, 0x31, 0x04, 0x21, 0x83, 0x18, 0x81, 0x10,
    0x03, 0x21, 0x40, 0x00, 0x60, 0x08, 0x60, 0x08, 0x60, 0x08, 0x60, 0x08,
    0x60, 0x08, 0x60, 0x08, 0x60, 0x08, 0x60, 0x08, 0x60, 0x08, 0x60, 0x08,
    0x20, 0x00, 0x28, 0x42, 0x24, 0x21, 0x20, 0x00, 0xe2, 0x18, 0xc2, 0x10,
    0xc6, 0x31, 0x84, 0x29, 0xa2, 0x10, 0x68, 0x4a, 0x60, 0x08, 0x27, 0x42,
    0x44, 0x21, 0xc6, 0x39, 0xc6, 0x39, 0xa2, 0x10, 0xa6, 0x31, 0x64, 0x29,
    0xa5, 0x31, 0x40, 0x00, 0x27, 0x4a, 0xe7, 0x39, 0x85, 0x29, 0xa5, 0x31,
    0x20, 0x00, 0x03, 0x19, 0x24, 0x21, 0x40, 0x08, 0x60, 0x08, 0x60, 0x08,
    0x60, 0x08, 0x60, 0x08, 0x60, 0x08, 0x60, 0x08, 0x60, 0x08, 0x40, 0x00,
    0x65, 0x29, 0x00, 0x00, 0xcc, 0x5a, 0xa5, 0x18, 0x43, 0x10, 0x54, 0xa5,
    0x9a, 0xc6, 0x00, 0x00, 0x20, 0x00, 0x20, 0x00, 0x20, 0x00, 0x20, 0x00,
    0x20, 0x00, 0x20, 0x00, 0x20, 0x00, 0x20, 0x00, 0x20, 0x00, 0x20, 0x00,
    0x20, 0x00, 0x20, 0x00, 0x20, 0x00, 0x20, 0x00, 0x20, 0x00, 0x20, 0x00,
    0x20, 0x00, 0x20, 0x00, 0x20, 0x00, 0x20, 0x00, 0x20, 0x00, 0x20, 0x00,
    0x20, 0x00, 0x20, 0x00, 0x20, 0x00, 0x20, 0x00, 0x20, 0x00, 0x20, 0x00,
    0x20, 0x00, 0x20, 0x00, 0x20, 0x00, 0x20, 0x00, 0x20, 0x00, 0x20, 0x00,
    0x20, 0x00, 0x20, 0x00, 0x20, 0x00, 0x20, 0x00, 0x20, 0x00, 0x20, 0x00,
    0x20, 0x00, 0x20, 0x00, 0x20, 0x00, 0x20, 0x00, 0x20, 0x00, 0x00, 0x00,
    0x00, 0x00, 0x20, 0x00, 0x00, 0x00, 0x00, 0x00, 0x00, 0x00, 0x00, 0x00,
    0x00, 0x00, 0x00, 0x00, 0x00, 0x00, 0x20, 0x00, 0x20, 0x00, 0x20, 0x00,
    0x20, 0x00, 0x20, 0x00, 0x20, 0x00, 0x20, 0x00, 0x20, 0x00, 0x20, 0x00,
    0x20, 0x00, 0x00, 0x00, 0x07, 0x3a, 0x89, 0x52, 0x64, 0x29, 0x00, 0x00,
    0x00, 0x00, 0xa1, 0x10, 0x28, 0x42, 0xa2, 0x10, 0x86, 0x31, 0x07, 0x42,
    0x69, 0x4a, 0x44, 0x29, 0x89, 0x4a, 0x00, 0x00, 0xc2, 0x10, 0xc2, 0x10,
    0x00, 0x00, 0xc3, 0x18, 0x00, 0x00, 0xa2, 0x10, 0xc2, 0x18, 0x00, 0x00,
    0xc2, 0x10, 0xa2, 0x10, 0x00, 0x00, 0xc3, 0x18, 0x00, 0x00, 0xc2, 0x10,
    0xc2, 0x10, 0x00, 0x00, 0xc3, 0x18, 0x00, 0x00, 0xc2, 0x10, 0xc2, 0x10,
    0x00, 0x00, 0xc2, 0x18, 0x61, 0x08, 0x00, 0x00, 0xe3, 0x18, 0x00, 0x00,
    0x20, 0x00, 0x00, 0x00, 0x49, 0x4a, 0x27, 0x31, 0x01, 0x00, 0x53, 0xad,
    0x10, 0x84, 0xcf, 0x7b, 0x4c, 0x63, 0x00, 0x00, 0xba, 0xce, 0x92, 0x84,
    0x00, 0x00, 0x65, 0x29, 0x40, 0x00, 0x60, 0x08, 0x60, 0x08, 0x60, 0x08,
    0x60, 0x08, 0x60, 0x08, 0x60, 0x08, 0x60, 0x08, 0x60, 0x08, 0x60, 0x08,
    0x60, 0x08, 0x60, 0x08, 0x60, 0x08, 0x60, 0x08, 0x60, 0x08, 0x60, 0x08,
    0x60, 0x08, 0x60, 0x08, 0x60, 0x08, 0x60, 0x08, 0x60, 0x08, 0x60, 0x08,
    0x60, 0x08, 0x60, 0x08, 0x60, 0x08, 0x60, 0x08, 0x60, 0x08, 0x60, 0x08,
    0x60, 0x08, 0x60, 0x08, 0x60, 0x08, 0x40, 0x08, 0x64, 0x21, 0x20, 0x00,
    0x85, 0x29, 0x40, 0x00, 0x60, 0x08, 0x60, 0x08, 0x60, 0x08, 0x60, 0x08,
    0x60, 0x08, 0x60, 0x08, 0x20, 0x00, 0x40, 0x00, 0x60, 0x08, 0x20, 0x00,
    0x40, 0x08, 0x40, 0x08, 0x20, 0x00, 0x40, 0x08, 0x60, 0x08, 0x20, 0x00,
    0x20, 0x00, 0x40, 0x00, 0x40, 0x00, 0x20, 0x00, 0x40, 0x08, 0x20, 0x00,
    0x40, 0x00, 0x40, 0x00, 0x40, 0x00, 0x40, 0x08, 0x60, 0x08, 0x60, 0x08,
    0x40, 0x08, 0x60, 0x08, 0x60, 0x08, 0x60, 0x08, 0x60, 0x08, 0x60, 0x08,
    0x60, 0x08, 0x60, 0x08, 0x61, 0x00, 0x60, 0x08, 0x60, 0x08, 0x60, 0x08,
    0x60, 0x00, 0x40, 0x00, 0x40, 0x08, 0x60, 0x08, 0x60, 0x08, 0x40, 0x08,
    0x40, 0x00, 0x40, 0x00, 0x40, 0x08, 0x20, 0x00, 0x60, 0x08, 0x20, 0x00,
    0x40, 0x00, 0x40, 0x00, 0x20, 0x00, 0x60, 0x08, 0x40, 0x00, 0x40, 0x00,
    0x40, 0x00, 0x60, 0x08, 0x40, 0x00, 0x20, 0x00, 0x40, 0x08, 0x40, 0x00,
    0x60, 0x08, 0x40, 0x08, 0x40, 0x08, 0x60, 0x08, 0x60, 0x08, 0x60, 0x08,
    0x60, 0x08, 0x60, 0x08, 0x60, 0x08, 0x60, 0x08, 0x60, 0x08, 0x40, 0x00,
    0x85, 0x29, 0x00, 0x00, 0xcb, 0x5a, 0xa4, 0x18, 0x43, 0x10, 0x33, 0xa5,
    0x9a, 0xc6, 0x00, 0x00, 0x20, 0x00, 0x20, 0x00, 0x20, 0x00, 0x20, 0x00,
    0x20, 0x00, 0x20, 0x00, 0x20, 0x00, 0x20, 0x00, 0x20, 0x00, 0x20, 0x00,
    0x20, 0x00, 0x20, 0x00, 0x20, 0x00, 0x20, 0x00, 0x20, 0x00, 0x20, 0x00,
    0x20, 0x00, 0x20, 0x00, 0x20, 0x00, 0x20, 0x00, 0x20, 0x00, 0x20, 0x00,
    0x20, 0x00, 0x20, 0x00, 0x20, 0x00, 0x20, 0x00, 0x20, 0x00, 0x20, 0x00,
    0x20, 0x00, 0x20, 0x00, 0x20, 0x00, 0x20, 0x00, 0x20, 0x00, 0x20, 0x00,
    0x20, 0x00, 0x20, 0x00, 0x20, 0x00, 0x20, 0x00, 0x20, 0x00, 0x20, 0x00,
    0x20, 0x00, 0x20, 0x00, 0x20, 0x00, 0x20, 0x00, 0x20, 0x00, 0x20, 0x00,
    0x20, 0x00, 0x20, 0x00, 0x20, 0x00, 0x20, 0x00, 0x20, 0x00, 0x20, 0x00,
    0x20, 0x00, 0x20, 0x00, 0x20, 0x00, 0x20, 0x00, 0x20, 0x00, 0x20, 0x00,
    0x20, 0x00, 0x20, 0x00, 0x20, 0x00, 0x20, 0x00, 0x20, 0x00, 0x20, 0x00,
    0x20, 0x00, 0x00, 0x00, 0x07, 0x3a, 0x88, 0x52, 0x64, 0x29, 0x00, 0x00,
    0x20, 0x00, 0x40, 0x00, 0x03, 0x21, 0x41, 0x08, 0x07, 0x42, 0xca, 0x5a,
    0x0b, 0x63, 0xa6, 0x31, 0xae, 0x7b, 0xeb, 0x5a, 0x8d, 0x73, 0x8e, 0x73,
    0xeb, 0x5a, 0xae, 0x73, 0xeb, 0x5a, 0x8d, 0x6b, 0x8d, 0x73, 0xeb, 0x5a,
    0xae, 0x73, 0x8d, 0x73, 0xeb, 0x5a, 0xae, 0x73, 0xeb, 0x5a, 0x8d, 0x73,
    0x8d, 0x73, 0xeb, 0x5a, 0xae, 0x73, 0xeb, 0x5a, 0x8d, 0x73, 0x8e, 0x73,
    0xeb, 0x5a, 0xad, 0x73, 0x4d, 0x6b, 0x2c, 0x63, 0x0b, 0x5b, 0x00, 0x00,
    0x00, 0x00, 0x00, 0x00, 0x49, 0x4a, 0x27, 0x29, 0x00, 0x00, 0x53, 0xad,
    0x10, 0x84, 0xaf, 0x7b, 0x4b, 0x63, 0x00, 0x00, 0xba, 0xce, 0x91, 0x8c,
    0x00, 0x00, 0x85, 0x29, 0x40, 0x00, 0x60, 0x08, 0x60, 0x08, 0x60, 0x08,
    0x60, 0x08, 0x60, 0x08, 0x60, 0x08, 0x60, 0x08, 0x60, 0x08, 0x60, 0x08,
    0x60, 0x08, 0x60, 0x08, 0x60, 0x08, 0x60, 0x08, 0x60, 0x08, 0x60, 0x08,
    0x60, 0x08, 0x60, 0x08, 0x60, 0x08, 0x60, 0x08, 0x60, 0x08, 0x60, 0x08,
    0x60, 0x08, 0x60, 0x08, 0x60, 0x08, 0x60, 0x08, 0x60, 0x08, 0x60, 0x08,
    0x60, 0x08, 0x60, 0x08, 0x60, 0x08, 0x40, 0x08, 0x65, 0x29, 0x20, 0x00,
    0x85, 0x29, 0x20, 0x00, 0x40, 0x08, 0x40, 0x00, 0x40, 0x08, 0x40, 0x08,
    0x40, 0x00, 0x40, 0x08, 0x40, 0x08, 0x40, 0x00, 0x40, 0x08, 0x40, 0x00,
    0x20, 0x08, 0x40, 0x08, 0x40, 0x00, 0x40, 0x00, 0x40, 0x08, 0x40, 0x08,
    0x40, 0x00, 0x40, 0x08, 0x40, 0x08, 0x40, 0x08, 0x40, 0x08, 0x40, 0x08,
    0x40, 0x00, 0x40, 0x08, 0x40, 0x00, 0x40, 0x08, 0x40, 0x00, 0x40, 0x00,
    0x40, 0x00, 0x40, 0x00, 0x40, 0x08, 0x40, 0x08, 0x40, 0x00, 0x40, 0x08,
    0x60, 0x08, 0x40, 0x00, 0x40, 0x08, 0x40, 0x08, 0x40, 0x08, 0x40, 0x08,
    0x40, 0x08, 0x40, 0x08, 0x40, 0x00, 0x40, 0x08, 0x40, 0x08, 0x40, 0x08,
    0x40, 0x08, 0x40, 0x08, 0x40, 0x08, 0x40, 0x08, 0x40, 0x08, 0x40, 0x08,
    0x40, 0x08, 0x40, 0x08, 0x40, 0x08, 0x40, 0x08, 0x40, 0x08, 0x40, 0x08,
    0x40, 0x08, 0x40, 0x08, 0x40, 0x08, 0x40, 0x08, 0x40, 0x08, 0x40, 0x08,
    0x40, 0x08, 0x40, 0x08, 0x40, 0x00, 0x40, 0x08, 0x40, 0x00, 0x40, 0x08,
    0x40, 0x08, 0x40, 0x00, 0x40, 0x08, 0x40, 0x08, 0x40, 0x08, 0x20, 0x00,
    0x85, 0x29, 0x00, 0x00, 0xcb, 0x5a, 0xa5, 0x18, 0x43, 0x10, 0x34, 0x9d,
    0xba, 0xc6, 0x00, 0x00, 0x20, 0x00, 0x20, 0x00, 0x20, 0x00, 0x20, 0x00,
    0x20, 0x00, 0x20, 0x00, 0x20, 0x00, 0x20, 0x00, 0x20, 0x00, 0x20, 0x00,
    0x20, 0x00, 0x20, 0x00, 0x20, 0x00, 0x20, 0x00, 0x20, 0x00, 0x20, 0x00,
    0x20, 0x00, 0x20, 0x00, 0x20, 0x00, 0x20, 0x00, 0x20, 0x00, 0x20, 0x00,
    0x20, 0x00, 0x20, 0x00, 0x20, 0x00, 0x20, 0x00, 0x20, 0x00, 0x20, 0x00,
    0x20, 0x00, 0x20, 0x00, 0x20, 0x00, 0x20, 0x00, 0x20, 0x00, 0x20, 0x00,
    0x20, 0x00, 0x20, 0x00, 0x20, 0x00, 0x20, 0x00, 0x20, 0x00, 0x20, 0x00,
    0x20, 0x00, 0x20, 0x00, 0x20, 0x00, 0x20, 0x00, 0x20, 0x00, 0x20, 0x00,
    0x20, 0x00, 0x20, 0x00, 0x20, 0x00, 0x20, 0x00, 0x20, 0x00, 0x20, 0x00,
    0x20, 0x00, 0x20, 0x00, 0x20, 0x00, 0x20, 0x00, 0x20, 0x00, 0x20, 0x00,
    0x20, 0x00, 0x20, 0x00, 0x20, 0x00, 0x20, 0x00, 0x20, 0x00, 0x20, 0x00,
    0x20, 0x00, 0x00, 0x00, 0x07, 0x3a, 0x89, 0x52, 0x64, 0x29, 0x20, 0x00,
    0x00, 0x00, 0xc3, 0x18, 0x20, 0x00, 0x00, 0x00, 0xa2, 0x10, 0x81, 0x08,
    0xa6, 0x31, 0x65, 0x29, 0xc6, 0x31, 0x00, 0x00, 0xc2, 0x18, 0xc2, 0x10,
    0x00, 0x00, 0xc2, 0x18, 0x00, 0x00, 0xa2, 0x10, 0xc2, 0x18, 0x00, 0x00,
    0xc2, 0x10, 0xa2, 0x10, 0x00, 0x00, 0xe2, 0x18, 0x00, 0x00, 0xc2, 0x10,
    0xc2, 0x18, 0x00, 0x00, 0xc2, 0x18, 0x00, 0x00, 0xc2, 0x10, 0xc2, 0x18,
    0x00, 0x00, 0xc2, 0x10, 0x61, 0x08, 0x00, 0x00, 0xe3, 0x18, 0x00, 0x00,
    0x20, 0x00, 0x00, 0x00, 0x49, 0x4a, 0x27, 0x29, 0x01, 0x00, 0x53, 0xa5,
    0x10, 0x84, 0xaf, 0x7b, 0x4c, 0x63, 0x00, 0x00, 0xba, 0xce, 0x92, 0x84,
    0x00, 0x00, 0x85, 0x29, 0x20, 0x00, 0x60, 0x08, 0x60, 0x08, 0x60, 0x08,
    0x60, 0x08, 0x60, 0x08, 0x60, 0x08, 0x60, 0x08, 0x60, 0x08, 0x60, 0x08,
    0x60, 0x08, 0x60, 0x08, 0x60, 0x08, 0x60, 0x08, 0x60, 0x08, 0x60, 0x08,
    0x60, 0x08, 0x60, 0x08, 0x60, 0x08, 0x60, 0x08, 0x60, 0x08, 0x60, 0x08,
    0x60, 0x08, 0x60, 0x08, 0x60, 0x08, 0x60, 0x08, 0x60, 0x08, 0x60, 0x08,
    0x60, 0x08, 0x60, 0x08, 0x60, 0x08, 0x40, 0x00, 0x65, 0x29, 0x20, 0x00,
    0x85, 0x29, 0x40, 0x08, 0x20, 0x08, 0xc3, 0x18, 0x40, 0x00, 0x41, 0x00,
    0x60, 0x00, 0x40, 0x00, 0x40, 0x08, 0xa3, 0x10, 0x82, 0x10, 0x40, 0x00,
    0xc3, 0x18, 0x40, 0x00, 0x40, 0x00, 0x03, 0x19, 0x20, 0x08, 0x81, 0x08,
    0xc2, 0x10, 0x60, 0x08, 0x40, 0x08, 0x40, 0x00, 0x61, 0x08, 0xc2, 0x08,
    0xa2, 0x18, 0x40, 0x00, 0xe3, 0x18, 0x40, 0x00, 0xa1, 0x10, 0x40, 0x08,
    0x60, 0x00, 0x44, 0x21, 0x20, 0x08, 0x60, 0x00, 0x40, 0x00, 0x40, 0x00,
    0x40, 0x00, 0x40, 0x00, 0x40, 0x00, 0x40, 0x00, 0x40, 0x00, 0x40, 0x00,
    0x40, 0x00, 0x40, 0x00, 0x40, 0x00, 0x40, 0x00, 0x20, 0x00, 0x40, 0x00,
    0x40, 0x00, 0x40, 0x00, 0x40, 0x00, 0x40, 0x00, 0x40, 0x00, 0x40, 0x00,
    0x40, 0x00, 0x40, 0x00, 0x40, 0x00, 0x20, 0x00, 0x40, 0x00, 0x20, 0x00,
    0x40, 0x00, 0x40, 0x00, 0x20, 0x00, 0x40, 0x00, 0x40, 0x00, 0x40, 0x00,
    0x20, 0x00, 0x40, 0x00, 0x40, 0x00, 0x40, 0x00, 0x20, 0x00, 0x40, 0x00,
    0x40, 0x00, 0x40, 0x00, 0x40, 0x00, 0x40, 0x00, 0x20, 0x00, 0x20, 0x00,
    0x85, 0x29, 0x00, 0x00, 0xcc, 0x5a, 0xa5, 0x20, 0x43, 0x10, 0x54, 0x9d,
    0x9a, 0xc6, 0x00, 0x00, 0x20, 0x00, 0x20, 0x00, 0x20, 0x00, 0x20, 0x00,
    0x20, 0x00, 0x20, 0x00, 0x20, 0x00, 0x20, 0x00, 0x20, 0x00, 0x20, 0x00,
    0x20, 0x00, 0x20, 0x00, 0x20, 0x00, 0x20, 0x00, 0x20, 0x00, 0x20, 0x00,
    0x20, 0x00, 0x20, 0x00, 0x20, 0x00, 0x20, 0x00, 0x20, 0x00, 0x20, 0x00,
    0x20, 0x00, 0x20, 0x00, 0x20, 0x00, 0x20, 0x00, 0x20, 0x00, 0x20, 0x00,
    0x20, 0x00, 0x20, 0x00, 0x20, 0x00, 0x20, 0x00, 0x20, 0x00, 0x20, 0x00,
    0x20, 0x00, 0x20, 0x00, 0x20, 0x00, 0x20, 0x00, 0x20, 0x00, 0x20, 0x00,
    0x20, 0x00, 0x20, 0x00, 0x20, 0x00, 0x20, 0x00, 0x20, 0x00, 0x20, 0x00,
    0x20, 0x00, 0x20, 0x00, 0x20, 0x00, 0x20, 0x00, 0x20, 0x00, 0x20, 0x00,
    0x20, 0x00, 0x20, 0x00, 0x20, 0x00, 0x20, 0x00, 0x20, 0x00, 0x20, 0x00,
    0x20, 0x00, 0x20, 0x00, 0x20, 0x00, 0x20, 0x00, 0x20, 0x00, 0x20, 0x00,
    0x20, 0x00, 0x00, 0x00, 0x07, 0x42, 0x89, 0x52, 0x64, 0x29, 0x00, 0x00,
    0x00, 0x00, 0x4c, 0x6b, 0x24, 0x21, 0x00, 0x00, 0x20, 0x00, 0x00, 0x00,
    0x00, 0x00, 0x00, 0x00, 0x03, 0x19, 0x00, 0x00, 0x03, 0x21, 0x03, 0x19,
    0x00, 0x00, 0x23, 0x21, 0x00, 0x00, 0xe3, 0x18, 0x03, 0x19, 0x00, 0x00,
    0x03, 0x21, 0xe3, 0x18, 0x00, 0x00, 0x24, 0x21, 0x00, 0x00, 0x03, 0x21,
    0x03, 0x19, 0x00, 0x00, 0x24, 0x21, 0x00, 0x00, 0x03, 0x21, 0x03, 0x19,
    0x00, 0x00, 0x03, 0x21, 0xa2, 0x10, 0x40, 0x00, 0x03, 0x21, 0x00, 0x00,
    0x20, 0x00, 0x00, 0x00, 0x49, 0x4a, 0x27, 0x29, 0x01, 0x00, 0x53, 0xad,
    0x10, 0x84, 0xaf, 0x7b, 0x4b, 0x63, 0x00, 0x00, 0xba, 0xce, 0x91, 0x84,
    0x00, 0x00, 0x85, 0x29, 0x40, 0x00, 0x60, 0x08, 0x60, 0x08, 0x60, 0x08,
    0x60, 0x08, 0x60, 0x08, 0x60, 0x08, 0x60, 0x08, 0x60, 0x08, 0x60, 0x08,
    0x60, 0x08, 0x60, 0x08, 0x60, 0x08, 0x60, 0x08, 0x60, 0x08, 0x60, 0x08,
    0x60, 0x08, 0x60, 0x08, 0x60, 0x08, 0x60, 0x08, 0x60, 0x08, 0x60, 0x08,
    0x60, 0x08, 0x60, 0x08, 0x60, 0x08, 0x60, 0x08, 0x60, 0x08, 0x60, 0x08,
    0x60, 0x08, 0x60, 0x08, 0x60, 0x08, 0x40, 0x08, 0x65, 0x21, 0x20, 0x00,
    0x64, 0x29, 0xe3, 0x10, 0x45, 0x21, 0xa4, 0x18, 0xe4, 0x10, 0xc4, 0x18,
    0x04, 0x19, 0x05, 0x19, 0x81, 0x10, 0xe4, 0x20, 0x43, 0x08, 0xe4, 0x18,
    0x05, 0x21, 0xe4, 0x10, 0xe4, 0x20, 0x64, 0x21, 0xa4, 0x10, 0x44, 0x19,
    0x03, 0x19, 0x04, 0x19, 0x04, 0x19, 0x45, 0x21, 0x00, 0x08, 0x66, 0x21,
    0x40, 0x08, 0xe3, 0x10, 0x04, 0x21, 0x24, 0x21, 0x44, 0x21, 0x83, 0x10,
    0x03, 0x11, 0x86, 0x29, 0xe4, 0x18, 0x03, 0x19, 0x28, 0x3a, 0x08, 0x3a,
    0x08, 0x32, 0x08, 0x3a, 0x08, 0x32, 0x28, 0x3a, 0x07, 0x3a, 0x08, 0x32,
    0x28, 0x3a, 0x08, 0x3a, 0x08, 0x32, 0x28, 0x3a, 0x08, 0x32, 0x08, 0x32,
    0x28, 0x3a, 0x08, 0x32, 0x08, 0x32, 0x08, 0x3a, 0x28, 0x32, 0x08, 0x32,
    0x08, 0x3a, 0x28, 0x32, 0x08, 0x32, 0x28, 0x3a, 0x28, 0x32, 0x08, 0x3a,
    0x08, 0x32, 0x28, 0x3a, 0x08, 0x32, 0x28, 0x32, 0x08, 0x3a, 0x08, 0x32,
    0x28, 0x32, 0x08, 0x3a, 0x28, 0x3a, 0x08, 0x32, 0x28, 0x3a, 0x08, 0x3a,
    0x08, 0x32, 0x28, 0x3a, 0x08, 0x3a, 0x28, 0x3a, 0x28, 0x3a, 0xe2, 0x18,
    0x64, 0x21, 0x00, 0x00, 0xcb, 0x5a, 0xa5, 0x18, 0x43, 0x10, 0x33, 0x9d,
    0x9a, 0xce, 0x00, 0x00, 0x20, 0x00, 0x20, 0x00, 0x20, 0x00, 0x20, 0x00,
    0x20, 0x00, 0x20, 0x00, 0x20, 0x00, 0x20, 0x00, 0x20, 0x00, 0x20, 0x00,
    0x20, 0x00, 0x20, 0x00, 0x20, 0x00, 0x20, 0x00, 0x20, 0x00, 0x20, 0x00,
    0x20, 0x00, 0x20, 0x00, 0x20, 0x00, 0x20, 0x00, 0x20, 0x00, 0x20, 0x00,
    0x20, 0x00, 0x20, 0x00, 0x20, 0x00, 0x20, 0x00, 0x20, 0x00, 0x20, 0x00,
    0x20, 0x00, 0x20, 0x00, 0x20, 0x00, 0x20, 0x00, 0x20, 0x00, 0x20, 0x00,
    0x20, 0x00, 0x20, 0x00, 0x20, 0x00, 0x20, 0x00, 0x20, 0x00, 0x20, 0x00,
    0x20, 0x00, 0x20, 0x00, 0x20, 0x00, 0x20, 0x00, 0x20, 0x00, 0x20, 0x00,
    0x20, 0x00, 0x20, 0x00, 0x20, 0x00, 0x20, 0x00, 0x20, 0x00, 0x20, 0x00,
    0x20, 0x00, 0x20, 0x00, 0x20, 0x00, 0x20, 0x00, 0x20, 0x00, 0x20, 0x00,
    0x20, 0x00, 0x20, 0x00, 0x20, 0x00, 0x20, 0x00, 0x20, 0x00, 0x20, 0x00,
    0x20, 0x00, 0x00, 0x00, 0x07, 0x3a, 0x88, 0x52, 0x64, 0x29, 0x00, 0x00,
    0x00, 0x00, 0x07, 0x3a, 0x24, 0x21, 0x00, 0x00, 0x20, 0x00, 0x00, 0x00,
    0x00, 0x00, 0x00, 0x00, 0x03, 0x21, 0x00, 0x00, 0x03, 0x19, 0x03, 0x21,
    0x00, 0x00, 0x24, 0x21, 0x00, 0x00, 0xe3, 0x18, 0x03, 0x21, 0x00, 0x00,
    0x03, 0x19, 0xe3, 0x18, 0x00, 0x00, 0x24, 0x21, 0x00, 0x00, 0x03, 0x19,
    0x03, 0x21, 0x00, 0x00, 0x24, 0x21, 0x00, 0x00, 0x03, 0x19, 0x03, 0x21,
    0x00, 0x00, 0x03, 0x21, 0xa2, 0x10, 0x41, 0x00, 0x23, 0x21, 0x00, 0x00,
    0x20, 0x00, 0x00, 0x00, 0x49, 0x4a, 0x27, 0x29, 0x01, 0x00, 0x53, 0xad,
    0x10, 0x84, 0xcf, 0x7b, 0x4b, 0x6b, 0x00, 0x00, 0xba, 0xce, 0x92, 0x8c,
    0x00, 0x00, 0x85, 0x29, 0x40, 0x00, 0x60, 0x08, 0x60, 0x08, 0x60, 0x08,
    0x60, 0x08, 0x60, 0x08, 0x60, 0x08, 0x60, 0x08, 0x60, 0x08, 0x60, 0x08,
    0x60, 0x08, 0x60, 0x08, 0x60, 0x08, 0x60, 0x08, 0x60, 0x08, 0x60, 0x08,
    0x60, 0x08, 0x60, 0x08, 0x60, 0x08, 0x60, 0x08, 0x60, 0x08, 0x60, 0x08,
    0x60, 0x08, 0x60, 0x08, 0x60, 0x08, 0x60, 0x08, 0x60, 0x08, 0x60, 0x08,
    0x60, 0x08, 0x60, 0x08, 0x60, 0x08, 0x40, 0x08, 0x65, 0x21, 0x20, 0x00,
    0x64, 0x21, 0x64, 0x21, 0x42, 0x00, 0x26, 0x21, 0x25, 0x21, 0xc4, 0x18,
    0x66, 0x29, 0xe4, 0x18, 0x40, 0x00, 0xe5, 0x20, 0xc4, 0x18, 0x46, 0x21,
    0x66, 0x31, 0x83, 0x08, 0x25, 0x21, 0x65, 0x21, 0x46, 0x21, 0x24, 0x21,
    0xe4, 0x18, 0x05, 0x19, 0x26, 0x21, 0x25, 0x21, 0x20, 0x00, 0x26, 0x29,
    0xa2, 0x18, 0xe3, 0x10, 0x25, 0x19, 0x44, 0x19, 0x04, 0x19, 0xe4, 0x10,
    0x44, 0x19, 0xa6, 0x29, 0x05, 0x19, 0x80, 0x10, 0x20, 0x00, 0x40, 0x00,
    0x40, 0x08, 0x20, 0x00, 0x40, 0x00, 0x20, 0x08, 0x20, 0x00, 0x40, 0x00,
    0x20, 0x00, 0x20, 0x00, 0x40, 0x00, 0x20, 0x00, 0x40, 0x00, 0x40, 0x00,
    0x20, 0x00, 0x20, 0x00, 0x40, 0x00, 0x20, 0x00, 0x20, 0x00, 0x40, 0x00,
    0x20, 0x00, 0x20, 0x00, 0x20, 0x00, 0x40, 0x00, 0x20, 0x00, 0x40, 0x00,
    0x20, 0x00, 0x40, 0x00, 0x20, 0x00, 0x20, 0x00, 0x40, 0x00, 0x40, 0x00,
    0x20, 0x00, 0x20, 0x00, 0x40, 0x00, 0x20, 0x00, 0x40, 0x00, 0x20, 0x00,
    0x40, 0x00, 0x20, 0x00, 0x20, 0x00, 0x40, 0x00, 0x20, 0x00, 0x64, 0x21,
    0x64, 0x29, 0x00, 0x00, 0xcc, 0x5a, 0xa4, 0x18, 0x43, 0x10, 0x33, 0x9d,
    0x9a, 0xce, 0x00, 0x00, 0x20, 0x00, 0x20, 0x00, 0x20, 0x00, 0x20, 0x00,
    0x20, 0x00, 0x20, 0x00, 0x20, 0x00, 0x20, 0x00, 0x20, 0x00, 0x20, 0x00,
    0x20, 0x00, 0x20, 0x00, 0x20, 0x00, 0x20, 0x00, 0x20, 0x00, 0x20, 0x00,
    0x20, 0x00, 0x20, 0x00, 0x20, 0x00, 0x20, 0x00, 0x20, 0x00, 0x20, 0x00,
    0x20, 0x00, 0x20, 0x00, 0x20, 0x00, 0x20, 0x00, 0x20, 0x00, 0x20, 0x00,
    0x20, 0x00, 0x20, 0x00, 0x20, 0x00, 0x20, 0x00, 0x20, 0x00, 0x20, 0x00,
    0x20, 0x00, 0x20, 0x00, 0x20, 0x00, 0x20, 0x00, 0x20, 0x00, 0x20, 0x00,
    0x20, 0x00, 0x20, 0x00, 0x20, 0x00, 0x20, 0x00, 0x20, 0x00, 0x20, 0x00,
    0x20, 0x00, 0x20, 0x00, 0x20, 0x00, 0x20, 0x00, 0x20, 0x00, 0x20, 0x00,
    0x20, 0x00, 0x20, 0x00, 0x20, 0x00, 0x20, 0x00, 0x20, 0x00, 0x20, 0x00,
    0x20, 0x00, 0x20, 0x00, 0x20, 0x00, 0x20, 0x00, 0x20, 0x00, 0x20, 0x00,
    0x20, 0x00, 0x00, 0x00, 0x07, 0x3a, 0x89, 0x52, 0x64, 0x29, 0x20, 0x00,
    0x20, 0x00, 0x00, 0x00, 0x00, 0x00, 0x00, 0x00, 0x61, 0x08, 0x86, 0x31,
    0xc7, 0x39, 0xe3, 0x18, 0xe7, 0x39, 0x00, 0x00, 0xc2, 0x10, 0xc2, 0x10,
    0x00, 0x00, 0xc3, 0x18, 0x00, 0x00, 0xa2, 0x10, 0xc2, 0x10, 0x00, 0x00,
    0xc2, 0x10, 0xa2, 0x10, 0x00, 0x00, 0xc2, 0x18, 0x00, 0x00, 0xc2, 0x10,
    0xc2, 0x10, 0x00, 0x00, 0xc2, 0x18, 0x00, 0x00, 0xc2, 0x10, 0xc2, 0x10,
    0x00, 0x00, 0xc2, 0x18, 0x61, 0x08, 0x00, 0x00, 0xe3, 0x18, 0x00, 0x00,
    0x20, 0x00, 0x00, 0x00, 0x49, 0x4a, 0x27, 0x31, 0x00, 0x00, 0x54, 0xa5,
    0x10, 0x84, 0xaf, 0x7b, 0x4c, 0x63, 0x00, 0x00, 0xba, 0xce, 0x91, 0x84,
    0x00, 0x00, 0x65, 0x29, 0x40, 0x00, 0x60, 0x08, 0x60, 0x08, 0x60, 0x08,
    0x60, 0x08, 0x60, 0x08, 0x60, 0x08, 0x60, 0x08, 0x60, 0x08, 0x60, 0x08,
    0x60, 0x08, 0x60, 0x08, 0x60, 0x08, 0x60, 0x08, 0x60, 0x08, 0x60, 0x08,
    0x60, 0x08, 0x60, 0x08, 0x60, 0x08, 0x60, 0x08, 0x60, 0x08, 0x60, 0x08,
    0x60, 0x08, 0x60, 0x08, 0x60, 0x08, 0x60, 0x08, 0x60, 0x08, 0x60, 0x08,
    0x60, 0x08, 0x60, 0x08, 0x60, 0x08, 0x40, 0x00, 0x65, 0x21, 0x20, 0x00,
    0x64, 0x29, 0x64, 0x21, 0x20, 0x08, 0x82, 0x08, 0x41, 0x08, 0x62, 0x08,
    0x82, 0x00, 0x41, 0x08, 0x60, 0x08, 0x62, 0x00, 0x42, 0x08, 0x82, 0x00,
    0x41, 0x08, 0x82, 0x08, 0x82, 0x00, 0x81, 0x08, 0x62, 0x08, 0x41, 0x08,
    0x82, 0x08, 0x81, 0x00, 0x41, 0x08, 0x62, 0x08, 0x60, 0x08, 0x61, 0x08,
    0x61, 0x10, 0x81, 0x00, 0x61, 0x08, 0x82, 0x08, 0x61, 0x08, 0x82, 0x08,
    0x81, 0x08, 0x81, 0x08, 0x81, 0x10, 0x60, 0x08, 0x60, 0x08, 0x60, 0x08,
    0x60, 0x08, 0x60, 0x08, 0x60, 0x08, 0x60, 0x08, 0x60, 0x08, 0x60, 0x08,
    0x60, 0x08, 0x60, 0x08, 0x60, 0x08, 0x60, 0x08, 0x60, 0x08, 0x60, 0x08,
    0x60, 0x08, 0x60, 0x08, 0x60, 0x08, 0x60, 0x08, 0x60, 0x08, 0x60, 0x08,
    0x60, 0x08, 0x60, 0x08, 0x60, 0x08, 0x60, 0x08, 0x60, 0x08, 0x60, 0x08,
    0x60, 0x08, 0x60, 0x08, 0x60, 0x08, 0x60, 0x08, 0x60, 0x08, 0x60, 0x08,
    0x60, 0x08, 0x60, 0x08, 0x60, 0x08, 0x60, 0x08, 0x60, 0x08, 0x60, 0x08,
    0x60, 0x08, 0x60, 0x08, 0x60, 0x08, 0x60, 0x08, 0x40, 0x08, 0x64, 0x21,
    0x64, 0x21, 0x00, 0x00, 0xcc, 0x62, 0xa5, 0x18, 0x43, 0x10, 0x54, 0x9d,
    0x9a, 0xc6, 0x00, 0x00, 0x20, 0x00, 0x20, 0x00, 0x20, 0x00, 0x20, 0x00,
    0x20, 0x00, 0x20, 0x00, 0x20, 0x00, 0x20, 0x00, 0x20, 0x00, 0x20, 0x00,
    0x20, 0x00, 0x20, 0x00, 0x20, 0x00, 0x20, 0x00, 0x20, 0x00, 0x20, 0x00,
    0x20, 0x00, 0x20, 0x00, 0x20, 0x00, 0x20, 0x00, 0x20, 0x00, 0x20, 0x00,
    0x20, 0x00, 0x20, 0x00, 0x20, 0x00, 0x20, 0x00, 0x20, 0x00, 0x20, 0x00,
    0x20, 0x00, 0x20, 0x00, 0x20, 0x00, 0x20, 0x00, 0x20, 0x00, 0x20, 0x00,
    0x20, 0x00, 0x20, 0x00, 0x20, 0x00, 0x20, 0x00, 0x20, 0x00, 0x20, 0x00,
    0x20, 0x00, 0x20, 0x00, 0x20, 0x00, 0x20, 0x00, 0x20, 0x00, 0x20, 0x00,
    0x20, 0x00, 0x20, 0x00, 0x20, 0x00, 0x20, 0x00, 0x20, 0x00, 0x20, 0x00,
    0x20, 0x00, 0x20, 0x00, 0x20, 0x00, 0x20, 0x00, 0x20, 0x00, 0x20, 0x00,
    0x20, 0x00, 0x20, 0x00, 0x20, 0x00, 0x20, 0x00, 0x20, 0x00, 0x20, 0x00,
    0x20, 0x00, 0x00, 0x00, 0x07, 0x3a, 0x89, 0x52, 0x64, 0x29, 0x00, 0x00,
    0x00, 0x00, 0x61, 0x08, 0xc6, 0x31, 0x00, 0x00, 0xc3, 0x18, 0xf3, 0x9c,
    0x68, 0x4a, 0x24, 0x21, 0x71, 0x8c, 0xcb, 0x5a, 0x8d, 0x73, 0x8e, 0x73,
    0xeb, 0x5a, 0xad, 0x73, 0xeb, 0x5a, 0x8d, 0x73, 0x8d, 0x73, 0xeb, 0x5a,
    0xae, 0x73, 0x8d, 0x73, 0xeb, 0x5a, 0xae, 0x73, 0xeb, 0x5a, 0x8d, 0x73,
    0x8e, 0x73, 0xeb, 0x5a, 0xae, 0x73, 0xeb, 0x5a, 0x8d, 0x73, 0x8e, 0x73,
    0xeb, 0x5a, 0xae, 0x73, 0x6d, 0x6b, 0x2c, 0x63, 0x0b, 0x63, 0x00, 0x00,
    0x20, 0x00, 0x00, 0x00, 0x49, 0x4a, 0x27, 0x29, 0x01, 0x00, 0x53, 0xad,
    0x10, 0x84, 0xaf, 0x7b, 0x4b, 0x63, 0x00, 0x00, 0xba, 0xce, 0x92, 0x84,
    0x00, 0x00, 0x85, 0x29, 0x20, 0x08, 0x60, 0x08, 0x60, 0x08, 0x60, 0x08,
    0x60, 0x08, 0x60, 0x08, 0x60, 0x08, 0x60, 0x08, 0x60, 0x08, 0x60, 0x08,
    0x60, 0x08, 0x60, 0x08, 0x60, 0x08, 0x60, 0x08, 0x60, 0x08, 0x60, 0x08,
    0x60, 0x08, 0x60, 0x08, 0x60, 0x08, 0x60, 0x08, 0x60, 0x08, 0x60, 0x08,
    0x60, 0x08, 0x60, 0x08, 0x60, 0x08, 0x60, 0x08, 0x60, 0x08, 0x60, 0x08,
    0x60, 0x08, 0x60, 0x08, 0x60, 0x08, 0x40, 0x08, 0x65, 0x21, 0x20, 0x00,
    0x64, 0x29, 0x64, 0x21, 0x40, 0x08, 0x60, 0x08, 0x40, 0x00, 0x60, 0x08,
    0x40, 0x08, 0x40, 0x08, 0x60, 0x08, 0x60, 0x08, 0x60, 0x08, 0x60, 0x08,
    0x60, 0x08, 0x60, 0x08, 0x60, 0x08, 0x60, 0x08, 0x60, 0x08, 0x60, 0x08,
    0x60, 0x08, 0x60, 0x08, 0x60, 0x08, 0x60, 0x08, 0x60, 0x08, 0x60, 0x08,
    0x60, 0x08, 0x60, 0x08, 0x60, 0x08, 0x60, 0x08, 0x60, 0x08, 0x60, 0x08,
    0x60, 0x08, 0x60, 0x08, 0x60, 0x08, 0x60, 0x08, 0x60, 0x08, 0x60, 0x08,
    0x60, 0x08, 0x60, 0x08, 0x60, 0x08, 0x60, 0x08, 0x60, 0x08, 0x60, 0x08,
    0x60, 0x08, 0x60, 0x08, 0x60, 0x08, 0x60, 0x08, 0x60, 0x08, 0x60, 0x08,
    0x60, 0x08, 0x60, 0x08, 0x60, 0x08, 0x60, 0x08, 0x60, 0x08, 0x60, 0x08,
    0x60, 0x08, 0x60, 0x08, 0x60, 0x08, 0x60, 0x08, 0x60, 0x08, 0x60, 0x08,
    0x60, 0x08, 0x60, 0x08, 0x60, 0x08, 0x60, 0x08, 0x60, 0x08, 0x60, 0x08,
    0x60, 0x08, 0x60, 0x08, 0x60, 0x08, 0x60, 0x08, 0x60, 0x08, 0x60, 0x08,
    0x60, 0x08, 0x60, 0x08, 0x40, 0x00, 0x40, 0x08, 0x40, 0x00, 0x64, 0x21,
    0x64, 0x29, 0x00, 0x00, 0xcc, 0x5a, 0xa5, 0x18, 0x43, 0x10, 0x33, 0xa5,
    0xba, 0xc6, 0x00, 0x00, 0x20, 0x00, 0x20, 0x00, 0x20, 0x00, 0x20, 0x00,
    0x20, 0x00, 0x20, 0x00, 0x20, 0x00, 0x20, 0x00, 0x20, 0x00, 0x20, 0x00,
    0x20, 0x00, 0x20, 0x00, 0x20, 0x00, 0x20, 0x00, 0x20, 0x00, 0x20, 0x00,
    0x20, 0x00, 0x20, 0x00, 0x20, 0x00, 0x20, 0x00, 0x20, 0x00, 0x20, 0x00,
    0x20, 0x00, 0x20, 0x00, 0x20, 0x00, 0x20, 0x00, 0x20, 0x00, 0x20, 0x00,
    0x20, 0x00, 0x20, 0x00, 0x20, 0x00, 0x20, 0x00, 0x20, 0x00, 0x20, 0x00,
    0x20, 0x00, 0x20, 0x00, 0x20, 0x00, 0x20, 0x00, 0x20, 0x00, 0x20, 0x00,
    0x20, 0x00, 0x20, 0x00, 0x20, 0x00, 0x20, 0x00, 0x20, 0x00, 0x20, 0x00,
    0x20, 0x00, 0x20, 0x00, 0x20, 0x00, 0x20, 0x00, 0x20, 0x00, 0x20, 0x00,
    0x20, 0x00, 0x20, 0x00, 0x20, 0x00, 0x20, 0x00, 0x20, 0x00, 0x20, 0x00,
    0x20, 0x00, 0x20, 0x00, 0x20, 0x00, 0x20, 0x00, 0x20, 0x00, 0x20, 0x00,
    0x20, 0x00, 0x00, 0x00, 0x07, 0x42, 0x88, 0x52, 0x64, 0x29, 0x00, 0x00,
    0x00, 0x00, 0xa1, 0x10, 0x48, 0x42, 0x00, 0x00, 0xa2, 0x10, 0x69, 0x4a,
    0x48, 0x4a, 0xc6, 0x31, 0x48, 0x4a, 0x00, 0x00, 0xc2, 0x10, 0xc2, 0x10,
    0x00, 0x00, 0xc3, 0x18, 0x00, 0x00, 0xa2, 0x10, 0xc2, 0x18, 0x00, 0x00,
    0xc2, 0x10, 0xa2, 0x10, 0x00, 0x00, 0xe3, 0x18, 0x00, 0x00, 0xc2, 0x10,
    0xc2, 0x18, 0x00, 0x00, 0xc2, 0x18, 0x00, 0x00, 0xc2, 0x10, 0xc2, 0x18,
    0x00, 0x00, 0xc2, 0x10, 0x61, 0x08, 0x00, 0x00, 0xe3, 0x18, 0x00, 0x00,
    0x00, 0x00, 0x00, 0x00, 0x49, 0x4a, 0x27, 0x29, 0x01, 0x00, 0x53, 0xad,
    0x10, 0x84, 0xaf, 0x7b, 0x4c, 0x63, 0x00, 0x00, 0xba, 0xce, 0x91, 0x8c,
    0x00, 0x00, 0x85, 0x29, 0x40, 0x00, 0x60, 0x08, 0x60, 0x08, 0x60, 0x08,
    0x60, 0x08, 0x60, 0x08, 0x60, 0x08, 0x60, 0x08, 0x60, 0x08, 0x60, 0x08,
    0x60, 0x08, 0x60, 0x08, 0x60, 0x08, 0x60, 0x08, 0x60, 0x08, 0x60, 0x08,
    0x60, 0x08, 0x60, 0x08, 0x60, 0x08, 0x60, 0x08, 0x60, 0x08, 0x60, 0x08,
    0x60, 0x08, 0x60, 0x08, 0x60, 0x08, 0x60, 0x08, 0x60, 0x08, 0x60, 0x08,
    0x60, 0x08, 0x60, 0x08, 0x60, 0x08, 0x40, 0x08, 0x65, 0x21, 0x20, 0x00,
    0x64, 0x29, 0x64, 0x21, 0x00, 0x00, 0x00, 0x00, 0x03, 0x21, 0x60, 0x08,
    0xe2, 0x18, 0x80, 0x08, 0x40, 0x00, 0x40, 0x08, 0x40, 0x08, 0x60, 0x08,
    0x60, 0x08, 0x60, 0x08, 0x40, 0x00, 0x40, 0x08, 0x60, 0x08, 0x60, 0x08,
    0x40, 0x00, 0x40, 0x00, 0x40, 0x08, 0x60, 0x08, 0x60, 0x08, 0x60, 0x08,
    0x60, 0x08, 0x60, 0x08, 0x40, 0x08, 0x40, 0x00, 0x60, 0x08, 0x60, 0x08,
    0x60, 0x08, 0x60, 0x08, 0x60, 0x08, 0x40, 0x08, 0x40, 0x08, 0x40, 0x08,
    0x60, 0x08, 0x60, 0x08, 0x60, 0x08, 0x60, 0x08, 0x60, 0x08, 0x60, 0x08,
    0x60, 0x08, 0x60, 0x08, 0x60, 0x08, 0x60, 0x08, 0x60, 0x08, 0x60, 0x08,
    0x60, 0x08, 0x60, 0x08, 0x60, 0x08, 0x60, 0x08, 0x60, 0x08, 0x60, 0x08,
    0x60, 0x08, 0x60, 0x08, 0x60, 0x08, 0x60, 0x08, 0x60, 0x08, 0x60, 0x08,
    0x60, 0x08, 0x80, 0x08, 0x80, 0x10, 0x81, 0x10, 0x81, 0x10, 0x81, 0x10,
    0x81, 0x10, 0x81, 0x10, 0x81, 0x10, 0x81, 0x10, 0x81, 0x10, 0x81, 0x10,
    0x81, 0x10, 0x80, 0x08, 0x64, 0x29, 0xc5, 0x31, 0xa2, 0x10, 0x44, 0x21,
    0x64, 0x29, 0x00, 0x00, 0xcc, 0x5a, 0xa4, 0x18, 0x43, 0x10, 0x33, 0x9d,
    0x9a, 0xce, 0x00, 0x00, 0x20, 0x00, 0x20, 0x00, 0x20, 0x00, 0x20, 0x00,
    0x20, 0x00, 0x20, 0x00, 0x20, 0x00, 0x20, 0x00, 0x20, 0x00, 0x20, 0x00,
    0x20, 0x00, 0x20, 0x00, 0x20, 0x00, 0x20, 0x00, 0x20, 0x00, 0x20, 0x00,
    0x20, 0x00, 0x20, 0x00, 0x20, 0x00, 0x20, 0x00, 0x20, 0x00, 0x20, 0x00,
    0x20, 0x00, 0x20, 0x00, 0x20, 0x00, 0x20, 0x00, 0x20, 0x00, 0x20, 0x00,
    0x20, 0x00, 0x20, 0x00, 0x20, 0x00, 0x20, 0x00, 0x20, 0x00, 0x20, 0x00,
    0x20, 0x00, 0x20, 0x00, 0x20, 0x00, 0x20, 0x00, 0x20, 0x00, 0x20, 0x00,
    0x20, 0x00, 0x20, 0x00, 0x20, 0x00, 0x20, 0x00, 0x20, 0x00, 0x20, 0x00,
    0x20, 0x00, 0x20, 0x00, 0x20, 0x00, 0x20, 0x00, 0x20, 0x00, 0x20, 0x00,
    0x20, 0x00, 0x20, 0x00, 0x20, 0x00, 0x20, 0x00, 0x20, 0x00, 0x20, 0x00,
    0x20, 0x00, 0x20, 0x00, 0x20, 0x00, 0x20, 0x00, 0x20, 0x00, 0x20, 0x00,
    0x20, 0x00, 0x00, 0x00, 0x07, 0x3a, 0x89, 0x52, 0x64, 0x29, 0x20, 0x00,
    0x20, 0x00, 0x61, 0x08, 0x24, 0x21, 0x00, 0x00, 0x00, 0x00, 0x00, 0x00,
    0x00, 0x00, 0x00, 0x00, 0xe3, 0x18, 0x00, 0x00, 0x03, 0x21, 0x03, 0x21,
    0x00, 0x00, 0x23, 0x21, 0x00, 0x00, 0xe3, 0x18, 0x03, 0x19, 0x00, 0x00,
    0x03, 0x21, 0xe3, 0x18, 0x00, 0x00, 0x23, 0x21, 0x00, 0x00, 0x03, 0x21,
    0x03, 0x19, 0x00, 0x00, 0x24, 0x21, 0x00, 0x00, 0x03, 0x21, 0x03, 0x19,
    0x00, 0x00, 0x03, 0x21, 0xa2, 0x10, 0x40, 0x00, 0x03, 0x21, 0x00, 0x00,
    0x20, 0x00, 0x00, 0x00, 0x49, 0x4a, 0x27, 0x29, 0x00, 0x00, 0x53, 0xa5,
    0x10, 0x84, 0xcf, 0x7b, 0x4b, 0x63, 0x00, 0x00, 0xba, 0xce, 0x91, 0x84,
    0x00, 0x00, 0x85, 0x29, 0x40, 0x00, 0x60, 0x08, 0x60, 0x08, 0x60, 0x08,
    0x60, 0x08, 0x60, 0x08, 0x60, 0x08, 0x60, 0x08, 0x60, 0x08, 0x60, 0x08,
    0x60, 0x08, 0x60, 0x08, 0x60, 0x08, 0x60, 0x08, 0x60, 0x08, 0x60, 0x08,
    0x60, 0x08, 0x60, 0x08, 0x60, 0x08, 0x60, 0x08, 0x60, 0x08, 0x60, 0x08,
    0x60, 0x08, 0x60, 0x08, 0x60, 0x08, 0x60, 0x08, 0x60, 0x08, 0x60, 0x08,
    0x60, 0x08, 0x60, 0x08, 0x60, 0x08, 0x40, 0x08, 0x65, 0x21, 0x20, 0x00,
    0x64, 0x29, 0x24, 0x21, 0x64, 0x29, 0xd2, 0x94, 0x2f, 0x84, 0xea, 0x5a,
    0xd5, 0xb5, 0xa9, 0x52, 0x81, 0x08, 0xe4, 0x18, 0xa3, 0x10, 0x20, 0x00,
    0x20, 0x08, 0x40, 0x08, 0xa2, 0x08, 0x82, 0x18, 0x40, 0x00, 0x20, 0x00,
    0xe3, 0x18, 0xc3, 0x08, 0xe3, 0x18, 0x40, 0x00, 0x40, 0x00, 0x40, 0x08,
    0x40, 0x00, 0x40, 0x00, 0x42, 0x08, 0xe4, 0x18, 0x40, 0x08, 0x40, 0x08,
    0x40, 0x00, 0x40, 0x08, 0x40, 0x00, 0x40, 0x00, 0xa2, 0x10, 0x24, 0x19,
    0x61, 0x08, 0x40, 0x08, 0xa2, 0x10, 0xc2, 0x10, 0xa2, 0x10, 0x60, 0x08,
    0x60, 0x08, 0x60, 0x08, 0x60, 0x08, 0x60, 0x08, 0x60, 0x08, 0x60, 0x08,
    0x60, 0x08, 0x60, 0x08, 0x60, 0x08, 0x60, 0x08, 0x60, 0x08, 0x60, 0x08,
    0x60, 0x08, 0x60, 0x08, 0x60, 0x08, 0x60, 0x08, 0x60, 0x08, 0x60, 0x08,
    0x60, 0x08, 0x61, 0x08, 0x65, 0x21, 0xe2, 0x18, 0xe2, 0x18, 0xe2, 0x18,
    0x02, 0x19, 0xe2, 0x18, 0xe2, 0x18, 0x02, 0x19, 0xe2, 0x18, 0xe2, 0x18,
    0x02, 0x19, 0x81, 0x10, 0x03, 0x21, 0xa9, 0x52, 0x60, 0x08, 0x44, 0x21,
    0x64, 0x21, 0x00, 0x00, 0xcc, 0x5a, 0xa5, 0x18, 0x43, 0x10, 0x54, 0x9d,
    0x9a, 0xc6, 0x00, 0x00, 0x20, 0x00, 0x20, 0x00, 0x20, 0x00, 0x20, 0x00,
    0x20, 0x00, 0x20, 0x00, 0x20, 0x00, 0x20, 0x00, 0x20, 0x00, 0x20, 0x00,
    0x20, 0x00, 0x20, 0x00, 0x20, 0x00, 0x20, 0x00, 0x20, 0x00, 0x20, 0x00,
    0x20, 0x00, 0x20, 0x00, 0x20, 0x00, 0x20, 0x00, 0x20, 0x00, 0x20, 0x00,
    0x20, 0x00, 0x20, 0x00, 0x20, 0x00, 0x20, 0x00, 0x20, 0x00, 0x20, 0x00,
    0x20, 0x00, 0x20, 0x00, 0x20, 0x00, 0x20, 0x00, 0x20, 0x00, 0x20, 0x00,
    0x20, 0x00, 0x20, 0x00, 0x20, 0x00, 0x20, 0x00, 0x20, 0x00, 0x20, 0x00,
    0x20, 0x00, 0x20, 0x00, 0x20, 0x00, 0x20, 0x00, 0x20, 0x00, 0x20, 0x00,
    0x20, 0x00, 0x20, 0x00, 0x20, 0x00, 0x20, 0x00, 0x20, 0x00, 0x20, 0x00,
    0x20, 0x00, 0x20, 0x00, 0x20, 0x00, 0x20, 0x00, 0x20, 0x00, 0x20, 0x00,
    0x20, 0x00, 0x20, 0x00, 0x20, 0x00, 0x20, 0x00, 0x20, 0x00, 0x20, 0x00,
    0x20, 0x00, 0x00, 0x00, 0x07, 0x3a, 0x89, 0x52, 0x64, 0x29, 0x00, 0x00,
    0x20, 0x00, 0x00, 0x00, 0x00, 0x00, 0x20, 0x00, 0x20, 0x00, 0x20, 0x00,
    0x20, 0x00, 0x00, 0x00, 0x24, 0x21, 0x00, 0x00, 0x03, 0x19, 0x03, 0x21,
    0x00, 0x00, 0x24, 0x21, 0x00, 0x00, 0xe3, 0x18, 0x03, 0x19, 0x00, 0x00,
    0x03, 0x21, 0xe3, 0x18, 0x00, 0x00, 0x24, 0x21, 0x00, 0x00, 0x03, 0x19,
    0x03, 0x21, 0x00, 0x00, 0x24, 0x21, 0x00, 0x00, 0x03, 0x19, 0x03, 0x21,
    0x00, 0x00, 0x03, 0x21, 0xa2, 0x10, 0x40, 0x00, 0x03, 0x21, 0x00, 0x00,
    0x20, 0x00, 0x00, 0x00, 0x49, 0x4a, 0x27, 0x31, 0x01, 0x00, 0x53, 0xad,
    0x10, 0x84, 0xaf, 0x7b, 0x4b, 0x6b, 0x00, 0x00, 0xbb, 0xce, 0x91, 0x84,
    0x00, 0x00, 0x65, 0x29, 0x40, 0x00, 0x60, 0x08, 0x60, 0x08, 0x60, 0x08,
    0x60, 0x08, 0x60, 0x08, 0x60, 0x08, 0x60, 0x08, 0x60, 0x08, 0x60, 0x08,
    0x60, 0x08, 0x60, 0x08, 0x60, 0x08, 0x60, 0x08, 0x60, 0x08, 0x60, 0x08,
    0x60, 0x08, 0x60, 0x08, 0x60, 0x08, 0x60, 0x08, 0x60, 0x08, 0x60, 0x08,
    0x60, 0x08, 0x60, 0x08, 0x60, 0x08, 0x60, 0x08, 0x60, 0x08, 0x60, 0x08,
    0x60, 0x08, 0x60, 0x08, 0x60, 0x08, 0x40, 0x08, 0x65, 0x21, 0x20, 0x00,
    0x64, 0x21, 0x03, 0x19, 0xee, 0x7b, 0xd6, 0xb5, 0x12, 0x9d, 0xca, 0x5a,
    0xf2, 0x9c, 0xc9, 0x5a, 0x82, 0x00, 0xe4, 0x20, 0xe4, 0x18, 0x25, 0x21,
    0xc6, 0x20, 0x61, 0x10, 0xe4, 0x18, 0xa3, 0x20, 0xc4, 0x10, 0xe4, 0x18,
    0xc3, 0x18, 0x81, 0x08, 0xa1, 0x08, 0xe4, 0x20, 0x46, 0x21, 0xc4, 0x18,
    0x05, 0x21, 0x03, 0x19, 0xc3, 0x10, 0x62, 0x08, 0xe4, 0x18, 0xc4, 0x18,
    0x05, 0x21, 0x05, 0x19, 0x25, 0x21, 0xa0, 0x10, 0xe3, 0x10, 0xa2, 0x10,
    0x60, 0x08, 0x40, 0x08, 0x82, 0x08, 0xe3, 0x18, 0xe2, 0x18, 0x40, 0x08,
    0x60, 0x08, 0x60, 0x08, 0x60, 0x08, 0x60, 0x08, 0x60, 0x08, 0x60, 0x08,
    0x60, 0x08, 0x60, 0x08, 0x60, 0x08, 0x60, 0x08, 0x60, 0x08, 0x60, 0x08,
    0x60, 0x08, 0x60, 0x08, 0x60, 0x08, 0x60, 0x08, 0x60, 0x08, 0x60, 0x08,
    0x60, 0x08, 0x60, 0x08, 0xe3, 0x18, 0xe2, 0x18, 0xe2, 0x18, 0xe2, 0x18,
    0xe2, 0x18, 0xe2, 0x18, 0xe2, 0x18, 0xe2, 0x18, 0xe2, 0x18, 0xe2, 0x18,
    0xe2, 0x18, 0xa1, 0x10, 0x80, 0x08, 0x81, 0x10, 0x60, 0x08, 0x44, 0x21,
    0x64, 0x29, 0x00, 0x00, 0xcc, 0x5a, 0xa5, 0x20, 0x43, 0x10, 0x33, 0x9d,
    0x9a, 0xce, 0x00, 0x00, 0x20, 0x00, 0x20, 0x00, 0x20, 0x00, 0x20, 0x00,
    0x20, 0x00, 0x20, 0x00, 0x20, 0x00, 0x20, 0x00, 0x20, 0x00, 0x20, 0x00,
    0x20, 0x00, 0x20, 0x00, 0x20, 0x00, 0x20, 0x00, 0x20, 0x00, 0x20, 0x00,
    0x20, 0x00, 0x20, 0x00, 0x20, 0x00, 0x20, 0x00, 0x20, 0x00, 0x20, 0x00,
    0x20, 0x00, 0x20, 0x00, 0x20, 0x00, 0x20, 0x00, 0x20, 0x00, 0x20, 0x00,
    0x20, 0x00, 0x20, 0x00, 0x20, 0x00, 0x20, 0x00, 0x20, 0x00, 0x20, 0x00,
    0x20, 0x00, 0x20, 0x00, 0x20, 0x00, 0x20, 0x00, 0x20, 0x00, 0x20, 0x00,
    0x20, 0x00, 0x20, 0x00, 0x20, 0x00, 0x20, 0x00, 0x20, 0x00, 0x20, 0x00,
    0x20, 0x00, 0x20, 0x00, 0x20, 0x00, 0x20, 0x00, 0x20, 0x00, 0x20, 0x00,
    0x20, 0x00, 0x20, 0x00, 0x20, 0x00, 0x20, 0x00, 0x20, 0x00, 0x20, 0x00,
    0x20, 0x00, 0x20, 0x00, 0x20, 0x00, 0x20, 0x00, 0x20, 0x00, 0x20, 0x00,
    0x20, 0x00, 0x00, 0x00, 0x07, 0x3a, 0x88, 0x52, 0x64, 0x29, 0x00, 0x00,
    0x00, 0x00, 0x68, 0x4a, 0x68, 0x4a, 0x00, 0x00, 0x00, 0x00, 0x00, 0x00,
    0x00, 0x00, 0x00, 0x00, 0xe3, 0x18, 0x00, 0x00, 0x03, 0x19, 0x03, 0x19,
    0x00, 0x00, 0x24, 0x21, 0x00, 0x00, 0xe3, 0x18, 0x03, 0x21, 0x00, 0x00,
    0x03, 0x19, 0xe3, 0x18, 0x00, 0x00, 0x24, 0x21, 0x00, 0x00, 0x03, 0x19,
    0x03, 0x21, 0x00, 0x00, 0x23, 0x21, 0x00, 0x00, 0x03, 0x19, 0x03, 0x21,
    0x00, 0x00, 0x03, 0x21, 0xa2, 0x10, 0x41, 0x00, 0x24, 0x21, 0x00, 0x00,
    0x20, 0x00, 0x00, 0x00, 0x49, 0x4a, 0x27, 0x29, 0x01, 0x00, 0x53, 0xad,
    0x10, 0x84, 0xaf, 0x7b, 0x4c, 0x63, 0x00, 0x00, 0xba, 0xce, 0x92, 0x8c,
    0x00, 0x00, 0x85, 0x29, 0x20, 0x00, 0x60, 0x08, 0x60, 0x08, 0x60, 0x08,
    0x60, 0x08, 0x60, 0x08, 0x60, 0x08, 0x60, 0x08, 0x60, 0x08, 0x60, 0x08,
    0x60, 0x08, 0x60, 0x08, 0x60, 0x08, 0x60, 0x08, 0x60, 0x08, 0x60, 0x08,
    0x60, 0x08, 0x60, 0x08, 0x60, 0x08, 0x60, 0x08, 0x60, 0x08, 0x60, 0x08,
    0x60, 0x08, 0x60, 0x08, 0x60, 0x08, 0x60, 0x08, 0x60, 0x08, 0x60, 0x08,
    0x60, 0x08, 0x60, 0x08, 0x60, 0x08, 0x40, 0x00, 0x65, 0x21, 0x20, 0x00,
    0x64, 0x21, 0x23, 0x19, 0x68, 0x4a, 0x37, 0xc6, 0xee, 0x7b, 0x2b, 0x63,
    0x12, 0x9d, 0xea, 0x5a, 0x81, 0x08, 0xc5, 0x18, 0x25, 0x21, 0x05, 0x21,
    0xe5, 0x18, 0xa1, 0x08, 0xe4, 0x18, 0x62, 0x18, 0xc4, 0x10, 0xc3, 0x18,
    0xe2, 0x18, 0x81, 0x08, 0xa1, 0x10, 0x04, 0x19, 0x46, 0x21, 0xa4, 0x10,
    0xe4, 0x18, 0x24, 0x19, 0x42, 0x08, 0x04, 0x19, 0x25, 0x21, 0xa4, 0x10,
    0x25, 0x21, 0x25, 0x21, 0x83, 0x10, 0xc2, 0x18, 0xe3, 0x10, 0x45, 0x19,
    0x40, 0x08, 0xa2, 0x10, 0x81, 0x08, 0x03, 0x11, 0xc2, 0x18, 0x40, 0x08,
    0x60, 0x08, 0x60, 0x08, 0x60, 0x08, 0x60, 0x08, 0x60, 0x08, 0x60, 0x08,
    0x60, 0x08, 0x60, 0x08, 0x60, 0x08, 0x60, 0x08, 0x60, 0x08, 0x60, 0x08,
    0x60, 0x08, 0x60, 0x08, 0x60, 0x08, 0x60, 0x08, 0x60, 0x08, 0x60, 0x08,
    0x60, 0x08, 0x60, 0x08, 0x65, 0x21, 0xe2, 0x18, 0xe2, 0x18, 0xe2, 0x18,
    0xe2, 0x18, 0xe2, 0x18, 0x02, 0x19, 0xe2, 0x18, 0xe2, 0x18, 0xe2, 0x18,
    0x02, 0x19, 0x80, 0x08, 0xa5, 0x31, 0x6c, 0x6b, 0xa1, 0x10, 0x44, 0x21,
    0x64, 0x29, 0x00, 0x00, 0xcc, 0x5a, 0xa4, 0x18, 0x43, 0x10, 0x33, 0x9d,
    0xba, 0xce, 0x00, 0x00, 0x20, 0x00, 0x20, 0x00, 0x20, 0x00, 0x20, 0x00,
    0x20, 0x00, 0x20, 0x00, 0x20, 0x00, 0x20, 0x00, 0x20, 0x00, 0x20, 0x00,
    0x20, 0x00, 0x20, 0x00, 0x20, 0x00, 0x20, 0x00, 0x20, 0x00, 0x20, 0x00,
    0x20, 0x00, 0x20, 0x00, 0x20, 0x00, 0x20, 0x00, 0x20, 0x00, 0x20, 0x00,
    0x20, 0x00, 0x20, 0x00, 0x20, 0x00, 0x20, 0x00, 0x20, 0x00, 0x20, 0x00,
    0x20, 0x00, 0x20, 0x00, 0x20, 0x00, 0x20, 0x00, 0x20, 0x00, 0x20, 0x00,
    0x20, 0x00, 0x20, 0x00, 0x20, 0x00, 0x20, 0x00, 0x20, 0x00, 0x20, 0x00,
    0x20, 0x00, 0x20, 0x00, 0x20, 0x00, 0x20, 0x00, 0x20, 0x00, 0x20, 0x00,
    0x20, 0x00, 0x20, 0x00, 0x20, 0x00, 0x20, 0x00, 0x20, 0x00, 0x20, 0x00,
    0x20, 0x00, 0x20, 0x00, 0x20, 0x00, 0x20, 0x00, 0x20, 0x00, 0x20, 0x00,
    0x20, 0x00, 0x20, 0x00, 0x20, 0x00, 0x20, 0x00, 0x20, 0x00, 0x20, 0x00,
    0x20, 0x00, 0x00, 0x00, 0x07, 0x3a, 0x89, 0x52, 0x64, 0x29, 0x00, 0x00,
    0x00, 0x00, 0xa6, 0x31, 0x4c, 0x6b, 0x00, 0x00, 0xc2, 0x10, 0x4c, 0x6b,
    0x71, 0x8c, 0x65, 0x29, 0xca, 0x5a, 0x00, 0x00, 0xc2, 0x10, 0xc2, 0x18,
    0x00, 0x00, 0xc2, 0x18, 0x00, 0x00, 0xa2, 0x10, 0xc2, 0x10, 0x00, 0x00,
    0xc2, 0x10, 0xa2, 0x10, 0x00, 0x00, 0xc2, 0x18, 0x00, 0x00, 0xc2, 0x10,
    0xc2, 0x10, 0x00, 0x00, 0xc3, 0x18, 0x00, 0x00, 0xc2, 0x10, 0xc2, 0x10,
    0x00, 0x00, 0xc2, 0x10, 0x61, 0x08, 0x00, 0x00, 0xe3, 0x18, 0x00, 0x00,
    0x20, 0x00, 0x00, 0x00, 0x49, 0x4a, 0x27, 0x29, 0x01, 0x00, 0x53, 0xa5,
    0x10, 0x84, 0xaf, 0x7b, 0x4b, 0x63, 0x00, 0x00, 0xba, 0xce, 0x91, 0x84,
    0x00, 0x00, 0x85, 0x29, 0x40, 0x00, 0x60, 0x08, 0x60, 0x08, 0x60, 0x08,
    0x60, 0x08, 0x60, 0x08, 0x60, 0x08, 0x60, 0x08, 0x60, 0x08, 0x60, 0x08,
    0x60, 0x08, 0x60, 0x08, 0x60, 0x08, 0x60, 0x08, 0x60, 0x08, 0x60, 0x08,
    0x60, 0x08, 0x60, 0x08, 0x60, 0x08, 0x60, 0x08, 0x60, 0x08, 0x60, 0x08,
    0x60, 0x08, 0x60, 0x08, 0x60, 0x08, 0x60, 0x08, 0x60, 0x08, 0x60, 0x08,
    0x60, 0x08, 0x60, 0x08, 0x60, 0x08, 0x40, 0x08, 0x65, 0x21, 0x20, 0x00,
    0x65, 0x29, 0x64, 0x21, 0x00, 0x00, 0x64, 0x29, 0xc5, 0x31, 0xc2, 0x18,
    0xc6, 0x39, 0xc1, 0x10, 0x40, 0x00, 0x41, 0x08, 0x41, 0x00, 0x41, 0x00,
    0x40, 0x00, 0x60, 0x00, 0x41, 0x00, 0x60, 0x08, 0x41, 0x00, 0x41, 0x08,
    0x60, 0x08, 0x60, 0x08, 0x60, 0x08, 0x40, 0x00, 0x60, 0x00, 0x41, 0x08,
    0x40, 0x08, 0x40, 0x08, 0x40, 0x08, 0x61, 0x00, 0x40, 0x00, 0x60, 0x08,
    0x60, 0x00, 0x40, 0x08, 0x60, 0x08, 0x40, 0x00, 0xc3, 0x10, 0x40, 0x08,
    0x60, 0x08, 0x60, 0x08, 0x60, 0x08, 0x60, 0x08, 0xc2, 0x10, 0x60, 0x08,
    0x60, 0x08, 0x60, 0x08, 0x60, 0x08, 0x60, 0x08, 0x60, 0x08, 0x60, 0x08,
    0x60, 0x08, 0x60, 0x08, 0x60, 0x08, 0x60, 0x08, 0x60, 0x08, 0x60, 0x08,
    0x60, 0x08, 0x60, 0x08, 0x60, 0x08, 0x60, 0x08, 0x60, 0x08, 0x60, 0x08,
    0x60, 0x08, 0x80, 0x08, 0x80, 0x08, 0x81, 0x10, 0x81, 0x10, 0x80, 0x10,
    0xa1, 0x10, 0x81, 0x10, 0x81, 0x10, 0xa0, 0x10, 0x81, 0x10, 0x81, 0x10,
    0x81, 0x10, 0x80, 0x08, 0xe2, 0x18, 0x44, 0x29, 0x60, 0x08, 0x64, 0x21,
    0x64, 0x21, 0x00, 0x00, 0xcc, 0x5a, 0xa5, 0x18, 0x43, 0x10, 0x34, 0x9d,
    0x9a, 0xc6, 0x00, 0x00, 0x20, 0x00, 0x20, 0x00, 0x20, 0x00, 0x20, 0x00,
    0x20, 0x00, 0x20, 0x00, 0x20, 0x00, 0x20, 0x00, 0x20, 0x00, 0x20, 0x00,
    0x20, 0x00, 0x20, 0x00, 0x20, 0x00, 0x20, 0x00, 0x20, 0x00, 0x20, 0x00,
    0x20, 0x00, 0x20, 0x00, 0x20, 0x00, 0x20, 0x00, 0x20, 0x00, 0x20, 0x00,
    0x20, 0x00, 0x20, 0x00, 0x20, 0x00, 0x20, 0x00, 0x20, 0x00, 0x20, 0x00,
    0x20, 0x00, 0x20, 0x00, 0x20, 0x00, 0x20, 0x00, 0x20, 0x00, 0x20, 0x00,
    0x20, 0x00, 0x20, 0x00, 0x20, 0x00, 0x20, 0x00, 0x20, 0x00, 0x20, 0x00,
    0x20, 0x00, 0x20, 0x00, 0x20, 0x00, 0x20, 0x00, 0x20, 0x00, 0x20, 0x00,
    0x20, 0x00, 0x20, 0x00, 0x20, 0x00, 0x20, 0x00, 0x20, 0x00, 0x20, 0x00,
    0x20, 0x00, 0x20, 0x00, 0x20, 0x00, 0x20, 0x00, 0x20, 0x00, 0x20, 0x00,
    0x20, 0x00, 0x20, 0x00, 0x20, 0x00, 0x20, 0x00, 0x20, 0x00, 0x20, 0x00,
    0x20, 0x00, 0x00, 0x00, 0x07, 0x42, 0x89, 0x52, 0x64, 0x29, 0x00, 0x00,
    0x20, 0x00, 0x00, 0x00, 0x00, 0x00, 0x20, 0x00, 0x20, 0x00, 0x69, 0x4a,
    0x28, 0x42, 0xc6, 0x31, 0x8d, 0x73, 0xeb, 0x5a, 0x8d, 0x73, 0x8e, 0x73,
    0xeb, 0x5a, 0xae, 0x73, 0xeb, 0x5a, 0x8d, 0x6b, 0x8d, 0x73, 0xeb, 0x5a,
    0xae, 0x73, 0x8d, 0x73, 0xeb, 0x5a, 0xae, 0x73, 0xeb, 0x5a, 0x8d, 0x73,
    0x8e, 0x73, 0xeb, 0x5a, 0xae, 0x73, 0xeb, 0x5a, 0x8d, 0x73, 0x8e, 0x73,
    0xeb, 0x5a, 0x8e, 0x73, 0x6d, 0x6b, 0x2c, 0x63, 0x0b, 0x63, 0x00, 0x00,
    0x20, 0x00, 0x00, 0x00, 0x49, 0x4a, 0x27, 0x29, 0x01, 0x00, 0x53, 0xad,
    0x10, 0x84, 0xcf, 0x7b, 0x4b, 0x63, 0x00, 0x00, 0xba, 0xce, 0x91, 0x8c,
    0x00, 0x00, 0x85, 0x29, 0x40, 0x00, 0x60, 0x08, 0x60, 0x08, 0x60, 0x08,
    0x60, 0x08, 0x60, 0x08, 0x60, 0x08, 0x60, 0x08, 0x60, 0x08, 0x60, 0x08,
    0x60, 0x08, 0x60, 0x08, 0x60, 0x08, 0x60, 0x08, 0x60, 0x08, 0x60, 0x08,
    0x60, 0x08, 0x60, 0x08, 0x60, 0x08, 0x60, 0x08, 0x60, 0x08, 0x60, 0x08,
    0x60, 0x08, 0x60, 0x08, 0x60, 0x08, 0x60, 0x08, 0x60, 0x08, 0x60, 0x08,
    0x60, 0x08, 0x60, 0x08, 0x60, 0x08, 0x40, 0x08, 0x65, 0x21, 0x20, 0x00,
    0x64, 0x29, 0x64, 0x21, 0x40, 0x08, 0x20, 0x00, 0x00, 0x00, 0x40, 0x08,
    0x40, 0x00, 0x40, 0x08, 0x60, 0x08, 0x60, 0x08, 0x60, 0x08, 0x60, 0x08,
    0x60, 0x08, 0x60, 0x08, 0x60, 0x08, 0x60, 0x08, 0x60, 0x08, 0x60, 0x08,
    0x60, 0x08, 0x60, 0x08, 0x60, 0x08, 0x60, 0x08, 0x60, 0x08, 0x60, 0x08,
    0x60, 0x08, 0x60, 0x08, 0x60, 0x08, 0x60, 0x08, 0x60, 0x08, 0x40, 0x08,
    0x60, 0x08, 0x60, 0x08, 0x60, 0x08, 0x60, 0x08, 0x40, 0x08, 0x60, 0x08,
    0x60, 0x08, 0x60, 0x08, 0x60, 0x08, 0x60, 0x08, 0x40, 0x08, 0x60, 0x08,
    0x60, 0x08, 0x60, 0x08, 0x60, 0x08, 0x60, 0x08, 0x60, 0x08, 0x60, 0x08,
    0x60, 0x08, 0x60, 0x08, 0x60, 0x08, 0x60, 0x08, 0x60, 0x08, 0x60, 0x08,
    0x60, 0x08, 0x60, 0x08, 0x60, 0x08, 0x60, 0x08, 0x60, 0x08, 0x60, 0x08,
    0x60, 0x08, 0x60, 0x08, 0xa1, 0x10, 0x81, 0x10, 0xa1, 0x10, 0xa1, 0x08,
    0xa1, 0x10, 0x81, 0x10, 0xa1, 0x08, 0xa1, 0x10, 0xa1, 0x10, 0xa1, 0x10,
    0x81, 0x10, 0xa1, 0x10, 0x40, 0x00, 0x40, 0x08, 0x40, 0x00, 0x64, 0x21,
    0x64, 0x29, 0x00, 0x00, 0xcc, 0x5a, 0xa5, 0x20, 0x43, 0x10, 0x53, 0x9d,
    0x9a, 0xce, 0x00, 0x00, 0x20, 0x00, 0x20, 0x00, 0x20, 0x00, 0x20, 0x00,
    0x20, 0x00, 0x20, 0x00, 0x20, 0x00, 0x20, 0x00, 0x20, 0x00, 0x20, 0x00,
    0x20, 0x00, 0x20, 0x00, 0x20, 0x00, 0x20, 0x00, 0x20, 0x00, 0x20, 0x00,
    0x20, 0x00, 0x20, 0x00, 0x20, 0x00, 0x20, 0x00, 0x20, 0x00, 0x20, 0x00,
    0x20, 0x00, 0x20, 0x00, 0x20, 0x00, 0x20, 0x00, 0x20, 0x00, 0x20, 0x00,
    0x20, 0x00, 0x20, 0x00, 0x20, 0x00, 0x20, 0x00, 0x20, 0x00, 0x20, 0x00,
    0x20, 0x00, 0x20, 0x00, 0x20, 0x00, 0x20, 0x00, 0x20, 0x00, 0x20, 0x00,
    0x20, 0x00, 0x20, 0x00, 0x20, 0x00, 0x20, 0x00, 0x20, 0x00, 0x20, 0x00,
    0x20, 0x00, 0x20, 0x00, 0x20, 0x00, 0x20, 0x00, 0x20, 0x00, 0x20, 0x00,
    0x20, 0x00, 0x20, 0x00, 0x20, 0x00, 0x20, 0x00, 0x20, 0x00, 0x20, 0x00,
    0x20, 0x00, 0x20, 0x00, 0x20, 0x00, 0x20, 0x00, 0x20, 0x00, 0x20, 0x00,
    0x20, 0x00, 0x00, 0x00, 0x07, 0x3a, 0x89, 0x52, 0x64, 0x29, 0x00, 0x00,
    0x00, 0x00, 0x81, 0x08, 0x24, 0x21, 0x00, 0x00, 0x41, 0x08, 0x00, 0x00,
    0x24, 0x21, 0xe3, 0x18, 0x65, 0x29, 0x00, 0x00, 0xc2, 0x10, 0xc2, 0x10,
    0x00, 0x00, 0xc2, 0x18, 0x00, 0x00, 0xa2, 0x10, 0xc2, 0x18, 0x00, 0x00,
    0xc2, 0x10, 0xa2, 0x10, 0x00, 0x00, 0xe3, 0x18, 0x00, 0x00, 0xc2, 0x10,
    0xc2, 0x18, 0x00, 0x00, 0xc2, 0x18, 0x00, 0x00, 0xc2, 0x10, 0xc2, 0x18,
    0x00, 0x00, 0xc2, 0x18, 0x61, 0x08, 0x00, 0x00, 0xe3, 0x18, 0x00, 0x00,
    0x00, 0x00, 0x00, 0x00, 0x49, 0x4a, 0x27, 0x29, 0x00, 0x00, 0x53, 0xad,
    0x10, 0x84, 0xaf, 0x7b, 0x4c, 0x63, 0x00, 0x00, 0xba, 0xce, 0x92, 0x84,
    0x00, 0x00, 0x65, 0x29, 0x40, 0x00, 0x60, 0x08, 0x60, 0x08, 0x60, 0x08,
    0x60, 0x08, 0x60, 0x08, 0x60, 0x08, 0x60, 0x08, 0x60, 0x08, 0x60, 0x08,
    0x60, 0x08, 0x60, 0x08, 0x60, 0x08, 0x60, 0x08, 0x60, 0x08, 0x60, 0x08,
    0x60, 0x08, 0x60, 0x08, 0x60, 0x08, 0x60, 0x08, 0x60, 0x08, 0x60, 0x08,
    0x60, 0x08, 0x60, 0x08, 0x60, 0x08, 0x60, 0x08, 0x60, 0x08, 0x60, 0x08,
    0x60, 0x08, 0x60, 0x08, 0x60, 0x08, 0x40, 0x08, 0x65, 0x21, 0x20, 0x00,
    0x64, 0x29, 0x64, 0x21, 0x00, 0x00, 0x40, 0x08, 0xa5, 0x31, 0x40, 0x00,
    0x60, 0x08, 0x60, 0x08, 0x60, 0x00, 0x21, 0x08, 0x41, 0x08, 0x40, 0x08,
    0x60, 0x08, 0x41, 0x08, 0x41, 0x00, 0x41, 0x00, 0x21, 0x00, 0x41, 0x00,
    0x41, 0x00, 0x40, 0x08, 0x60, 0x00, 0x60, 0x08, 0x40, 0x08, 0x40, 0x08,
    0x41, 0x00, 0x60, 0x08, 0x60, 0x08, 0x60, 0x08, 0x40, 0x08, 0x60, 0x08,
    0x60, 0x08, 0x40, 0x00, 0x60, 0x08, 0x40, 0x08, 0x60, 0x08, 0x60, 0x08,
    0x60, 0x08, 0x60, 0x08, 0x60, 0x08, 0x60, 0x08, 0x60, 0x08, 0x60, 0x08,
    0x60, 0x08, 0x60, 0x08, 0x60, 0x08, 0x60, 0x08, 0x60, 0x08, 0x60, 0x08,
    0x60, 0x08, 0x60, 0x08, 0x60, 0x08, 0x60, 0x08, 0x60, 0x08, 0x60, 0x08,
    0x60, 0x08, 0x60, 0x08, 0x60, 0x08, 0x60, 0x08, 0x60, 0x08, 0x60, 0x08,
    0x60, 0x08, 0x60, 0x08, 0x60, 0x08, 0x80, 0x10, 0x80, 0x08, 0x80, 0x08,
    0x81, 0x08, 0x80, 0x08, 0x80, 0x08, 0x80, 0x08, 0x80, 0x08, 0x81, 0x08,
    0x80, 0x10, 0x60, 0x08, 0x85, 0x31, 0xe6, 0x39, 0xc2, 0x18, 0x44, 0x21,
    0x64, 0x21, 0x00, 0x00, 0xcc, 0x5a, 0xa4, 0x18, 0x43, 0x10, 0x33, 0x9d,
    0x9a, 0xc6, 0x00, 0x00, 0x20, 0x00, 0x20, 0x00, 0x20, 0x00, 0x20, 0x00,
    0x20, 0x00, 0x20, 0x00, 0x20, 0x00, 0x20, 0x00, 0x20, 0x00, 0x00, 0x00,
    0x00, 0x00, 0x00, 0x00, 0x00, 0x00, 0x00, 0x00, 0x00, 0x00, 0x00, 0x00,
    0x00, 0x00, 0x00, 0x00, 0x00, 0x00, 0x00, 0x00, 0x00, 0x00, 0x00, 0x00,
    0x00, 0x00, 0x00, 0x00, 0x00, 0x00, 0x00, 0x00, 0x00, 0x00, 0x00, 0x00,
    0x00, 0x00, 0x00, 0x00, 0x00, 0x00, 0x00, 0x00, 0x00, 0x00, 0x00, 0x00,
    0x00, 0x00, 0x00, 0x00, 0x00, 0x00, 0x00, 0x00, 0x00, 0x00, 0x00, 0x00,
    0x00, 0x00, 0x00, 0x00, 0x00, 0x00, 0x00, 0x00, 0x00, 0x00, 0x00, 0x00,
    0x00, 0x00, 0x00, 0x00, 0x00, 0x00, 0x00, 0x00, 0x00, 0x00, 0x00, 0x00,
    0x00, 0x00, 0x00, 0x00, 0x00, 0x00, 0x00, 0x00, 0x00, 0x00, 0x00, 0x00,
    0x00, 0x00, 0x00, 0x00, 0x00, 0x00, 0x00, 0x00, 0x00, 0x00, 0x00, 0x00,
    0x00, 0x00, 0x00, 0x00, 0x85, 0x31, 0x89, 0x52, 0x63, 0x29, 0x20, 0x00,
    0x00, 0x00, 0x8d, 0x73, 0xee, 0x7b, 0x00, 0x00, 0x20, 0x00, 0x20, 0x00,
    0x00, 0x00, 0x00, 0x00, 0x03, 0x21, 0x00, 0x00, 0x03, 0x21, 0x03, 0x21,
    0x00, 0x00, 0x23, 0x21, 0x00, 0x00, 0xe3, 0x18, 0x03, 0x21, 0x00, 0x00,
    0x03, 0x21, 0xe3, 0x18, 0x00, 0x00, 0x23, 0x21, 0x00, 0x00, 0x03, 0x21,
    0x03, 0x19, 0x00, 0x00, 0x24, 0x21, 0x00, 0x00, 0x03, 0x19, 0x03, 0x21,
    0x00, 0x00, 0x03, 0x21, 0xa2, 0x10, 0x40, 0x00, 0x03, 0x21, 0x00, 0x00,
    0x20, 0x00, 0x00, 0x00, 0x49, 0x4a, 0x27, 0x29, 0x01, 0x00, 0x53, 0xad,
    0x10, 0x84, 0xaf, 0x7b, 0x4b, 0x6b, 0x00, 0x00, 0xba, 0xce, 0x91, 0x84,
    0x00, 0x00, 0x85, 0x29, 0x20, 0x08, 0x60, 0x08, 0x60, 0x08, 0x60, 0x08,
    0x60, 0x08, 0x60, 0x08, 0x60, 0x08, 0x60, 0x08, 0x60, 0x08, 0x60, 0x08,
    0x60, 0x08, 0x60, 0x08, 0x60, 0x08, 0x60, 0x08, 0x60, 0x08, 0x60, 0x08,
    0x60, 0x08, 0x60, 0x08, 0x60, 0x08, 0x60, 0x08, 0x60, 0x08, 0x60, 0x08,
    0x60, 0x08, 0x60, 0x08, 0x60, 0x08, 0x60, 0x08, 0x60, 0x08, 0x60, 0x08,
    0x60, 0x08, 0x60, 0x08, 0x60, 0x08, 0x40, 0x08, 0x65, 0x21, 0x20, 0x00,
    0x65, 0x29, 0x24, 0x19, 0xc6, 0x39, 0x74, 0xad, 0xb1, 0x94, 0x00, 0x00,
    0x60, 0x08, 0x40, 0x08, 0xe2, 0x10, 0x04, 0x21, 0x04, 0x21, 0x42, 0x08,
    0x40, 0x08, 0xa3, 0x10, 0x24, 0x19, 0xe4, 0x18, 0xc4, 0x18, 0x24, 0x21,
    0x24, 0x21, 0x62, 0x08, 0xc3, 0x18, 0x60, 0x08, 0x80, 0x08, 0x42, 0x08,
    0xe4, 0x18, 0x41, 0x08, 0x41, 0x08, 0x61, 0x08, 0x60, 0x08, 0x60, 0x08,
    0x61, 0x08, 0xe3, 0x18, 0x40, 0x08, 0xa3, 0x10, 0x60, 0x08, 0x40, 0x08,
    0x61, 0x08, 0x61, 0x08, 0x83, 0x08, 0x61, 0x08, 0x60, 0x08, 0x80, 0x08,
    0x83, 0x10, 0x83, 0x10, 0x80, 0x00, 0x61, 0x08, 0x60, 0x08, 0x60, 0x08,
    0x60, 0x08, 0x60, 0x08, 0x60, 0x08, 0x60, 0x08, 0x60, 0x08, 0x60, 0x08,
    0x60, 0x08, 0x60, 0x08, 0x60, 0x08, 0x60, 0x08, 0x60, 0x08, 0x60, 0x08,
    0x60, 0x08, 0x61, 0x08, 0x45, 0x21, 0x44, 0x21, 0x25, 0x21, 0x24, 0x19,
    0x65, 0x29, 0xe2, 0x18, 0xe2, 0x18, 0xe2, 0x18, 0xe2, 0x18, 0xe2, 0x18,
    0x02, 0x19, 0x81, 0x10, 0x02, 0x19, 0x68, 0x4a, 0x60, 0x08, 0x44, 0x21,
    0x64, 0x29, 0x00, 0x00, 0xcc, 0x5a, 0xa5, 0x18, 0x43, 0x10, 0x54, 0xa5,
    0x9a, 0xc6, 0x00, 0x00, 0x20, 0x00, 0x20, 0x00, 0x20, 0x00, 0x20, 0x00,
    0x20, 0x00, 0x20, 0x00, 0x20, 0x00, 0x20, 0x00, 0x00, 0x00, 0xd6, 0xbd,
    0xf7, 0xbd, 0xf6, 0xc5, 0xf6, 0xbd, 0xf7, 0xbd, 0xf6, 0xc5, 0xf6, 0xbd,
    0xf7, 0xc5, 0xf6, 0xbd, 0xf6, 0xc5, 0xf7, 0xc5, 0xf6, 0xbd, 0xf6, 0xc5,
    0xf7, 0xc5, 0xf6, 0xbd, 0xf6, 0xc5, 0xf6, 0xc5, 0xf6, 0xbd, 0xf6, 0xc5,
    0xf6, 0xc5, 0xf6, 0xc5, 0xf6, 0xbd, 0xf6, 0xc5, 0xf6, 0xc5, 0xf6, 0xc5,
    0xf6, 0xbd, 0xf6, 0xc5, 0xf6, 0xc5, 0xf6, 0xc5, 0xf6, 0xbd, 0xf6, 0xc5,
    0xf6, 0xc5, 0xf6, 0xc5, 0xf6, 0xbd, 0xf7, 0xc5, 0xf6, 0xc5, 0xf6, 0xbd,
    0xf7, 0xc5, 0xf6, 0xbd, 0xf7, 0xc5, 0xf7, 0xbd, 0xf6, 0xbd, 0xf7, 0xc5,
    0xf7, 0xbd, 0xf7, 0xbd, 0xf7, 0xc5, 0xf7, 0xbd, 0xf7, 0xbd, 0xf7, 0xc5,
    0xf7, 0xbd, 0xf6, 0xbd, 0xf7, 0xc5, 0xf7, 0xbd, 0xf6, 0xc5, 0xf7, 0xbd,
    0xf7, 0xbd, 0xd6, 0xbd, 0xba, 0xd6, 0x07, 0x42, 0x64, 0x29, 0x20, 0x00,
    0x00, 0x00, 0x44, 0x21, 0x07, 0x3a, 0x00, 0x00, 0x20, 0x00, 0x00, 0x00,
    0x00, 0x00, 0x00, 0x00, 0x03, 0x21, 0x00, 0x00, 0x03, 0x19, 0x03, 0x21,
    0x00, 0x00, 0x24, 0x21, 0x00, 0x00, 0xe3, 0x18, 0x03, 0x19, 0x00, 0x00,
    0x03, 0x21, 0xe3, 0x18, 0x00, 0x00, 0x24, 0x21, 0x00, 0x00, 0x03, 0x19,
    0x03, 0x21, 0x00, 0x00, 0x24, 0x21, 0x00, 0x00, 0x03, 0x21, 0x03, 0x19,
    0x00, 0x00, 0x03, 0x21, 0xa2, 0x10, 0x40, 0x00, 0x23, 0x21, 0x00, 0x00,
    0x20, 0x00, 0x00, 0x00, 0x49, 0x4a, 0x27, 0x29, 0x01, 0x00, 0x53, 0xad,
    0x10, 0x84, 0xaf, 0x7b, 0x4c, 0x63, 0x00, 0x00, 0xba, 0xce, 0x92, 0x8c,
    0x00, 0x00, 0x85, 0x29, 0x40, 0x00, 0x60, 0x08, 0x60, 0x08, 0x60, 0x08,
    0x60, 0x08, 0x60, 0x08, 0x60, 0x08, 0x60, 0x08, 0x60, 0x08, 0x60, 0x08,
    0x60, 0x08, 0x60, 0x08, 0x60, 0x08, 0x60, 0x08, 0x60, 0x08, 0x60, 0x08,
    0x60, 0x08, 0x60, 0x08, 0x60, 0x08, 0x60, 0x08, 0x60, 0x08, 0x60, 0x08,
    0x60, 0x08, 0x60, 0x08, 0x60, 0x08, 0x60, 0x08, 0x60, 0x08, 0x60, 0x08,
    0x60, 0x08, 0x60, 0x08, 0x60, 0x08, 0x40, 0x00, 0x65, 0x21, 0x20, 0x00,
    0x65, 0x21, 0x03, 0x11, 0xee, 0x7b, 0xd5, 0xb5, 0x54, 0xad, 0x00, 0x00,
    0x60, 0x08, 0x40, 0x08, 0xc3, 0x08, 0xe4, 0x18, 0x04, 0x21, 0xe5, 0x18,
    0xc3, 0x18, 0x82, 0x10, 0x04, 0x21, 0xe3, 0x18, 0x84, 0x10, 0x05, 0x19,
    0x04, 0x21, 0x42, 0x08, 0x25, 0x19, 0xc3, 0x10, 0x03, 0x19, 0xc3, 0x10,
    0x62, 0x08, 0x04, 0x21, 0xe5, 0x20, 0x05, 0x19, 0x25, 0x19, 0x20, 0x10,
    0xc4, 0x10, 0x25, 0x19, 0x44, 0x21, 0xe3, 0x10, 0x65, 0x21, 0x24, 0x19,
    0xc4, 0x18, 0xe4, 0x20, 0x04, 0x21, 0xc4, 0x18, 0xc3, 0x18, 0x46, 0x21,
    0xc4, 0x18, 0xe4, 0x18, 0xe4, 0x20, 0xc5, 0x18, 0xa4, 0x18, 0x40, 0x08,
    0x60, 0x08, 0x60, 0x08, 0x60, 0x08, 0x60, 0x08, 0x60, 0x08, 0x60, 0x08,
    0x60, 0x08, 0x60, 0x08, 0x60, 0x08, 0x60, 0x08, 0x60, 0x08, 0x60, 0x08,
    0x60, 0x08, 0x60, 0x08, 0x03, 0x19, 0x24, 0x19, 0x65, 0x21, 0x44, 0x21,
    0x44, 0x21, 0xc2, 0x18, 0xe2, 0x18, 0xe2, 0x18, 0xe2, 0x18, 0xe2, 0x18,
    0xe2, 0x18, 0xa1, 0x10, 0xa1, 0x10, 0xc2, 0x18, 0x80, 0x08, 0x44, 0x21,
    0x64, 0x21, 0x00, 0x00, 0xcc, 0x5a, 0xa5, 0x18, 0x43, 0x10, 0x33, 0xa5,
    0x9a, 0xc6, 0x00, 0x00, 0x20, 0x00, 0x20, 0x00, 0x20, 0x00, 0x20, 0x00,
    0x20, 0x00, 0x20, 0x00, 0x20, 0x00, 0x20, 0x00, 0x00, 0x00, 0x8d, 0x73,
    0x00, 0x00, 0x00, 0x00, 0x00, 0x00, 0x00, 0x00, 0x00, 0x00, 0x00, 0x00,
    0x00, 0x00, 0x00, 0x00, 0x00, 0x00, 0x00, 0x00, 0x00, 0x00, 0x00, 0x00,
    0x00, 0x00, 0x00, 0x00, 0x00, 0x00, 0x00, 0x00, 0x00, 0x00, 0x00, 0x00,
    0x00, 0x00, 0x00, 0x00, 0x00, 0x00, 0x00, 0x00, 0x00, 0x00, 0x00, 0x00,
    0x00, 0x00, 0x00, 0x00, 0x00, 0x00, 0x00, 0x00, 0x00, 0x00, 0x00, 0x00,
    0x00, 0x00, 0x00, 0x00, 0x00, 0x00, 0x00, 0x00, 0x00, 0x00, 0x00, 0x00,
    0x00, 0x00, 0x00, 0x00, 0x00, 0x00, 0x00, 0x00, 0x00, 0x00, 0x00, 0x00,
    0x00, 0x00, 0x00, 0x00, 0x00, 0x00, 0x00, 0x00, 0x00, 0x00, 0x00, 0x00,
    0x00, 0x00, 0x00, 0x00, 0x00, 0x00, 0x00, 0x00, 0x00, 0x00, 0x00, 0x00,
    0x00, 0x00, 0x00, 0x00, 0x85, 0x31, 0x89, 0x52, 0x64, 0x29, 0x00, 0x00,
    0x20, 0x00, 0x00, 0x00, 0x00, 0x00, 0x20, 0x00, 0x00, 0x00, 0xc6, 0x31,
    0x65, 0x29, 0x00, 0x00, 0x24, 0x21, 0x00, 0x00, 0xc2, 0x10, 0xc2, 0x10,
    0x00, 0x00, 0xc3, 0x18, 0x00, 0x00, 0xa2, 0x10, 0xc2, 0x10, 0x00, 0x00,
    0xc2, 0x10, 0xa2, 0x10, 0x00, 0x00, 0xc3, 0x18, 0x00, 0x00, 0xc2, 0x10,
    0xc2, 0x10, 0x00, 0x00, 0xc2, 0x18, 0x00, 0x00, 0xc2, 0x10, 0xc2, 0x10,
    0x00, 0x00, 0xc2, 0x10, 0x61, 0x08, 0x00, 0x00, 0xe3, 0x18, 0x00, 0x00,
    0x20, 0x00, 0x00, 0x00, 0x49, 0x4a, 0x27, 0x31, 0x01, 0x00, 0x53, 0xa5,
    0x10, 0x84, 0xcf, 0x7b, 0x4b, 0x63, 0x00, 0x00, 0xba, 0xce, 0x91, 0x84,
    0x00, 0x00, 0x85, 0x29, 0x40, 0x00, 0x60, 0x08, 0x60, 0x08, 0x60, 0x08,
    0x60, 0x08, 0x60, 0x08, 0x60, 0x08, 0x60, 0x08, 0x60, 0x08, 0x60, 0x08,
    0x60, 0x08, 0x60, 0x08, 0x60, 0x08, 0x60, 0x08, 0x60, 0x08, 0x60, 0x08,
    0x60, 0x08, 0x60, 0x08, 0x60, 0x08, 0x60, 0x08, 0x60, 0x08, 0x60, 0x08,
    0x60, 0x08, 0x60, 0x08, 0x60, 0x08, 0x60, 0x08, 0x60, 0x08, 0x60, 0x08,
    0x60, 0x08, 0x60, 0x08, 0x60, 0x08, 0x40, 0x08, 0x65, 0x21, 0x20, 0x00,
    0x65, 0x21, 0x24, 0x19, 0xe6, 0x39, 0x37, 0xc6, 0x0f, 0x84, 0x00, 0x00,
    0x60, 0x08, 0x60, 0x08, 0xc2, 0x10, 0xc4, 0x18, 0x04, 0x21, 0xc4, 0x10,
    0xa3, 0x18, 0x82, 0x10, 0xc4, 0x10, 0xe3, 0x18, 0x20, 0x00, 0x25, 0x21,
    0xc3, 0x18, 0x81, 0x08, 0x04, 0x19, 0xc3, 0x18, 0xe2, 0x10, 0x41, 0x08,
    0x24, 0x19, 0x04, 0x19, 0x83, 0x10, 0x05, 0x21, 0x25, 0x19, 0x20, 0x08,
    0xe4, 0x10, 0x04, 0x19, 0xe3, 0x18, 0xc3, 0x10, 0x04, 0x19, 0xc3, 0x10,
    0xa3, 0x18, 0xa4, 0x10, 0x24, 0x21, 0xa4, 0x10, 0xc4, 0x18, 0x45, 0x19,
    0xa3, 0x18, 0xc3, 0x18, 0x04, 0x21, 0x84, 0x18, 0xa4, 0x18, 0x40, 0x08,
    0x60, 0x08, 0x60, 0x08, 0x60, 0x08, 0x60, 0x08, 0x60, 0x08, 0x60, 0x08,
    0x60, 0x08, 0x60, 0x08, 0x60, 0x08, 0x60, 0x08, 0x60, 0x08, 0x60, 0x08,
    0x60, 0x08, 0x61, 0x08, 0x85, 0x29, 0x25, 0x21, 0x24, 0x21, 0x24, 0x21,
    0x44, 0x21, 0xe2, 0x18, 0xe2, 0x18, 0xe2, 0x18, 0x02, 0x19, 0xe2, 0x18,
    0x02, 0x19, 0x80, 0x08, 0x85, 0x31, 0x6c, 0x6b, 0x81, 0x10, 0x44, 0x21,
    0x64, 0x29, 0x00, 0x00, 0xac, 0x5a, 0xa5, 0x18, 0x43, 0x10, 0x53, 0x9d,
    0x9a, 0xc6, 0x00, 0x00, 0x20, 0x00, 0x20, 0x00, 0x20, 0x00, 0x20, 0x00,
    0x20, 0x00, 0x20, 0x00, 0x20, 0x00, 0x00, 0x00, 0x40, 0x08, 0x6d, 0x6b,
    0x00, 0x00, 0x20, 0x00, 0x20, 0x00, 0x20, 0x00, 0x20, 0x00, 0x20, 0x00,
    0x20, 0x00, 0x20, 0x00, 0x20, 0x00, 0x20, 0x00, 0x20, 0x00, 0x20, 0x00,
    0x20, 0x00, 0x20, 0x00, 0x20, 0x00, 0x20, 0x00, 0x20, 0x00, 0x20, 0x00,
    0x20, 0x00, 0x20, 0x00, 0x20, 0x00, 0x20, 0x00, 0x20, 0x00, 0x20, 0x00,
    0x20, 0x00, 0x20, 0x00, 0x20, 0x00, 0x20, 0x00, 0x20, 0x00, 0x20, 0x00,
    0x20, 0x00, 0x20, 0x00, 0x20, 0x00, 0x20, 0x00, 0x20, 0x00, 0x20, 0x00,
    0x20, 0x00, 0x20, 0x00, 0x20, 0x00, 0x20, 0x00, 0x20, 0x00, 0x20, 0x00,
    0x20, 0x00, 0x20, 0x00, 0x20, 0x00, 0x20, 0x00, 0x20, 0x00, 0x20, 0x00,
    0x20, 0x00, 0x20, 0x00, 0x20, 0x00, 0x20, 0x00, 0x20, 0x00, 0x20, 0x00,
    0x20, 0x00, 0x00, 0x00, 0x07, 0x3a, 0x89, 0x52, 0x64, 0x29, 0x00, 0x00,
    0x20, 0x00, 0x20, 0x00, 0x20, 0x00, 0x00, 0x00, 0xa6, 0x31, 0xeb, 0x5a,
    0x48, 0x4a, 0xe7, 0x39, 0x69, 0x4a, 0x0b, 0x63, 0x8e, 0x73, 0x8d, 0x73,
    0xeb, 0x5a, 0xae, 0x73, 0xeb, 0x5a, 0x8d, 0x73, 0x8d, 0x73, 0xeb, 0x5a,
    0xae, 0x73, 0x8d, 0x73, 0xeb, 0x5a, 0xae, 0x73, 0xeb, 0x5a, 0x8d, 0x73,
    0x8d, 0x73, 0xeb, 0x5a, 0xae, 0x73, 0xeb, 0x5a, 0x8d, 0x73, 0x8e, 0x73,
    0xeb, 0x5a, 0xad, 0x73, 0x4d, 0x6b, 0x2c, 0x63, 0x0b, 0x63, 0x00, 0x00,
    0x20, 0x00, 0x00, 0x00, 0x49, 0x4a, 0x26, 0x29, 0x00, 0x00, 0x54, 0xad,
    0x10, 0x84, 0xaf, 0x7b, 0x4b, 0x63, 0x00, 0x00, 0xba, 0xce, 0x92, 0x84,
    0x00, 0x00, 0x65, 0x29, 0x40, 0x00, 0x60, 0x08, 0x60, 0x08, 0x60, 0x08,
    0x60, 0x08, 0x60, 0x08, 0x60, 0x08, 0x60, 0x08, 0x60, 0x08, 0x60, 0x08,
    0x60, 0x08, 0x60, 0x08, 0x60, 0x08, 0x60, 0x08, 0x60, 0x08, 0x60, 0x08,
    0x60, 0x08, 0x60, 0x08, 0x60, 0x08, 0x60, 0x08, 0x60, 0x08, 0x60, 0x08,
    0x60, 0x08, 0x60, 0x08, 0x60, 0x08, 0x60, 0x08, 0x60, 0x08, 0x60, 0x08,
    0x60, 0x08, 0x60, 0x08, 0x60, 0x08, 0x40, 0x08, 0x65, 0x21, 0x20, 0x00,
    0x65, 0x21, 0x65, 0x21, 0x00, 0x00, 0xa1, 0x10, 0x64, 0x29, 0x40, 0x00,
    0x60, 0x08, 0x60, 0x08, 0x40, 0x08, 0x40, 0x08, 0x40, 0x08, 0x40, 0x08,
    0x40, 0x08, 0x60, 0x08, 0x40, 0x08, 0x40, 0x08, 0x60, 0x08, 0x40, 0x08,
    0x40, 0x08, 0x60, 0x08, 0x40, 0x08, 0x60, 0x08, 0x40, 0x08, 0x60, 0x08,
    0x40, 0x08, 0x40, 0x08, 0x60, 0x08, 0x40, 0x08, 0x40, 0x08, 0x60, 0x08,
    0x40, 0x08, 0x40, 0x08, 0x60, 0x08, 0x60, 0x08, 0x40, 0x08, 0x60, 0x08,
    0x60, 0x08, 0x60, 0x08, 0x40, 0x00, 0x60, 0x08, 0x40, 0x08, 0x40, 0x08,
    0x60, 0x08, 0x40, 0x08, 0x40, 0x00, 0x60, 0x08, 0x60, 0x08, 0x60, 0x08,
    0x60, 0x08, 0x60, 0x08, 0x60, 0x08, 0x60, 0x08, 0x60, 0x08, 0x60, 0x08,
    0x60, 0x08, 0x60, 0x08, 0x60, 0x08, 0x60, 0x08, 0x60, 0x08, 0x60, 0x08,
    0x60, 0x08, 0x80, 0x08, 0x60, 0x08, 0x80, 0x10, 0x80, 0x10, 0x81, 0x08,
    0x80, 0x10, 0x81, 0x10, 0x81, 0x10, 0x81, 0x10, 0x81, 0x10, 0x81, 0x10,
    0x81, 0x10, 0x81, 0x10, 0xc2, 0x18, 0xe2, 0x18, 0x60, 0x08, 0x64, 0x21,
    0x64, 0x29, 0x00, 0x00, 0xad, 0x5a, 0xa5, 0x20, 0x43, 0x10, 0x34, 0x9d,
    0x9a, 0xce, 0x00, 0x00, 0x20, 0x00, 0x20, 0x00, 0x20, 0x00, 0x20, 0x00,
    0x20, 0x00, 0x20, 0x00, 0x20, 0x00, 0x00, 0x00, 0x48, 0x4a, 0xa6, 0x31,
    0x00, 0x00, 0x20, 0x00, 0x20, 0x00, 0x20, 0x00, 0x20, 0x00, 0x20, 0x00,
    0x20, 0x00, 0x20, 0x00, 0x20, 0x00, 0x20, 0x00, 0x20, 0x00, 0x20, 0x00,
    0x20, 0x00, 0x20, 0x00, 0x20, 0x00, 0x20, 0x00, 0x20, 0x00, 0x20, 0x00,
    0x20, 0x00, 0x20, 0x00, 0x20, 0x00, 0x20, 0x00, 0x20, 0x00, 0x20, 0x00,
    0x20, 0x00, 0x20, 0x00, 0x20, 0x00, 0x20, 0x00, 0x20, 0x00, 0x20, 0x00,
    0x20, 0x00, 0x20, 0x00, 0x20, 0x00, 0x20, 0x00, 0x20, 0x00, 0x20, 0x00,
    0x20, 0x00, 0x20, 0x00, 0x20, 0x00, 0x20, 0x00, 0x20, 0x00, 0x20, 0x00,
    0x20, 0x00, 0x20, 0x00, 0x20, 0x00, 0x20, 0x00, 0x20, 0x00, 0x20, 0x00,
    0x20, 0x00, 0x20, 0x00, 0x20, 0x00, 0x20, 0x00, 0x20, 0x00, 0x20, 0x00,
    0x20, 0x00, 0x00, 0x00, 0x07, 0x3a, 0x88, 0x52, 0x64, 0x29, 0x20, 0x00,
    0x20, 0x00, 0x20, 0x00, 0x20, 0x00, 0x00, 0x00, 0x82, 0x10, 0xca, 0x5a,
    0xaa, 0x52, 0x04, 0x21, 0xa6, 0x31, 0x00, 0x00, 0xc2, 0x10, 0xc2, 0x10,
    0x00, 0x00, 0xe2, 0x18, 0x00, 0x00, 0xa2, 0x10, 0xc2, 0x10, 0x00, 0x00,
    0xc2, 0x10, 0xa2, 0x10, 0x00, 0x00, 0xe2, 0x18, 0x00, 0x00, 0xc2, 0x10,
    0xc2, 0x18, 0x00, 0x00, 0xc3, 0x18, 0x00, 0x00, 0xc2, 0x10, 0xc2, 0x18,
    0x00, 0x00, 0xc2, 0x18, 0x61, 0x08, 0x00, 0x00, 0xe3, 0x18, 0x00, 0x00,
    0x20, 0x00, 0x00, 0x00, 0x29, 0x4a, 0xc9, 0x39, 0xc5, 0x20, 0x12, 0xa5,
    0x10, 0x84, 0xaf, 0x7b, 0x4c, 0x63, 0x00, 0x00, 0xba, 0xce, 0x91, 0x8c,
    0x00, 0x00, 0x85, 0x29, 0x20, 0x00, 0x60, 0x08, 0x60, 0x08, 0x60, 0x08,
    0x60, 0x08, 0x60, 0x08, 0x60, 0x08, 0x60, 0x08, 0x60, 0x08, 0x60, 0x08,
    0x60, 0x08, 0x60, 0x08, 0x60, 0x08, 0x60, 0x08, 0x60, 0x08, 0x60, 0x08,
    0x60, 0x08, 0x60, 0x08, 0x60, 0x08, 0x60, 0x08, 0x60, 0x08, 0x60, 0x08,
    0x60, 0x08, 0x60, 0x08, 0x60, 0x08, 0x60, 0x08, 0x60, 0x08, 0x60, 0x08,
    0x60, 0x08, 0x60, 0x08, 0x60, 0x08, 0x40, 0x08, 0x66, 0x21, 0x20, 0x00,
    0x65, 0x21, 0x65, 0x21, 0x40, 0x08, 0x20, 0x00, 0x00, 0x00, 0x40, 0x00,
    0x20, 0x00, 0x40, 0x08, 0x60, 0x08, 0x60, 0x08, 0x60, 0x08, 0x60, 0x08,
    0x60, 0x08, 0x60, 0x08, 0x60, 0x08, 0x60, 0x08, 0x60, 0x08, 0x60, 0x08,
    0x60, 0x08, 0x60, 0x08, 0x60, 0x08, 0x60, 0x08, 0x60, 0x08, 0x60, 0x08,
    0x60, 0x08, 0x60, 0x08, 0x60, 0x08, 0x60, 0x08, 0x60, 0x08, 0x60, 0x08,
    0x60, 0x08, 0x60, 0x08, 0x60, 0x08, 0x60, 0x08, 0x60, 0x08, 0x60, 0x08,
    0x60, 0x08, 0x60, 0x08, 0x60, 0x08, 0x60, 0x08, 0x60, 0x08, 0x60, 0x08,
    0x60, 0x08, 0x60, 0x08, 0x60, 0x08, 0x60, 0x08, 0x60, 0x08, 0x60, 0x08,
    0x60, 0x08, 0x60, 0x08, 0x60, 0x08, 0x60, 0x08, 0x60, 0x08, 0x60, 0x08,
    0x60, 0x08, 0x60, 0x08, 0x60, 0x08, 0x60, 0x08, 0x60, 0x08, 0x60, 0x08,
    0x60, 0x08, 0x60, 0x08, 0x81, 0x10, 0x81, 0x10, 0x81, 0x08, 0x81, 0x10,
    0x81, 0x10, 0x81, 0x10, 0xa0, 0x08, 0x81, 0x10, 0x81, 0x10, 0xa0, 0x10,
    0x81, 0x08, 0x81, 0x10, 0x60, 0x00, 0x60, 0x08, 0x40, 0x00, 0x65, 0x21,
    0x65, 0x21, 0x00, 0x00, 0xad, 0x5a, 0xc4, 0x18, 0x43, 0x10, 0x15, 0x9d,
    0xb9, 0xce, 0x00, 0x00, 0x20, 0x00, 0x20, 0x00, 0x20, 0x00, 0x20, 0x00,
    0x20, 0x00, 0x20, 0x00, 0x20, 0x00, 0x00, 0x00, 0x4c, 0x6b, 0x41, 0x00,
    0x20, 0x00, 0x20, 0x00, 0x20, 0x00, 0x20, 0x00, 0x20, 0x00, 0x20, 0x00,
    0x20, 0x00, 0x20, 0x00, 0x20, 0x00, 0x20, 0x00, 0x20, 0x00, 0x20, 0x00,
    0x20, 0x00, 0x20, 0x00, 0x20, 0x00, 0x20, 0x00, 0x20, 0x00, 0x20, 0x00,
    0x20, 0x00, 0x20, 0x00, 0x20, 0x00, 0x20, 0x00, 0x20, 0x00, 0x20, 0x00,
    0x20, 0x00, 0x20, 0x00, 0x20, 0x00, 0x20, 0x00, 0x20, 0x00, 0x20, 0x00,
    0x20, 0x00, 0x20, 0x00, 0x20, 0x00, 0x20, 0x00, 0x20, 0x00, 0x20, 0x00,
    0x20, 0x00, 0x20, 0x00, 0x20, 0x00, 0x20, 0x00, 0x20, 0x00, 0x20, 0x00,
    0x20, 0x00, 0x20, 0x00, 0x20, 0x00, 0x20, 0x00, 0x20, 0x00, 0x20, 0x00,
    0x20, 0x00, 0x20, 0x00, 0x20, 0x00, 0x20, 0x00, 0x20, 0x00, 0x20, 0x00,
    0x20, 0x00, 0x00, 0x00, 0x07, 0x3a, 0x89, 0x52, 0x64, 0x29, 0x00, 0x00,
    0x20, 0x00, 0x20, 0x00, 0x00, 0x00, 0x20, 0x00, 0x00, 0x00, 0x00, 0x00,
    0x00, 0x00, 0x00, 0x00, 0x03, 0x21, 0x00, 0x00, 0x03, 0x21, 0x03, 0x21,
    0x00, 0x00, 0x24, 0x21, 0x00, 0x00, 0xe3, 0x18, 0x03, 0x21, 0x00, 0x00,
    0x03, 0x21, 0xe3, 0x18, 0x00, 0x00, 0x24, 0x21, 0x00, 0x00, 0x03, 0x21,
    0x03, 0x19, 0x00, 0x00, 0x23, 0x21, 0x00, 0x00, 0x03, 0x19, 0x03, 0x21,
    0x00, 0x00, 0x03, 0x19, 0xa2, 0x10, 0x40, 0x00, 0x03, 0x21, 0x00, 0x00,
    0x20, 0x00, 0x00, 0x00, 0xc5, 0x31, 0x06, 0x3a, 0xa5, 0x31, 0xd2, 0x9c,
    0x10, 0x84, 0xaf, 0x7b, 0x4b, 0x6b, 0x00, 0x00, 0xba, 0xce, 0x92, 0x84,
    0x00, 0x00, 0x85, 0x29, 0x40, 0x00, 0x60, 0x08, 0x60, 0x08, 0x60, 0x08,
    0x60, 0x08, 0x60, 0x08, 0x60, 0x08, 0x40, 0x08, 0x60, 0x08, 0x60, 0x08,
    0x60, 0x08, 0x60, 0x08, 0x60, 0x08, 0x60, 0x08, 0x60, 0x08, 0x60, 0x08,
    0x40, 0x08, 0x60, 0x08, 0x60, 0x08, 0x60, 0x08, 0x60, 0x08, 0x60, 0x08,
    0x60, 0x08, 0x60, 0x08, 0x60, 0x08, 0x60, 0x08, 0x60, 0x08, 0x60, 0x08,
    0x60, 0x08, 0x60, 0x08, 0x60, 0x08, 0x40, 0x00, 0x65, 0x21, 0x20, 0x00,
    0x65, 0x21, 0x65, 0x21, 0x00, 0x00, 0x03, 0x21, 0x47, 0x42, 0x23, 0x21,
    0x68, 0x4a, 0x23, 0x21, 0x40, 0x00, 0x61, 0x08, 0x40, 0x08, 0x60, 0x08,
    0x60, 0x08, 0x41, 0x08, 0x40, 0x00, 0xa1, 0x08, 0x40, 0x00, 0x61, 0x08,
    0x60, 0x08, 0x41, 0x08, 0x60, 0x08, 0x40, 0x08, 0x60, 0x08, 0x60, 0x08,
    0x60, 0x08, 0x60, 0x08, 0x60, 0x08, 0x40, 0x00, 0x40, 0x00, 0xa1, 0x10,
    0x60, 0x08, 0x60, 0x08, 0x40, 0x08, 0x60, 0x08, 0x60, 0x08, 0x60, 0x08,
    0x60, 0x08, 0x60, 0x08, 0x60, 0x08, 0x60, 0x08, 0x60, 0x08, 0x60, 0x08,
    0x60, 0x08, 0x60, 0x08, 0x60, 0x08, 0x60, 0x08, 0x60, 0x08, 0x60, 0x08,
    0x60, 0x08, 0x60, 0x08, 0x60, 0x08, 0x60, 0x08, 0x60, 0x08, 0x60, 0x08,
    0x60, 0x08, 0x60, 0x08, 0x60, 0x08, 0x60, 0x08, 0x60, 0x08, 0x60, 0x08,
    0x60, 0x08, 0x80, 0x08, 0x81, 0x08, 0xa1, 0x10, 0xa1, 0x10, 0xa1, 0x10,
    0x80, 0x08, 0xa1, 0x10, 0xa1, 0x10, 0xa1, 0x10, 0xa1, 0x10, 0xa0, 0x08,
    0xa1, 0x10, 0x60, 0x08, 0xa5, 0x31, 0x27, 0x42, 0xc1, 0x18, 0x45, 0x19,
    0x64, 0x21, 0x00, 0x00, 0xad, 0x5a, 0xa4, 0x18, 0x43, 0x10, 0x34, 0x9d,
    0x9a, 0xc6, 0x00, 0x00, 0x20, 0x00, 0x20, 0x00, 0x20, 0x00, 0x20, 0x00,
    0x20, 0x00, 0x20, 0x00, 0x20, 0x00, 0x00, 0x00, 0xee, 0x7b, 0x00, 0x00,
    0x20, 0x00, 0x20, 0x00, 0x20, 0x00, 0x20, 0x00, 0x20, 0x00, 0x20, 0x00,
    0x20, 0x00, 0x20, 0x00, 0x20, 0x00, 0x20, 0x00, 0x20, 0x00, 0x20, 0x00,
    0x20, 0x00, 0x20, 0x00, 0x20, 0x00, 0x20, 0x00, 0x20, 0x00, 0x20, 0x00,
    0x20, 0x00, 0x20, 0x00, 0x20, 0x00, 0x20, 0x00, 0x20, 0x00, 0x20, 0x00,
    0x20, 0x00, 0x20, 0x00, 0x20, 0x00, 0x20, 0x00, 0x20, 0x00, 0x20, 0x00,
    0x20, 0x00, 0x20, 0x00, 0x20, 0x00, 0x20, 0x00, 0x20, 0x00, 0x20, 0x00,
    0x20, 0x00, 0x20, 0x00, 0x20, 0x00, 0x20, 0x00, 0x20, 0x00, 0x20, 0x00,
    0x20, 0x00, 0x20, 0x00, 0x20, 0x00, 0x20, 0x00, 0x20, 0x00, 0x20, 0x00,
    0x20, 0x00, 0x20, 0x00, 0x20, 0x00, 0x20, 0x00, 0x20, 0x00, 0x20, 0x00,
    0x20, 0x00, 0x00, 0x00, 0x07, 0x3a, 0x89, 0x52, 0x64, 0x29, 0x00, 0x00,
    0x20, 0x00, 0x00, 0x00, 0xa9, 0x52, 0x00, 0x00, 0x20, 0x00, 0x20, 0x00,
    0x20, 0x00, 0x00, 0x00, 0x23, 0x21, 0x00, 0x00, 0x03, 0x19, 0x03, 0x19,
    0x00, 0x00, 0x24, 0x21, 0x00, 0x00, 0xe3, 0x18, 0x03, 0x19, 0x00, 0x00,
    0x03, 0x19, 0xe3, 0x18, 0x00, 0x00, 0x24, 0x21, 0x00, 0x00, 0x03, 0x19,
    0x03, 0x21, 0x00, 0x00, 0x24, 0x21, 0x00, 0x00, 0x03, 0x19, 0x03, 0x21,
    0x00, 0x00, 0x03, 0x21, 0xa2, 0x10, 0x41, 0x00, 0x03, 0x21, 0x00, 0x00,
    0x20, 0x00, 0x00, 0x00, 0xc5, 0x39, 0xe6, 0x39, 0x85, 0x31, 0xd2, 0x9c,
    0x10, 0x84, 0xcf, 0x7b, 0x4c, 0x63, 0x00, 0x00, 0xba, 0xce, 0x91, 0x84,
    0x00, 0x00, 0x85, 0x29, 0x40, 0x00, 0x60, 0x08, 0x60, 0x08, 0x60, 0x08,
    0x60, 0x08, 0x60, 0x08, 0x60, 0x08, 0x04, 0x11, 0x40, 0x00, 0x20, 0x00,
    0x00, 0x00, 0x00, 0x00, 0x20, 0x00, 0x20, 0x00, 0x20, 0x00, 0x20, 0x00,
    0xc2, 0x10, 0x60, 0x08, 0x60, 0x08, 0x60, 0x08, 0x60, 0x08, 0x60, 0x08,
    0x60, 0x08, 0x60, 0x08, 0x60, 0x08, 0x60, 0x08, 0x60, 0x08, 0x60, 0x08,
    0x60, 0x08, 0x60, 0x08, 0x60, 0x08, 0x40, 0x08, 0x65, 0x21, 0x20, 0x00,
    0x65, 0x21, 0x24, 0x19, 0x48, 0x42, 0x74, 0xad, 0x4f, 0x8c, 0xea, 0x5a,
    0x95, 0xb5, 0xc9, 0x52, 0x81, 0x08, 0xc4, 0x18, 0x42, 0x08, 0x82, 0x08,
    0xa3, 0x10, 0xe4, 0x18, 0x61, 0x08, 0xa4, 0x18, 0x05, 0x19, 0x45, 0x21,
    0x41, 0x08, 0x05, 0x19, 0x81, 0x10, 0xa2, 0x10, 0x60, 0x00, 0xa1, 0x08,
    0x42, 0x08, 0xc3, 0x18, 0xa2, 0x10, 0xe3, 0x10, 0xa2, 0x10, 0xa1, 0x10,
    0x61, 0x08, 0x80, 0x08, 0xa1, 0x08, 0x61, 0x08, 0xa2, 0x08, 0x60, 0x08,
    0x60, 0x08, 0x60, 0x08, 0x60, 0x08, 0x60, 0x08, 0x60, 0x08, 0x60, 0x08,
    0x60, 0x08, 0x60, 0x08, 0x60, 0x08, 0x60, 0x08, 0x60, 0x08, 0x60, 0x08,
    0x60, 0x08, 0x60, 0x08, 0x60, 0x08, 0x60, 0x08, 0x60, 0x08, 0x60, 0x08,
    0x60, 0x08, 0x60, 0x08, 0x60, 0x08, 0x60, 0x08, 0x60, 0x08, 0x60, 0x08,
    0x60, 0x08, 0x41, 0x08, 0x65, 0x29, 0xc2, 0x18, 0x65, 0x21, 0x25, 0x21,
    0x23, 0x21, 0xe2, 0x18, 0xe2, 0x18, 0xe2, 0x18, 0xe2, 0x18, 0xe2, 0x18,
    0xe2, 0x18, 0xa1, 0x10, 0xe2, 0x18, 0x06, 0x42, 0x40, 0x08, 0x65, 0x21,
    0x64, 0x21, 0x00, 0x00, 0xad, 0x62, 0xa4, 0x18, 0x43, 0x10, 0x53, 0x9d,
    0x9a, 0xc6, 0x00, 0x00, 0x20, 0x00, 0x20, 0x00, 0x20, 0x00, 0x20, 0x00,
    0x20, 0x00, 0x20, 0x00, 0x20, 0x00, 0x00, 0x00, 0xce, 0x7b, 0x00, 0x00,
    0x20, 0x00, 0x20, 0x00, 0x20, 0x00, 0x20, 0x00, 0x20, 0x00, 0x20, 0x00,
    0x20, 0x00, 0x20, 0x00, 0x20, 0x00, 0x20, 0x00, 0x20, 0x00, 0x20, 0x00,
    0x20, 0x00, 0x20, 0x00, 0x20, 0x00, 0x20, 0x00, 0x20, 0x00, 0x20, 0x00,
    0x20, 0x00, 0x20, 0x00, 0x20, 0x00, 0x20, 0x00, 0x20, 0x00, 0x20, 0x00,
    0x20, 0x00, 0x20, 0x00, 0x20, 0x00, 0x20, 0x00, 0x20, 0x00, 0x20, 0x00,
    0x20, 0x00, 0x20, 0x00, 0x20, 0x00, 0x20, 0x00, 0x20, 0x00, 0x20, 0x00,
    0x20, 0x00, 0x20, 0x00, 0x20, 0x00, 0x20, 0x00, 0x20, 0x00, 0x20, 0x00,
    0x20, 0x00, 0x20, 0x00, 0x20, 0x00, 0x20, 0x00, 0x20, 0x00, 0x20, 0x00,
    0x20, 0x00, 0x20, 0x00, 0x20, 0x00, 0x20, 0x00, 0x20, 0x00, 0x20, 0x00,
    0x20, 0x00, 0x00, 0x00, 0x07, 0x3a, 0x89, 0x52, 0x63, 0x29, 0x00, 0x00,
    0x00, 0x00, 0x82, 0x08, 0x28, 0x42, 0x00, 0x00, 0x00, 0x00, 0x00, 0x00,
    0x00, 0x00, 0x00, 0x00, 0xe3, 0x18, 0x00, 0x00, 0xe3, 0x18, 0xe3, 0x18,
    0x00, 0x00, 0x03, 0x19, 0x00, 0x00, 0xc2, 0x18, 0xe3, 0x18, 0x00, 0x00,
    0xe3, 0x18, 0xe3, 0x18, 0x00, 0x00, 0x03, 0x19, 0x00, 0x00, 0xe3, 0x18,
    0xe3, 0x18, 0x00, 0x00, 0x03, 0x19, 0x00, 0x00, 0xe3, 0x18, 0xe3, 0x18,
    0x00, 0x00, 0x03, 0x19, 0xa2, 0x10, 0x20, 0x00, 0x03, 0x21, 0x00, 0x00,
    0x20, 0x00, 0x00, 0x00, 0xc5, 0x39, 0xe6, 0x39, 0xa5, 0x31, 0xd2, 0x9c,
    0x10, 0x84, 0xaf, 0x7b, 0x4b, 0x63, 0x00, 0x00, 0xba, 0xce, 0x91, 0x8c,
    0x00, 0x00, 0x65, 0x29, 0x40, 0x08, 0x60, 0x08, 0x60, 0x08, 0x60, 0x08,
    0x60, 0x08, 0x40, 0x08, 0x45, 0x19, 0xeb, 0x52, 0xe3, 0x10, 0xab, 0x52,
    0x6b, 0x52, 0xf0, 0x83, 0x65, 0x29, 0xab, 0x52, 0x86, 0x31, 0xe4, 0x20,
    0xf0, 0x73, 0x00, 0x00, 0x60, 0x08, 0x60, 0x08, 0x60, 0x08, 0x60, 0x08,
    0x60, 0x08, 0x60, 0x08, 0x60, 0x08, 0x60, 0x08, 0x60, 0x08, 0x60, 0x08,
    0x60, 0x08, 0x60, 0x08, 0x60, 0x08, 0x40, 0x08, 0x65, 0x21, 0x20, 0x00,
    0x65, 0x21, 0x03, 0x11, 0xee, 0x7b, 0xb5, 0xb5, 0x12, 0x9d, 0xea, 0x5a,
    0xd2, 0x9c, 0xc9, 0x5a, 0x81, 0x00, 0x25, 0x21, 0xa3, 0x18, 0xe4, 0x18,
    0x05, 0x21, 0xa3, 0x18, 0xa2, 0x18, 0x01, 0x08, 0x45, 0x21, 0xc4, 0x18,
    0x41, 0x08, 0x04, 0x19, 0xc4, 0x18, 0xc4, 0x18, 0x45, 0x21, 0xe4, 0x18,
    0x41, 0x08, 0x05, 0x21, 0xa3, 0x10, 0xc2, 0x18, 0xe2, 0x18, 0x82, 0x08,
    0x25, 0x21, 0xc4, 0x18, 0x25, 0x21, 0xc4, 0x18, 0x04, 0x19, 0x80, 0x08,
    0x60, 0x08, 0x60, 0x08, 0x60, 0x08, 0x60, 0x08, 0x60, 0x08, 0x60, 0x08,
    0x60, 0x08, 0x60, 0x08, 0x60, 0x08, 0x60, 0x08, 0x60, 0x08, 0x60, 0x08,
    0x60, 0x08, 0x60, 0x08, 0x60, 0x08, 0x60, 0x08, 0x60, 0x08, 0x60, 0x08,
    0x60, 0x08, 0x60, 0x08, 0x60, 0x08, 0x60, 0x08, 0x60, 0x08, 0x60, 0x08,
    0x60, 0x08, 0x60, 0x08, 0xc4, 0x18, 0xe2, 0x18, 0x65, 0x21, 0x24, 0x19,
    0x23, 0x21, 0xe2, 0x18, 0xe2, 0x18, 0xe2, 0x18, 0xe2, 0x18, 0xe2, 0x18,
    0xe2, 0x18, 0x81, 0x10, 0xe2, 0x18, 0x02, 0x19, 0x80, 0x10, 0x45, 0x21,
    0x65, 0x21, 0x00, 0x00, 0xad, 0x5a, 0xc5, 0x18, 0x43, 0x10, 0x34, 0xa5,
    0x9a, 0xc6, 0x00, 0x00, 0x20, 0x00, 0x20, 0x00, 0x20, 0x00, 0x20, 0x00,
    0x20, 0x00, 0x20, 0x00, 0x20, 0x00, 0x00, 0x00, 0xce, 0x7b, 0x00, 0x00,
    0x20, 0x00, 0x20, 0x00, 0x20, 0x00, 0x20, 0x00, 0x20, 0x00, 0x20, 0x00,
    0x20, 0x00, 0x20, 0x00, 0x20, 0x00, 0x20, 0x00, 0x20, 0x00, 0x20, 0x00,
    0x20, 0x00, 0x20, 0x00, 0x20, 0x00, 0x20, 0x00, 0x20, 0x00, 0x20, 0x00,
    0x20, 0x00, 0x20, 0x00, 0x20, 0x00, 0x20, 0x00, 0x20, 0x00, 0x20, 0x00,
    0x20, 0x00, 0x20, 0x00, 0x20, 0x00, 0x20, 0x00, 0x20, 0x00, 0x20, 0x00,
    0x20, 0x00, 0x20, 0x00, 0x20, 0x00, 0x20, 0x00, 0x20, 0x00, 0x20, 0x00,
    0x20, 0x00, 0x20, 0x00, 0x20, 0x00, 0x20, 0x00, 0x20, 0x00, 0x20, 0x00,
    0x20, 0x00, 0x20, 0x00, 0x20, 0x00, 0x20, 0x00, 0x20, 0x00, 0x20, 0x00,
    0x20, 0x00, 0x20, 0x00, 0x20, 0x00, 0x20, 0x00, 0x20, 0x00, 0x20, 0x00,
    0x20, 0x00, 0x00, 0x00, 0x07, 0x42, 0x89, 0x52, 0x64, 0x29, 0x20, 0x00,
    0x00, 0x00, 0x00, 0x00, 0xca, 0x52, 0x00, 0x00, 0xa2, 0x10, 0x6d, 0x6b,
    0x69, 0x4a, 0x24, 0x21, 0x6d, 0x6b, 0xa2, 0x10, 0xc6, 0x31, 0xc6, 0x39,
    0xc2, 0x18, 0xc6, 0x39, 0xe3, 0x18, 0xa6, 0x31, 0xc6, 0x31, 0xc3, 0x18,
    0xc6, 0x39, 0xa6, 0x31, 0xe3, 0x18, 0xc6, 0x39, 0xc3, 0x18, 0xc6, 0x31,
    0xc6, 0x31, 0xc3, 0x18, 0xc6, 0x39, 0xc3, 0x18, 0xc6, 0x31, 0xc6, 0x31,
    0xc3, 0x18, 0xc6, 0x31, 0x65, 0x29, 0x04, 0x21, 0xa6, 0x31, 0x00, 0x00,
    0x20, 0x00, 0x00, 0x00, 0xc6, 0x31, 0xe6, 0x39, 0xa5, 0x31, 0xd2, 0x9c,
    0x10, 0x84, 0xaf, 0x7b, 0x4b, 0x63, 0x00, 0x00, 0xbb, 0xce, 0x91, 0x84,
    0x00, 0x00, 0x85, 0x29, 0x20, 0x00, 0x60, 0x08, 0x60, 0x08, 0x60, 0x08,
    0x60, 0x08, 0x20, 0x00, 0x07, 0x32, 0x4d, 0x5b, 0xc6, 0x29, 0x04, 0x19,
    0x8b, 0x5a, 0xec, 0x62, 0x30, 0x7c, 0x2e, 0x63, 0xd0, 0x83, 0x72, 0x84,
    0xe8, 0x39, 0x20, 0x00, 0x60, 0x08, 0x60, 0x08, 0x60, 0x08, 0x60, 0x08,
    0x60, 0x08, 0x60, 0x08, 0x60, 0x08, 0x60, 0x08, 0x60, 0x08, 0x60, 0x08,
    0x60, 0x08, 0x60, 0x08, 0x60, 0x08, 0x40, 0x08, 0x65, 0x21, 0x20, 0x00,
    0x65, 0x21, 0x24, 0x19, 0x64, 0x29, 0x17, 0xbe, 0x8d, 0x73, 0x0a, 0x5b,
    0x54, 0xa5, 0xa9, 0x52, 0x61, 0x08, 0xa3, 0x10, 0xa3, 0x10, 0xa3, 0x10,
    0xc4, 0x18, 0xe4, 0x18, 0x40, 0x00, 0x04, 0x19, 0xa3, 0x10, 0xa4, 0x18,
    0x21, 0x08, 0x04, 0x21, 0xa3, 0x10, 0xa3, 0x10, 0xe3, 0x18, 0xa2, 0x18,
    0x41, 0x08, 0x44, 0x21, 0x82, 0x10, 0xc2, 0x10, 0x61, 0x10, 0x24, 0x19,
    0xa3, 0x18, 0x83, 0x10, 0x44, 0x19, 0xa3, 0x18, 0xc3, 0x10, 0xa1, 0x10,
    0x40, 0x08, 0x60, 0x08, 0x60, 0x08, 0x60, 0x08, 0x60, 0x08, 0x60, 0x08,
    0x60, 0x08, 0x60, 0x08, 0x60, 0x08, 0x60, 0x08, 0x60, 0x08, 0x60, 0x08,
    0x60, 0x08, 0x60, 0x08, 0x60, 0x08, 0x60, 0x08, 0x60, 0x08, 0x60, 0x08,
    0x60, 0x08, 0x60, 0x08, 0x60, 0x08, 0x60, 0x08, 0x60, 0x08, 0x60, 0x08,
    0x60, 0x08, 0x60, 0x08, 0xc4, 0x18, 0x23, 0x21, 0x44, 0x21, 0x24, 0x19,
    0x02, 0x19, 0xe2, 0x18, 0xe2, 0x18, 0xe2, 0x18, 0xe2, 0x18, 0xe2, 0x18,
    0x02, 0x19, 0x80, 0x08, 0x64, 0x29, 0x8d, 0x6b, 0x80, 0x08, 0x45, 0x21,
    0x65, 0x21, 0x00, 0x00, 0xac, 0x5a, 0xa4, 0x18, 0x43, 0x10, 0x33, 0x9d,
    0x9a, 0xce, 0x00, 0x00, 0x20, 0x00, 0x20, 0x00, 0x20, 0x00, 0x20, 0x00,
    0x20, 0x00, 0x00, 0x00, 0x20, 0x00, 0x00, 0x00, 0xce, 0x7b, 0x00, 0x00,
    0x20, 0x00, 0x20, 0x00, 0x20, 0x00, 0x20, 0x00, 0x20, 0x00, 0x20, 0x00,
    0x20, 0x00, 0x20, 0x00, 0x20, 0x00, 0x20, 0x00, 0x20, 0x00, 0x20, 0x00,
    0x20, 0x00, 0x20, 0x00, 0x20, 0x00, 0x20, 0x00, 0x20, 0x00, 0x20, 0x00,
    0x20, 0x00, 0x20, 0x00, 0x20, 0x00, 0x20, 0x00, 0x20, 0x00, 0x20, 0x00,
    0x20, 0x00, 0x20, 0x00, 0x20, 0x00, 0x20, 0x00, 0x20, 0x00, 0x20, 0x00,
    0x20, 0x00, 0x20, 0x00, 0x20, 0x00, 0x20, 0x00, 0x20, 0x00, 0x20, 0x00,
    0x20, 0x00, 0x20, 0x00, 0x20, 0x00, 0x20, 0x00, 0x20, 0x00, 0x20, 0x00,
    0x20, 0x00, 0x20, 0x00, 0x20, 0x00, 0x20, 0x00, 0x20, 0x00, 0x20, 0x00,
    0x20, 0x00, 0x20, 0x00, 0x20, 0x00, 0x20, 0x00, 0x20, 0x00, 0x20, 0x00,
    0x20, 0x00, 0x00, 0x00, 0x07, 0x3a, 0x89, 0x52, 0x64, 0x29, 0x20, 0x00,
    0x00, 0x00, 0x20, 0x00, 0x24, 0x21, 0x00, 0x00, 0xa2, 0x10, 0xeb, 0x5a,
    0xa6, 0x31, 0x85, 0x31, 0xae, 0x73, 0xa6, 0x31, 0x89, 0x52, 0x89, 0x52,
    0xc7, 0x31, 0xaa, 0x52, 0xc7, 0x39, 0x89, 0x4a, 0x89, 0x52, 0xc6, 0x39,
    0x89, 0x52, 0x89, 0x4a, 0xc7, 0x39, 0xaa, 0x52, 0xc6, 0x39, 0x89, 0x52,
    0x89, 0x52, 0xc6, 0x39, 0xaa, 0x52, 0xc6, 0x39, 0x89, 0x52, 0x89, 0x52,
    0xc6, 0x39, 0xaa, 0x52, 0x48, 0x4a, 0x08, 0x42, 0x48, 0x42, 0x00, 0x00,
    0x00, 0x00, 0x00, 0x00, 0xc5, 0x31, 0xe6, 0x39, 0xa5, 0x31, 0xd2, 0x9c,
    0x10, 0x84, 0xaf, 0x7b, 0x4c, 0x63, 0x00, 0x00, 0xba, 0xce, 0x92, 0x8c,
    0x00, 0x00, 0x85, 0x29, 0x40, 0x00, 0x60, 0x08, 0x60, 0x08, 0x60, 0x08,
    0x60, 0x08, 0x40, 0x08, 0x44, 0x21, 0xcf, 0x6b, 0x81, 0x08, 0x08, 0x3a,
    0xe8, 0x39, 0x6f, 0x73, 0xca, 0x5a, 0x73, 0x8c, 0x29, 0x4a, 0xa9, 0x4a,
    0x2b, 0x5b, 0x20, 0x00, 0x60, 0x08, 0x60, 0x08, 0x60, 0x08, 0x60, 0x08,
    0x60, 0x08, 0x60, 0x08, 0x60, 0x08, 0x60, 0x08, 0x60, 0x08, 0x60, 0x08,
    0x60, 0x08, 0x60, 0x08, 0x60, 0x08, 0x40, 0x00, 0x65, 0x21, 0x20, 0x00,
    0x65, 0x21, 0x65, 0x21, 0x00, 0x00, 0x20, 0x00, 0xe2, 0x18, 0x20, 0x00,
    0x40, 0x08, 0x40, 0x00, 0x60, 0x08, 0x40, 0x08, 0x40, 0x08, 0x60, 0x08,
    0x40, 0x08, 0x40, 0x08, 0x60, 0x08, 0x40, 0x08, 0x40, 0x08, 0x60, 0x08,
    0x60, 0x08, 0x40, 0x08, 0x60, 0x08, 0x60, 0x08, 0x40, 0x08, 0x60, 0x08,
    0x60, 0x08, 0x40, 0x00, 0x60, 0x08, 0x40, 0x08, 0x60, 0x08, 0x40, 0x08,
    0x40, 0x08, 0x60, 0x08, 0x40, 0x08, 0x60, 0x08, 0x40, 0x08, 0x60, 0x08,
    0x60, 0x08, 0x60, 0x08, 0x60, 0x08, 0x60, 0x08, 0x60, 0x08, 0x60, 0x08,
    0x60, 0x08, 0x60, 0x08, 0x60, 0x08, 0x60, 0x08, 0x60, 0x08, 0x60, 0x08,
    0x60, 0x08, 0x60, 0x08, 0x60, 0x08, 0x60, 0x08, 0x60, 0x08, 0x60, 0x08,
    0x60, 0x08, 0x60, 0x08, 0x60, 0x08, 0x60, 0x08, 0x60, 0x08, 0x60, 0x08,
    0x60, 0x08, 0x80, 0x08, 0x80, 0x10, 0x81, 0x10, 0x80, 0x08, 0x80, 0x10,
    0x81, 0x10, 0x80, 0x08, 0x80, 0x08, 0x81, 0x10, 0x80, 0x08, 0x81, 0x10,
    0x81, 0x10, 0x81, 0x10, 0xc1, 0x10, 0xa1, 0x10, 0x60, 0x08, 0x65, 0x21,
    0x64, 0x21, 0x00, 0x00, 0xad, 0x5a, 0xc5, 0x20, 0x43, 0x10, 0x33, 0x9d,
    0x9a, 0xc6, 0x00, 0x00, 0x20, 0x00, 0x00, 0x00, 0x00, 0x00, 0x00, 0x00,
    0x20, 0x00, 0x00, 0x00, 0x20, 0x00, 0x00, 0x00, 0xef, 0x7b, 0x00, 0x00,
    0x20, 0x00, 0x20, 0x00, 0x20, 0x00, 0x20, 0x00, 0x20, 0x00, 0x20, 0x00,
    0x20, 0x00, 0x20, 0x00, 0x20, 0x00, 0x20, 0x00, 0x20, 0x00, 0x20, 0x00,
    0x20, 0x00, 0x20, 0x00, 0x20, 0x00, 0x20, 0x00, 0x20, 0x00, 0x20, 0x00,
    0x20, 0x00, 0x20, 0x00, 0x20, 0x00, 0x20, 0x00, 0x20, 0x00, 0x20, 0x00,
    0x20, 0x00, 0x20, 0x00, 0x20, 0x00, 0x20, 0x00, 0x20, 0x00, 0x20, 0x00,
    0x20, 0x00, 0x20, 0x00, 0x20, 0x00, 0x20, 0x00, 0x20, 0x00, 0x20, 0x00,
    0x20, 0x00, 0x20, 0x00, 0x20, 0x00, 0x20, 0x00, 0x20, 0x00, 0x20, 0x00,
    0x20, 0x00, 0x20, 0x00, 0x20, 0x00, 0x20, 0x00, 0x20, 0x00, 0x20, 0x00,
    0x20, 0x00, 0x20, 0x00, 0x20, 0x00, 0x20, 0x00, 0x20, 0x00, 0x20, 0x00,
    0x20, 0x00, 0x00, 0x00, 0x07, 0x3a, 0x88, 0x52, 0x64, 0x29, 0x00, 0x00,
    0x00, 0x00, 0xa1, 0x10, 0x48, 0x42, 0x00, 0x00, 0x20, 0x00, 0x40, 0x08,
    0x00, 0x00, 0x20, 0x00, 0x03, 0x21, 0x00, 0x00, 0xe3, 0x18, 0xc3, 0x18,
    0x00, 0x00, 0xe3, 0x18, 0x00, 0x00, 0xa2, 0x10, 0xe3, 0x18, 0x00, 0x00,
    0xc3, 0x18, 0xc2, 0x10, 0x00, 0x00, 0xe3, 0x18, 0x00, 0x00, 0xe3, 0x18,
    0xc3, 0x18, 0x00, 0x00, 0xe3, 0x18, 0x00, 0x00, 0xe3, 0x18, 0xc3, 0x18,
    0x00, 0x00, 0xe3, 0x18, 0x81, 0x08, 0x00, 0x00, 0xe3, 0x18, 0x00, 0x00,
    0x20, 0x00, 0x00, 0x00, 0xc5, 0x39, 0x06, 0x3a, 0x85, 0x31, 0xd2, 0x9c,
    0x10, 0x84, 0xcf, 0x7b, 0x4b, 0x6b, 0x00, 0x00, 0xba, 0xce, 0x91, 0x84,
    0x00, 0x00, 0x85, 0x29, 0x40, 0x00, 0x60, 0x08, 0x60, 0x08, 0x60, 0x08,
    0x60, 0x08, 0x60, 0x08, 0x40, 0x08, 0x41, 0x00, 0x40, 0x08, 0x40, 0x00,
    0x20, 0x00, 0x00, 0x00, 0x00, 0x00, 0x2d, 0x63, 0x00, 0x00, 0x20, 0x00,
    0x20, 0x00, 0x60, 0x08, 0x60, 0x08, 0x60, 0x08, 0x60, 0x08, 0x60, 0x08,
    0x60, 0x08, 0x60, 0x08, 0x60, 0x08, 0x60, 0x08, 0x60, 0x08, 0x60, 0x08,
    0x60, 0x08, 0x60, 0x08, 0x60, 0x08, 0x40, 0x08, 0x65, 0x29, 0x20, 0x00,
    0x65, 0x21, 0x65, 0x21, 0x40, 0x00, 0x20, 0x00, 0x00, 0x00, 0x20, 0x00,
    0x00, 0x00, 0x40, 0x00, 0x60, 0x08, 0x40, 0x08, 0x60, 0x08, 0x60, 0x08,
    0x60, 0x08, 0x60, 0x08, 0x60, 0x08, 0x60, 0x08, 0x60, 0x08, 0x60, 0x08,
    0x60, 0x08, 0x60, 0x08, 0x60, 0x08, 0x60, 0x08, 0x60, 0x08, 0x60, 0x08,
    0x60, 0x08, 0x40, 0x08, 0x40, 0x08, 0x60, 0x08, 0x60, 0x08, 0x60, 0x08,
    0x60, 0x08, 0x60, 0x08, 0x60, 0x08, 0x60, 0x08, 0x60, 0x08, 0x60, 0x08,
    0x60, 0x08, 0x60, 0x08, 0x60, 0x08, 0x60, 0x08, 0x60, 0x08, 0x60, 0x08,
    0x60, 0x08, 0x60, 0x08, 0x60, 0x08, 0x60, 0x08, 0x60, 0x08, 0x60, 0x08,
    0x60, 0x08, 0x60, 0x08, 0x60, 0x08, 0x60, 0x08, 0x60, 0x08, 0x60, 0x08,
    0x60, 0x08, 0x60, 0x08, 0x60, 0x08, 0x60, 0x08, 0x60, 0x08, 0x60, 0x08,
    0x60, 0x08, 0x60, 0x08, 0x81, 0x08, 0x80, 0x08, 0x61, 0x08, 0x60, 0x08,
    0x81, 0x08, 0x80, 0x08, 0x80, 0x10, 0x81, 0x08, 0x80, 0x08, 0x80, 0x08,
    0x80, 0x08, 0x80, 0x08, 0x80, 0x10, 0xa1, 0x10, 0x40, 0x08, 0x45, 0x21,
    0x65, 0x21, 0x00, 0x00, 0xad, 0x5a, 0xc4, 0x18, 0x43, 0x10, 0x33, 0x9d,
    0xba, 0xce, 0x33, 0xa5, 0x74, 0xad, 0x74, 0xad, 0x74, 0xad, 0x74, 0xad,
    0x74, 0xad, 0x75, 0xad, 0x74, 0xad, 0xd6, 0xbd, 0xa2, 0x10, 0x00, 0x00,
    0x20, 0x00, 0x20, 0x00, 0x20, 0x00, 0x20, 0x00, 0x20, 0x00, 0x20, 0x00,
    0x20, 0x00, 0x20, 0x00, 0x20, 0x00, 0x20, 0x00, 0x20, 0x00, 0x20, 0x00,
    0x20, 0x00, 0x20, 0x00, 0x20, 0x00, 0x20, 0x00, 0x20, 0x00, 0x20, 0x00,
    0x20, 0x00, 0x20, 0x00, 0x20, 0x00, 0x20, 0x00, 0x20, 0x00, 0x20, 0x00,
    0x20, 0x00, 0x20, 0x00, 0x20, 0x00, 0x20, 0x00, 0x20, 0x00, 0x20, 0x00,
    0x20, 0x00, 0x20, 0x00, 0x20, 0x00, 0x20, 0x00, 0x20, 0x00, 0x20, 0x00,
    0x20, 0x00, 0x20, 0x00, 0x20, 0x00, 0x20, 0x00, 0x20, 0x00, 0x20, 0x00,
    0x20, 0x00, 0x20, 0x00, 0x20, 0x00, 0x20, 0x00, 0x20, 0x00, 0x20, 0x00,
    0x20, 0x00, 0x20, 0x00, 0x20, 0x00, 0x20, 0x00, 0x20, 0x00, 0x20, 0x00,
    0x20, 0x00, 0x00, 0x00, 0x07, 0x3a, 0x89, 0x52, 0x64, 0x29, 0x00, 0x00,
    0x00, 0x00, 0xa2, 0x10, 0x68, 0x4a, 0x00, 0x00, 0x20, 0x00, 0x00, 0x00,
    0x20, 0x00, 0x00, 0x00, 0x23, 0x21, 0x00, 0x00, 0x03, 0x19, 0x03, 0x21,
    0x00, 0x00, 0x23, 0x21, 0x00, 0x00, 0xe3, 0x18, 0x03, 0x19, 0x00, 0x00,
    0x03, 0x19, 0xe3, 0x18, 0x00, 0x00, 0x23, 0x21, 0x00, 0x00, 0x03, 0x19,
    0x03, 0x19, 0x00, 0x00, 0x24, 0x21, 0x00, 0x00, 0x03, 0x19, 0x03, 0x19,
    0x00, 0x00, 0x03, 0x21, 0xa2, 0x10, 0x40, 0x00, 0x23, 0x21, 0x00, 0x00,
    0x20, 0x00, 0x00, 0x00, 0xc6, 0x39, 0xe6, 0x39, 0xa5, 0x31, 0xd2, 0x9c,
    0x10, 0x84, 0xaf, 0x7b, 0x4b, 0x63, 0x00, 0x00, 0xba, 0xce, 0x91, 0x84,
    0x00, 0x00, 0x65, 0x29, 0x40, 0x00, 0x60, 0x08, 0x60, 0x08, 0x60, 0x08,
    0x60, 0x08, 0x60, 0x08, 0x60, 0x08, 0x60, 0x08, 0x60, 0x08, 0x60, 0x08,
    0x60, 0x08, 0x60, 0x08, 0x60, 0x08, 0x20, 0x00, 0x60, 0x08, 0x60, 0x08,
    0x60, 0x08, 0x60, 0x08, 0x60, 0x08, 0x60, 0x08, 0x60, 0x08, 0x60, 0x08,
    0x60, 0x08, 0x60, 0x08, 0x60, 0x08, 0x60, 0x08, 0x60, 0x08, 0x60, 0x08,
    0x60, 0x08, 0x60, 0x08, 0x60, 0x08, 0x40, 0x08, 0x65, 0x21, 0x20, 0x00,
    0x64, 0x21, 0x44, 0x21, 0x00, 0x00, 0xc6, 0x39, 0xea, 0x5a, 0x84, 0x31,
    0x4b, 0x63, 0x84, 0x29, 0x20, 0x00, 0xe3, 0x10, 0x40, 0x08, 0x60, 0x00,
    0x60, 0x08, 0x60, 0x08, 0x60, 0x08, 0x81, 0x00, 0x40, 0x08, 0xa2, 0x10,
    0x61, 0x10, 0x40, 0x08, 0x60, 0x08, 0x60, 0x08, 0x60, 0x08, 0x40, 0x00,
    0x81, 0x08, 0xa1, 0x10, 0xc2, 0x10, 0x61, 0x08, 0x60, 0x08, 0xa1, 0x08,
    0x60, 0x08, 0x60, 0x08, 0x60, 0x08, 0x60, 0x08, 0x60, 0x08, 0x60, 0x08,
    0x60, 0x08, 0x60, 0x08, 0x60, 0x08, 0x60, 0x08, 0x60, 0x08, 0x60, 0x08,
    0x60, 0x08, 0x60, 0x08, 0x60, 0x08, 0x60, 0x08, 0x60, 0x08, 0x60, 0x08,
    0x60, 0x08, 0x60, 0x08, 0x60, 0x08, 0x60, 0x08, 0x60, 0x08, 0x60, 0x08,
    0x60, 0x08, 0x60, 0x08, 0x60, 0x08, 0x60, 0x08, 0x60, 0x08, 0x60, 0x08,
    0x60, 0x08, 0x80, 0x08, 0x81, 0x10, 0xc2, 0x10, 0xc2, 0x18, 0xa1, 0x10,
    0xc2, 0x18, 0xa1, 0x10, 0xa1, 0x10, 0xa1, 0x10, 0xa1, 0x10, 0xa1, 0x10,
    0xa1, 0x10, 0x60, 0x08, 0x85, 0x31, 0x47, 0x42, 0xc1, 0x10, 0x45, 0x21,
    0x64, 0x21, 0x00, 0x00, 0xad, 0x62, 0x84, 0x18, 0x23, 0x08, 0x34, 0x9d,
    0x9a, 0xc6, 0x00, 0x00, 0x00, 0x00, 0x00, 0x00, 0x00, 0x00, 0x00, 0x00,
    0x00, 0x00, 0x00, 0x00, 0x00, 0x00, 0x00, 0x00, 0x00, 0x00, 0x20, 0x00,
    0x20, 0x00, 0x20, 0x00, 0x20, 0x00, 0x20, 0x00, 0x20, 0x00, 0x20, 0x00,
    0x20, 0x00, 0x20, 0x00, 0x20, 0x00, 0x20, 0x00, 0x20, 0x00, 0x20, 0x00,
    0x20, 0x00, 0x20, 0x00, 0x20, 0x00, 0x20, 0x00, 0x20, 0x00, 0x20, 0x00,
    0x20, 0x00, 0x20, 0x00, 0x20, 0x00, 0x20, 0x00, 0x20, 0x00, 0x20, 0x00,
    0x20, 0x00, 0x20, 0x00, 0x20, 0x00, 0x20, 0x00, 0x20, 0x00, 0x20, 0x00,
    0x20, 0x00, 0x20, 0x00, 0x20, 0x00, 0x20, 0x00, 0x20, 0x00, 0x20, 0x00,
    0x20, 0x00, 0x20, 0x00, 0x20, 0x00, 0x20, 0x00, 0x20, 0x00, 0x20, 0x00,
    0x20, 0x00, 0x20, 0x00, 0x20, 0x00, 0x20, 0x00, 0x20, 0x00, 0x20, 0x00,
    0x20, 0x00, 0x20, 0x00, 0x20, 0x00, 0x20, 0x00, 0x20, 0x00, 0x20, 0x00,
    0x20, 0x00, 0x00, 0x00, 0x07, 0x3a, 0x89, 0x52, 0x64, 0x29, 0x20, 0x00,
    0x20, 0x00, 0x00, 0x00, 0x20, 0x00, 0x20, 0x00, 0x20, 0x00, 0x20, 0x00,
    0x00, 0x00, 0x00, 0x00, 0x03, 0x19, 0x00, 0x00, 0x03, 0x19, 0x03, 0x19,
    0x00, 0x00, 0x24, 0x21, 0x00, 0x00, 0xe3, 0x18, 0x03, 0x21, 0x00, 0x00,
    0x03, 0x21, 0xe3, 0x18, 0x00, 0x00, 0x24, 0x21, 0x00, 0x00, 0x03, 0x19,
    0x03, 0x21, 0x00, 0x00, 0x23, 0x21, 0x00, 0x00, 0x03, 0x19, 0x03, 0x21,
    0x00, 0x00, 0x03, 0x21, 0xa2, 0x10, 0x41, 0x00, 0x03, 0x21, 0x00, 0x00,
    0x20, 0x00, 0x00, 0x00, 0xc5, 0x31, 0xe6, 0x39, 0xa5, 0x31, 0xd2, 0x9c,
    0x10, 0x84, 0xaf, 0x7b, 0x4c, 0x63, 0x00, 0x00, 0xba, 0xce, 0x92, 0x8c,
    0x00, 0x00, 0x85, 0x29, 0x20, 0x00, 0x60, 0x08, 0x60, 0x08, 0x60, 0x08,
    0x60, 0x08, 0x60, 0x08, 0x60, 0x08, 0x60, 0x08, 0x60, 0x08, 0x60, 0x08,
    0x60, 0x08, 0x60, 0x08, 0x60, 0x08, 0x60, 0x08, 0x60, 0x08, 0x60, 0x08,
    0x60, 0x08, 0x60, 0x08, 0x60, 0x08, 0x60, 0x08, 0x60, 0x08, 0x60, 0x08,
    0x60, 0x08, 0x60, 0x08, 0x60, 0x08, 0x60, 0x08, 0x60, 0x08, 0x60, 0x08,
    0x60, 0x08, 0x60, 0x08, 0x60, 0x08, 0x40, 0x00, 0x65, 0x29, 0x20, 0x00,
    0x65, 0x21, 0x23, 0x19, 0xca, 0x5a, 0x74, 0xad, 0x4f, 0x84, 0xea, 0x5a,
    0x74, 0xad, 0xa9, 0x5a, 0x81, 0x08, 0x82, 0x00, 0x62, 0x10, 0x62, 0x10,
    0xc3, 0x08, 0x82, 0x10, 0x61, 0x08, 0x26, 0x21, 0x20, 0x08, 0xc3, 0x10,
    0xa4, 0x10, 0xc2, 0x08, 0x82, 0x10, 0x81, 0x10, 0x82, 0x10, 0xe2, 0x18,
    0xa3, 0x10, 0xe2, 0x10, 0xc3, 0x10, 0xe4, 0x18, 0x24, 0x19, 0x23, 0x21,
    0x40, 0x00, 0x60, 0x08, 0x60, 0x08, 0x60, 0x08, 0x60, 0x08, 0x60, 0x08,
    0x60, 0x08, 0x60, 0x08, 0x60, 0x08, 0x60, 0x08, 0x60, 0x08, 0x60, 0x08,
    0x60, 0x08, 0x60, 0x08, 0x60, 0x08, 0x60, 0x08, 0x60, 0x08, 0x60, 0x08,
    0x60, 0x08, 0x60, 0x08, 0x60, 0x08, 0x60, 0x08, 0x60, 0x08, 0x60, 0x08,
    0x60, 0x08, 0x60, 0x08, 0x60, 0x08, 0x60, 0x08, 0x60, 0x08, 0x60, 0x08,
    0x60, 0x08, 0x41, 0x08, 0x46, 0x29, 0x44, 0x21, 0x04, 0x21, 0x44, 0x21,
    0x44, 0x21, 0xc2, 0x18, 0xe2, 0x18, 0xe2, 0x18, 0xe2, 0x18, 0xe2, 0x18,
    0xe2, 0x18, 0xa1, 0x10, 0xc2, 0x10, 0xa5, 0x31, 0x40, 0x08, 0x65, 0x21,
    0x65, 0x21, 0x00, 0x00, 0xa9, 0x52, 0xe7, 0x39, 0x85, 0x31, 0x14, 0x95,
    0x9a, 0xce, 0x00, 0x00, 0x20, 0x00, 0x20, 0x00, 0x20, 0x00, 0x20, 0x00,
    0x20, 0x00, 0x20, 0x00, 0x20, 0x00, 0x20, 0x00, 0x20, 0x00, 0x20, 0x00,
    0x20, 0x00, 0x20, 0x00, 0x20, 0x00, 0x20, 0x00, 0x20, 0x00, 0x20, 0x00,
    0x20, 0x00, 0x20, 0x00, 0x20, 0x00, 0x20, 0x00, 0x20, 0x00, 0x20, 0x00,
    0x20, 0x00, 0x20, 0x00, 0x20, 0x00, 0x20, 0x00, 0x20, 0x00, 0x20, 0x00,
    0x20, 0x00, 0x20, 0x00, 0x20, 0x00, 0x20, 0x00, 0x20, 0x00, 0x20, 0x00,
    0x20, 0x00, 0x20, 0x00, 0x20, 0x00, 0x20, 0x00, 0x20, 0x00, 0x20, 0x00,
    0x20, 0x00, 0x20, 0x00, 0x20, 0x00, 0x20, 0x00, 0x20, 0x00, 0x20, 0x00,
    0x20, 0x00, 0x20, 0x00, 0x20, 0x00, 0x20, 0x00, 0x20, 0x00, 0x20, 0x00,
    0x20, 0x00, 0x20, 0x00, 0x20, 0x00, 0x20, 0x00, 0x20, 0x00, 0x20, 0x00,
    0x20, 0x00, 0x20, 0x00, 0x20, 0x00, 0x20, 0x00, 0x20, 0x00, 0x20, 0x00,
    0x20, 0x00, 0x00, 0x00, 0x07, 0x3a, 0x88, 0x52, 0x64, 0x29, 0x00, 0x00,
    0x00, 0x00, 0x89, 0x4a, 0x81, 0x08, 0x00, 0x00, 0x20, 0x00, 0x00, 0x00,
    0xe7, 0x41, 0x00, 0x00, 0xc6, 0x39, 0x00, 0x00, 0xc2, 0x10, 0xc2, 0x18,
    0x00, 0x00, 0xc2, 0x18, 0x00, 0x00, 0xa2, 0x10, 0xc2, 0x10, 0x00, 0x00,
    0xc2, 0x10, 0xa2, 0x10, 0x00, 0x00, 0xe3, 0x18, 0x00, 0x00, 0xc2, 0x10,
    0xc2, 0x10, 0x00, 0x00, 0xc3, 0x18, 0x00, 0x00, 0xc2, 0x10, 0xc2, 0x10,
    0x00, 0x00, 0xc2, 0x10, 0x61, 0x08, 0x00, 0x00, 0xe3, 0x18, 0x00, 0x00,
    0x20, 0x00, 0x00, 0x00, 0xc6, 0x39, 0x06, 0x3a, 0x85, 0x31, 0xd2, 0x9c,
    0x10, 0x84, 0xaf, 0x7b, 0x4b, 0x63, 0x00, 0x00, 0xba, 0xce, 0x91, 0x84,
    0x00, 0x00, 0x85, 0x29, 0x40, 0x00, 0x60, 0x08, 0x60, 0x08, 0x60, 0x08,
    0x60, 0x08, 0x60, 0x08, 0x60, 0x08, 0x60, 0x08, 0x60, 0x08, 0x60, 0x08,
    0x60, 0x08, 0x60, 0x08, 0x60, 0x08, 0x60, 0x08, 0x60, 0x08, 0x60, 0x08,
    0x60, 0x08, 0x60, 0x08, 0x60, 0x08, 0x60, 0x08, 0x60, 0x08, 0x60, 0x08,
    0x60, 0x08, 0x60, 0x08, 0x60, 0x08, 0x60, 0x08, 0x60, 0x08, 0x60, 0x08,
    0x60, 0x08, 0x60, 0x08, 0x60, 0x08, 0x40, 0x08, 0x65, 0x21, 0x20, 0x00,
    0x65, 0x21, 0x03, 0x19, 0xce, 0x7b, 0xd5, 0xb5, 0x12, 0x9d, 0xea, 0x5a,
    0xb1, 0x94, 0xea, 0x5a, 0xa2, 0x08, 0xa2, 0x08, 0x45, 0x21, 0xc3, 0x10,
    0x24, 0x19, 0x24, 0x19, 0x40, 0x00, 0xc4, 0x18, 0x20, 0x08, 0x04, 0x19,
    0xe4, 0x18, 0x25, 0x21, 0xc4, 0x18, 0x24, 0x21, 0xc4, 0x10, 0xc1, 0x18,
    0xa3, 0x10, 0xe4, 0x18, 0x04, 0x19, 0x82, 0x10, 0x45, 0x19, 0xc3, 0x18,
    0x40, 0x08, 0x60, 0x08, 0x60, 0x08, 0x60, 0x08, 0x60, 0x08, 0x60, 0x08,
    0x60, 0x08, 0x60, 0x08, 0x60, 0x08, 0x60, 0x08, 0x60, 0x08, 0x60, 0x08,
    0x60, 0x08, 0x60, 0x08, 0x60, 0x08, 0x60, 0x08, 0x60, 0x08, 0x60, 0x08,
    0x60, 0x08, 0x60, 0x08, 0x60, 0x08, 0x60, 0x08, 0x60, 0x08, 0x60, 0x08,
    0x60, 0x08, 0x60, 0x08, 0x60, 0x08, 0x60, 0x08, 0x60, 0x08, 0x60, 0x08,
    0x60, 0x08, 0x60, 0x08, 0xc4, 0x18, 0xe2, 0x18, 0x85, 0x21, 0x44, 0x21,
    0x44, 0x21, 0xe2, 0x18, 0xe2, 0x18, 0xe2, 0x18, 0xe2, 0x18, 0xe2, 0x18,
    0xe2, 0x18, 0x81, 0x10, 0x03, 0x21, 0x43, 0x21, 0xa1, 0x10, 0x45, 0x21,
    0x65, 0x21, 0x00, 0x00, 0x27, 0x42, 0xe6, 0x39, 0xa4, 0x31, 0x14, 0x95,
    0x9a, 0xce, 0x00, 0x00, 0x20, 0x00, 0x20, 0x00, 0x20, 0x00, 0x20, 0x00,
    0x20, 0x00, 0x20, 0x00, 0x20, 0x00, 0x20, 0x00, 0x20, 0x00, 0x20, 0x00,
    0x20, 0x00, 0x20, 0x00, 0x20, 0x00, 0x20, 0x00, 0x20, 0x00, 0x20, 0x00,
    0x20, 0x00, 0x20, 0x00, 0x20, 0x00, 0x20, 0x00, 0x20, 0x00, 0x20, 0x00,
    0x20, 0x00, 0x20, 0x00, 0x20, 0x00, 0x20, 0x00, 0x20, 0x00, 0x20, 0x00,
    0x20, 0x00, 0x20, 0x00, 0x20, 0x00, 0x20, 0x00, 0x20, 0x00, 0x20, 0x00,
    0x20, 0x00, 0x20, 0x00, 0x20, 0x00, 0x20, 0x00, 0x20, 0x00, 0x20, 0x00,
    0x20, 0x00, 0x20, 0x00, 0x20, 0x00, 0x20, 0x00, 0x20, 0x00, 0x20, 0x00,
    0x20, 0x00, 0x20, 0x00, 0x20, 0x00, 0x20, 0x00, 0x20, 0x00, 0x20, 0x00,
    0x20, 0x00, 0x20, 0x00, 0x20, 0x00, 0x20, 0x00, 0x20, 0x00, 0x20, 0x00,
    0x20, 0x00, 0x20, 0x00, 0x20, 0x00, 0x20, 0x00, 0x20, 0x00, 0x20, 0x00,
    0x20, 0x00, 0x00, 0x00, 0x07, 0x42, 0x89, 0x52, 0x64, 0x29, 0x00, 0x00,
    0x00, 0x00, 0x4c, 0x6b, 0x2c, 0x63, 0x00, 0x00, 0x00, 0x00, 0x81, 0x10,
    0xce, 0x73, 0x08, 0x42, 0x71, 0x8c, 0xcb, 0x5a, 0x8d, 0x73, 0xae, 0x73,
    0xeb, 0x5a, 0xae, 0x73, 0xeb, 0x5a, 0x8d, 0x73, 0xad, 0x73, 0xeb, 0x5a,
    0xae, 0x73, 0x8d, 0x73, 0xeb, 0x5a, 0xae, 0x73, 0xeb, 0x5a, 0x8d, 0x73,
    0x8d, 0x73, 0xeb, 0x5a, 0xae, 0x73, 0xeb, 0x5a, 0x8d, 0x73, 0xad, 0x73,
    0xeb, 0x5a, 0x8e, 0x73, 0x6c, 0x6b, 0x2c, 0x63, 0x0b, 0x63, 0x00, 0x00,
    0x20, 0x00, 0x00, 0x00, 0xc5, 0x31, 0xe6, 0x39, 0xa5, 0x31, 0xd2, 0x9c,
    0x10, 0x84, 0xcf, 0x7b, 0x4c, 0x63, 0x00, 0x00, 0xba, 0xce, 0x92, 0x8c,
    0x00, 0x00, 0x85, 0x29, 0x40, 0x00, 0x60, 0x08, 0x60, 0x08, 0x60, 0x08,
    0x60, 0x08, 0x60, 0x08, 0x60, 0x08, 0x60, 0x08, 0x60, 0x08, 0x60, 0x08,
    0x60, 0x08, 0x60, 0x08, 0x60, 0x08, 0x60, 0x08, 0x60, 0x08, 0x60, 0x08,
    0x60, 0x08, 0x60, 0x08, 0x60, 0x08, 0x60, 0x08, 0x60, 0x08, 0x60, 0x08,
    0x60, 0x08, 0x60, 0x08, 0x60, 0x08, 0x60, 0x08, 0x60, 0x08, 0x60, 0x08,
    0x60, 0x08, 0x60, 0x08, 0x60, 0x08, 0x40, 0x08, 0x65, 0x21, 0x20, 0x00,
    0x64, 0x21, 0x44, 0x19, 0xe2, 0x18, 0x95, 0xb5, 0x6c, 0x6b, 0xa9, 0x52,
    0x13, 0xa5, 0x88, 0x4a, 0x20, 0x00, 0x24, 0x19, 0x82, 0x10, 0x82, 0x10,
    0x04, 0x19, 0xe2, 0x10, 0x40, 0x08, 0xa3, 0x10, 0x20, 0x08, 0xa2, 0x08,
    0xa3, 0x10, 0xc3, 0x18, 0xc3, 0x10, 0xc3, 0x10, 0x82, 0x10, 0xc2, 0x10,
    0x82, 0x10, 0xc2, 0x10, 0xa1, 0x10, 0x61, 0x08, 0xe3, 0x18, 0xa2, 0x10,
    0x60, 0x08, 0x60, 0x08, 0x60, 0x08, 0x60, 0x08, 0x60, 0x08, 0x60, 0x08,
    0x60, 0x08, 0x60, 0x08, 0x60, 0x08, 0x60, 0x08, 0x60, 0x08, 0x60, 0x08,
    0x60, 0x08, 0x60, 0x08, 0x60, 0x08, 0x60, 0x08, 0x60, 0x08, 0x60, 0x08,
    0x60, 0x08, 0x60, 0x08, 0x60, 0x08, 0x60, 0x08, 0x60, 0x08, 0x60, 0x08,
    0x60, 0x08, 0x60, 0x08, 0x60, 0x08, 0x60, 0x08, 0x60, 0x08, 0x60, 0x08,
    0x60, 0x08, 0x60, 0x08, 0xc3, 0x18, 0x44, 0x21, 0x04, 0x19, 0x04, 0x19,
    0x24, 0x21, 0xc2, 0x18, 0xe2, 0x18, 0xe2, 0x18, 0xe2, 0x18, 0xe2, 0x18,
    0xe2, 0x18, 0x81, 0x10, 0x64, 0x29, 0x8c, 0x6b, 0x60, 0x08, 0x65, 0x21,
    0x64, 0x21, 0x00, 0x00, 0x27, 0x42, 0xe6, 0x39, 0x84, 0x31, 0x14, 0x95,
    0x9a, 0xc6, 0x00, 0x00, 0x20, 0x00, 0x20, 0x00, 0x20, 0x00, 0x20, 0x00,
    0x20, 0x00, 0x20, 0x00, 0x20, 0x00, 0x20, 0x00, 0x20, 0x00, 0x20, 0x00,
    0x20, 0x00, 0x20, 0x00, 0x20, 0x00, 0x20, 0x00, 0x20, 0x00, 0x20, 0x00,
    0x20, 0x00, 0x20, 0x00, 0x20, 0x00, 0x20, 0x00, 0x20, 0x00, 0x20, 0x00,
    0x20, 0x00, 0x20, 0x00, 0x20, 0x00, 0x20, 0x00, 0x20, 0x00, 0x20, 0x00,
    0x20, 0x00, 0x20, 0x00, 0x20, 0x00, 0x20, 0x00, 0x20, 0x00, 0x20, 0x00,
    0x20, 0x00, 0x20, 0x00, 0x20, 0x00, 0x20, 0x00, 0x20, 0x00, 0x20, 0x00,
    0x20, 0x00, 0x20, 0x00, 0x20, 0x00, 0x20, 0x00, 0x20, 0x00, 0x20, 0x00,
    0x20, 0x00, 0x20, 0x00, 0x20, 0x00, 0x20, 0x00, 0x20, 0x00, 0x20, 0x00,
    0x20, 0x00, 0x20, 0x00, 0x20, 0x00, 0x20, 0x00, 0x20, 0x00, 0x20, 0x00,
    0x20, 0x00, 0x20, 0x00, 0x20, 0x00, 0x20, 0x00, 0x20, 0x00, 0x20, 0x00,
    0x20, 0x00, 0x00, 0x00, 0x07, 0x3a, 0x89, 0x52, 0x64, 0x29, 0x00, 0x00,
    0x00, 0x00, 0x89, 0x52, 0x48, 0x4a, 0x00, 0x00, 0x20, 0x00, 0x41, 0x08,
    0x89, 0x4a, 0x61, 0x08, 0x48, 0x4a, 0x00, 0x00, 0xc2, 0x10, 0xc2, 0x10,
    0x00, 0x00, 0xc2, 0x18, 0x00, 0x00, 0xa2, 0x10, 0xc2, 0x10, 0x00, 0x00,
    0xc2, 0x10, 0xa2, 0x10, 0x00, 0x00, 0xc2, 0x18, 0x00, 0x00, 0xc2, 0x10,
    0xc2, 0x18, 0x00, 0x00, 0xe2, 0x18, 0x00, 0x00, 0xc2, 0x10, 0xc2, 0x18,
    0x00, 0x00, 0xc2, 0x18, 0x61, 0x08, 0x00, 0x00, 0xe3, 0x18, 0x00, 0x00,
    0x20, 0x00, 0x00, 0x00, 0xc5, 0x39, 0xe6, 0x39, 0xa5, 0x31, 0xd2, 0x9c,
    0x10, 0x84, 0xaf, 0x7b, 0x4b, 0x6b, 0x00, 0x00, 0xba, 0xce, 0x91, 0x84,
    0x00, 0x00, 0x65, 0x29, 0x40, 0x00, 0x60, 0x08, 0x60, 0x08, 0x60, 0x08,
    0x60, 0x08, 0x60, 0x08, 0x60, 0x08, 0x60, 0x08, 0x60, 0x08, 0x60, 0x08,
    0x60, 0x08, 0x60, 0x08, 0x60, 0x08, 0x60, 0x08, 0x60, 0x08, 0x60, 0x08,
    0x60, 0x08, 0x60, 0x08, 0x60, 0x08, 0x60, 0x08, 0x60, 0x08, 0x60, 0x08,
    0x60, 0x08, 0x60, 0x08, 0x60, 0x08, 0x60, 0x08, 0x60, 0x08, 0x60, 0x08,
    0x60, 0x08, 0x60, 0x08, 0x60, 0x08, 0x40, 0x08, 0x65, 0x29, 0x20, 0x00,
    0x64, 0x29, 0x65, 0x21, 0x20, 0x00, 0x00, 0x00, 0x80, 0x08, 0x00, 0x00,
    0x00, 0x00, 0x20, 0x00, 0x60, 0x08, 0x40, 0x08, 0x60, 0x08, 0x60, 0x08,
    0x40, 0x08, 0x40, 0x08, 0x60, 0x08, 0x60, 0x08, 0x60, 0x08, 0x60, 0x08,
    0x60, 0x08, 0x40, 0x08, 0x60, 0x08, 0x60, 0x08, 0x60, 0x08, 0x60, 0x08,
    0x60, 0x08, 0x60, 0x08, 0x60, 0x08, 0x60, 0x08, 0x40, 0x08, 0x60, 0x08,
    0x60, 0x08, 0x60, 0x08, 0x60, 0x08, 0x60, 0x08, 0x60, 0x08, 0x60, 0x08,
    0x60, 0x08, 0x60, 0x08, 0x60, 0x08, 0x60, 0x08, 0x60, 0x08, 0x60, 0x08,
    0x60, 0x08, 0x60, 0x08, 0x60, 0x08, 0x60, 0x08, 0x60, 0x08, 0x60, 0x08,
    0x60, 0x08, 0x60, 0x08, 0x60, 0x08, 0x60, 0x08, 0x60, 0x08, 0x60, 0x08,
    0x60, 0x08, 0x60, 0x08, 0x60, 0x08, 0x60, 0x08, 0x60, 0x08, 0x60, 0x08,
    0x60, 0x08, 0x60, 0x08, 0x80, 0x08, 0x60, 0x08, 0x60, 0x08, 0x60, 0x08,
    0x80, 0x08, 0x80, 0x10, 0x81, 0x08, 0x80, 0x10, 0x81, 0x10, 0x80, 0x08,
    0x80, 0x08, 0x81, 0x10, 0xa1, 0x10, 0x60, 0x08, 0x60, 0x08, 0x65, 0x21,
    0x65, 0x21, 0x20, 0x00, 0x27, 0x42, 0xe6, 0x39, 0x85, 0x31, 0x13, 0x95,
    0x9a, 0xce, 0x00, 0x00, 0x20, 0x00, 0x20, 0x00, 0x20, 0x00, 0x20, 0x00,
    0x20, 0x00, 0x20, 0x00, 0x20, 0x00, 0x20, 0x00, 0x20, 0x00, 0x20, 0x00,
    0x20, 0x00, 0x20, 0x00, 0x20, 0x00, 0x20, 0x00, 0x20, 0x00, 0x20, 0x00,
    0x20, 0x00, 0x20, 0x00, 0x20, 0x00, 0x20, 0x00, 0x20, 0x00, 0x20, 0x00,
    0x20, 0x00, 0x20, 0x00, 0x20, 0x00, 0x20, 0x00, 0x20, 0x00, 0x20, 0x00,
    0x20, 0x00, 0x20, 0x00, 0x20, 0x00, 0x20, 0x00, 0x20, 0x00, 0x20, 0x00,
    0x20, 0x00, 0x20, 0x00, 0x20, 0x00, 0x20, 0x00, 0x20, 0x00, 0x20, 0x00,
    0x20, 0x00, 0x20, 0x00, 0x20, 0x00, 0x20, 0x00, 0x20, 0x00, 0x20, 0x00,
    0x20, 0x00, 0x20, 0x00, 0x20, 0x00, 0x20, 0x00, 0x20, 0x00, 0x20, 0x00,
    0x20, 0x00, 0x20, 0x00, 0x20, 0x00, 0x20, 0x00, 0x20, 0x00, 0x20, 0x00,
    0x20, 0x00, 0x20, 0x00, 0x20, 0x00, 0x20, 0x00, 0x20, 0x00, 0x20, 0x00,
    0x20, 0x00, 0x00, 0x00, 0x07, 0x3a, 0x89, 0x52, 0x63, 0x29, 0x20, 0x00,
    0x20, 0x00, 0x00, 0x00, 0x00, 0x00, 0x20, 0x00, 0x20, 0x00, 0x00, 0x00,
    0x00, 0x00, 0x00, 0x00, 0x03, 0x19, 0x00, 0x00, 0x03, 0x21, 0x03, 0x19,
    0x00, 0x00, 0x24, 0x21, 0x00, 0x00, 0xe3, 0x18, 0xe1, 0x18, 0x00, 0x00,
    0x82, 0x20, 0xa1, 0x18, 0x00, 0x00, 0x00, 0x21, 0x00, 0x00, 0x02, 0x19,
    0x03, 0x21, 0x00, 0x00, 0x24, 0x21, 0x00, 0x00, 0x03, 0x19, 0x03, 0x21,
    0x00, 0x00, 0x03, 0x21, 0xa2, 0x10, 0x40, 0x00, 0x03, 0x21, 0x00, 0x00,
    0x20, 0x00, 0x00, 0x00, 0xc6, 0x31, 0xe6, 0x39, 0xa5, 0x31, 0xd2, 0x9c,
    0x10, 0x84, 0xaf, 0x7b, 0x4b, 0x63, 0x00, 0x00, 0xba, 0xce, 0x92, 0x84,
    0x00, 0x00, 0x85, 0x29, 0x20, 0x00, 0x60, 0x08, 0x60, 0x08, 0x60, 0x08,
    0x60, 0x08, 0x60, 0x08, 0x60, 0x08, 0x60, 0x08, 0x60, 0x08, 0x60, 0x08,
    0x60, 0x08, 0x60, 0x08, 0x60, 0x08, 0x60, 0x08, 0x60, 0x08, 0x60, 0x08,
    0x60, 0x08, 0x60, 0x08, 0x60, 0x08, 0x60, 0x08, 0x60, 0x08, 0x60, 0x08,
    0x60, 0x08, 0x60, 0x08, 0x60, 0x08, 0x60, 0x08, 0x60, 0x08, 0x60, 0x08,
    0x60, 0x08, 0x60, 0x08, 0x60, 0x08, 0x40, 0x00, 0x65, 0x21, 0x20, 0x00,
    0x64, 0x29, 0x65, 0x21, 0x40, 0x00, 0x20, 0x00, 0x00, 0x00, 0x20, 0x00,
    0x00, 0x00, 0x40, 0x00, 0x60, 0x08, 0x40, 0x08, 0x60, 0x08, 0x60, 0x08,
    0x60, 0x08, 0x60, 0x08, 0x60, 0x08, 0x60, 0x08, 0x60, 0x08, 0x40, 0x08,
    0x60, 0x08, 0x60, 0x08, 0x60, 0x08, 0x60, 0x08, 0x60, 0x08, 0x60, 0x08,
    0x60, 0x08, 0x40, 0x08, 0x60, 0x08, 0x60, 0x08, 0x60, 0x08, 0x60, 0x08,
    0x60, 0x08, 0x60, 0x08, 0x40, 0x08, 0x60, 0x08, 0x60, 0x08, 0x60, 0x08,
    0x60, 0x08, 0x60, 0x08, 0x60, 0x08, 0x60, 0x08, 0x60, 0x08, 0x60, 0x08,
    0x60, 0x08, 0x60, 0x08, 0x60, 0x08, 0x60, 0x08, 0x60, 0x08, 0x60, 0x08,
    0x60, 0x08, 0x60, 0x08, 0x60, 0x08, 0x60, 0x08, 0x60, 0x08, 0x60, 0x08,
    0x60, 0x08, 0x60, 0x08, 0x60, 0x08, 0x60, 0x08, 0x60, 0x08, 0x60, 0x08,
    0x60, 0x08, 0x60, 0x08, 0x81, 0x10, 0x80, 0x10, 0x80, 0x10, 0x80, 0x08,
    0x80, 0x10, 0x81, 0x08, 0x80, 0x08, 0x80, 0x08, 0x81, 0x10, 0x80, 0x08,
    0x80, 0x08, 0x80, 0x08, 0xa1, 0x10, 0x02, 0x19, 0x60, 0x10, 0x45, 0x21,
    0x65, 0x21, 0x00, 0x00, 0x27, 0x42, 0xe6, 0x39, 0x85, 0x31, 0x13, 0x9d,
    0x9a, 0xc6, 0x00, 0x00, 0x20, 0x00, 0x20, 0x00, 0x20, 0x00, 0x20, 0x00,
    0x20, 0x00, 0x20, 0x00, 0x20, 0x00, 0x20, 0x00, 0x20, 0x00, 0x20, 0x00,
    0x20, 0x00, 0x20, 0x00, 0x20, 0x00, 0x20, 0x00, 0x20, 0x00, 0x20, 0x00,
    0x20, 0x00, 0x20, 0x00, 0x20, 0x00, 0x20, 0x00, 0x20, 0x00, 0x20, 0x00,
    0x20, 0x00, 0x20, 0x00, 0x20, 0x00, 0x20, 0x00, 0x20, 0x00, 0x20, 0x00,
    0x20, 0x00, 0x20, 0x00, 0x20, 0x00, 0x20, 0x00, 0x20, 0x00, 0x20, 0x00,
    0x20, 0x00, 0x20, 0x00, 0x20, 0x00, 0x20, 0x00, 0x20, 0x00, 0x20, 0x00,
    0x20, 0x00, 0x20, 0x00, 0x20, 0x00, 0x20, 0x00, 0x20, 0x00, 0x20, 0x00,
    0x20, 0x00, 0x20, 0x00, 0x20, 0x00, 0x20, 0x00, 0x20, 0x00, 0x20, 0x00,
    0x20, 0x00, 0x20, 0x00, 0x20, 0x00, 0x20, 0x00, 0x20, 0x00, 0x20, 0x00,
    0x20, 0x00, 0x20, 0x00, 0x20, 0x00, 0x20, 0x00, 0x20, 0x00, 0x20, 0x00,
    0x20, 0x00, 0x00, 0x00, 0x07, 0x3a, 0x89, 0x52, 0x64, 0x29, 0x00, 0x00,
    0x00, 0x00, 0xe6, 0x39, 0xca, 0x52, 0x00, 0x00, 0x20, 0x00, 0x20, 0x00,
    0x20, 0x00, 0x00, 0x00, 0x24, 0x21, 0x00, 0x00, 0x03, 0x21, 0x03, 0x21,
    0x00, 0x00, 0x23, 0x21, 0x00, 0x00, 0xc2, 0x18, 0xbc, 0x29, 0x7f, 0x31,
    0x0d, 0x1d, 0x18, 0x23, 0xbf, 0x31, 0xdf, 0x31, 0xff, 0x31, 0xca, 0x10,
    0x02, 0x19, 0x00, 0x00, 0x24, 0x21, 0x00, 0x00, 0x03, 0x21, 0x03, 0x19,
    0x00, 0x00, 0x04, 0x21, 0xa2, 0x10, 0x41, 0x00, 0x23, 0x21, 0x00, 0x00,
    0x20, 0x00, 0x00, 0x00, 0xc5, 0x39, 0xe6, 0x39, 0xa5, 0x31, 0xd2, 0x9c,
    0x10, 0x84, 0xaf, 0x7b, 0x4c, 0x63, 0x00, 0x00, 0xba, 0xce, 0x91, 0x8c,
    0x00, 0x00, 0x85, 0x29, 0x40, 0x08, 0x60, 0x08, 0x60, 0x08, 0x60, 0x08,
    0x60, 0x08, 0x60, 0x08, 0x60, 0x08, 0x60, 0x08, 0x60, 0x08, 0x60, 0x08,
    0x60, 0x08, 0x60, 0x08, 0x60, 0x08, 0x60, 0x08, 0x60, 0x08, 0x60, 0x08,
    0x60, 0x08, 0x60, 0x08, 0x60, 0x08, 0x60, 0x08, 0x60, 0x08, 0x60, 0x08,
    0x60, 0x08, 0x60, 0x08, 0x60, 0x08, 0x60, 0x08, 0x60, 0x08, 0x60, 0x08,
    0x60, 0x08, 0x60, 0x08, 0x60, 0x08, 0x40, 0x08, 0x65, 0x21, 0x20, 0x00,
    0x64, 0x29, 0x44, 0x21, 0x20, 0x00, 0x48, 0x4a, 0x6c, 0x6b, 0xe6, 0x39,
    0x2f, 0x84, 0xc6, 0x39, 0x20, 0x00, 0xe3, 0x10, 0x40, 0x08, 0x60, 0x08,
    0x40, 0x00, 0x60, 0x08, 0x40, 0x08, 0xa2, 0x08, 0x40, 0x08, 0xc2, 0x10,
    0x62, 0x10, 0x40, 0x00, 0x40, 0x08, 0x60, 0x08, 0x40, 0x08, 0x40, 0x00,
    0xa1, 0x08, 0xc2, 0x10, 0x81, 0x10, 0x40, 0x08, 0x60, 0x08, 0x40, 0x08,
    0x60, 0x08, 0x81, 0x08, 0xa2, 0x10, 0x60, 0x08, 0x60, 0x08, 0x40, 0x08,
    0x40, 0x00, 0x81, 0x08, 0x60, 0x08, 0x60, 0x08, 0x60, 0x08, 0x60, 0x08,
    0x60, 0x08, 0x60, 0x08, 0x60, 0x08, 0x60, 0x08, 0x60, 0x08, 0x60, 0x08,
    0x60, 0x08, 0x60, 0x08, 0x60, 0x08, 0x60, 0x08, 0x60, 0x08, 0x60, 0x08,
    0x60, 0x08, 0x60, 0x08, 0x60, 0x08, 0x60, 0x08, 0x60, 0x08, 0x60, 0x08,
    0x60, 0x08, 0x61, 0x08, 0x03, 0x19, 0xa1, 0x10, 0x03, 0x19, 0xc3, 0x18,
    0xc2, 0x10, 0xa1, 0x18, 0xa1, 0x10, 0xc2, 0x10, 0xa1, 0x18, 0xc2, 0x10,
    0xc2, 0x18, 0x80, 0x10, 0x64, 0x29, 0x68, 0x4a, 0xa1, 0x10, 0x45, 0x19,
    0x64, 0x21, 0x20, 0x00, 0x27, 0x42, 0xe6, 0x39, 0x85, 0x31, 0x13, 0x9d,
    0x99, 0xc6, 0x00, 0x00, 0x20, 0x00, 0x20, 0x00, 0x20, 0x00, 0x20, 0x00,
    0x20, 0x00, 0x20, 0x00, 0x20, 0x00, 0x20, 0x00, 0x20, 0x00, 0x20, 0x00,
    0x20, 0x00, 0x20, 0x00, 0x20, 0x00, 0x20, 0x00, 0x20, 0x00, 0x20, 0x00,
    0x20, 0x00, 0x20, 0x00, 0x20, 0x00, 0x20, 0x00, 0x20, 0x00, 0x20, 0x00,
    0x20, 0x00, 0x20, 0x00, 0x20, 0x00, 0x20, 0x00, 0x20, 0x00, 0x20, 0x00,
    0x20, 0x00, 0x20, 0x00, 0x20, 0x00, 0x20, 0x00, 0x20, 0x00, 0x20, 0x00,
    0x20, 0x00, 0x20, 0x00, 0x20, 0x00, 0x20, 0x00, 0x20, 0x00, 0x20, 0x00,
    0x20, 0x00, 0x20, 0x00, 0x20, 0x00, 0x20, 0x00, 0x20, 0x00, 0x20, 0x00,
    0x20, 0x00, 0x20, 0x00, 0x20, 0x00, 0x20, 0x00, 0x20, 0x00, 0x20, 0x00,
    0x20, 0x00, 0x20, 0x00, 0x20, 0x00, 0x20, 0x00, 0x20, 0x00, 0x20, 0x00,
    0x20, 0x00, 0x20, 0x00, 0x20, 0x00, 0x20, 0x00, 0x20, 0x00, 0x20, 0x00,
    0x20, 0x00, 0x00, 0x00, 0x07, 0x3a, 0x89, 0x52, 0x64, 0x29, 0x00, 0x00,
    0x00, 0x00, 0xa9, 0x52, 0xae, 0x73, 0x00, 0x00, 0x00, 0x00, 0x00, 0x00,
    0x00, 0x00, 0x00, 0x00, 0xe3, 0x18, 0x00, 0x00, 0x03, 0x19, 0x03, 0x19,
    0x00, 0x00, 0x24, 0x21, 0x00, 0x00, 0xe3, 0x18, 0x3f, 0x3a, 0xbf, 0x39,
    0xe0, 0x07, 0x12, 0x1d, 0xdf, 0x39, 0x1f, 0x32, 0x3f, 0x3a, 0x11, 0x19,
    0x02, 0x21, 0x00, 0x00, 0x03, 0x21, 0x00, 0x00, 0x03, 0x19, 0x03, 0x19,
    0x00, 0x00, 0x03, 0x21, 0xa2, 0x10, 0x40, 0x00, 0x04, 0x21, 0x00, 0x00,
    0x20, 0x00, 0x00, 0x00, 0xc5, 0x31, 0xe6, 0x39, 0xa5, 0x31, 0xd2, 0x9c,
    0x10, 0x84, 0xcf, 0x7b, 0x2b, 0x63, 0x00, 0x00, 0xba, 0xce, 0x91, 0x84,
    0x00, 0x00, 0x85, 0x29, 0x40, 0x00, 0x60, 0x08, 0x60, 0x08, 0x60, 0x08,
    0x60, 0x08, 0x60, 0x08, 0x60, 0x08, 0x60, 0x08, 0x60, 0x08, 0x60, 0x08,
    0x60, 0x08, 0x60, 0x08, 0x60, 0x08, 0x60, 0x08, 0x60, 0x08, 0x60, 0x08,
    0x60, 0x08, 0x60, 0x08, 0x60, 0x08, 0x60, 0x08, 0x60, 0x08, 0x60, 0x08,
    0x60, 0x08, 0x60, 0x08, 0x60, 0x08, 0x60, 0x08, 0x60, 0x08, 0x60, 0x08,
    0x60, 0x08, 0x60, 0x08, 0x60, 0x08, 0x40, 0x08, 0x65, 0x29, 0x20, 0x00,
    0x64, 0x21, 0x03, 0x19, 0x2b, 0x63, 0xd5, 0xb5, 0x50, 0x8c, 0xea, 0x5a,
    0x54, 0xad, 0xc9, 0x52, 0xa2, 0x08, 0x61, 0x00, 0x62, 0x10, 0x62, 0x10,
    0xe4, 0x10, 0xa3, 0x10, 0x60, 0x08, 0x26, 0x21, 0x20, 0x08, 0xc3, 0x10,
    0xa4, 0x10, 0xe3, 0x10, 0xa3, 0x10, 0xa2, 0x10, 0xa3, 0x10, 0x02, 0x19,
    0x41, 0x08, 0x63, 0x10, 0xc3, 0x18, 0xc3, 0x18, 0xa1, 0x08, 0xe3, 0x10,
    0x40, 0x08, 0xc3, 0x18, 0x03, 0x19, 0x61, 0x08, 0xa2, 0x10, 0xc3, 0x10,
    0xc3, 0x10, 0xe4, 0x18, 0x40, 0x08, 0x60, 0x08, 0x60, 0x08, 0x60, 0x08,
    0x60, 0x08, 0x60, 0x08, 0x60, 0x08, 0x60, 0x08, 0x60, 0x08, 0x60, 0x08,
    0x60, 0x08, 0x60, 0x08, 0x60, 0x08, 0x60, 0x08, 0x60, 0x08, 0x60, 0x08,
    0x60, 0x08, 0x60, 0x08, 0x60, 0x08, 0x60, 0x08, 0x60, 0x08, 0x60, 0x08,
    0x60, 0x08, 0x60, 0x08, 0x03, 0x19, 0xe2, 0x18, 0x65, 0x21, 0x04, 0x21,
    0x23, 0x21, 0xe2, 0x18, 0xe2, 0x18, 0xe2, 0x18, 0xe2, 0x18, 0xe2, 0x18,
    0xe2, 0x18, 0x81, 0x10, 0xa1, 0x10, 0x23, 0x21, 0x60, 0x08, 0x45, 0x21,
    0x65, 0x21, 0x20, 0x00, 0x27, 0x42, 0xe6, 0x39, 0xa5, 0x31, 0x13, 0x9d,
    0x99, 0xc6, 0x00, 0x00, 0x00, 0x00, 0x00, 0x00, 0x00, 0x00, 0x00, 0x00,
    0x00, 0x00, 0x00, 0x00, 0x00, 0x00, 0x00, 0x00, 0x00, 0x00, 0x00, 0x00,
    0x00, 0x00, 0x00, 0x00, 0x00, 0x00, 0x00, 0x00, 0x00, 0x00, 0x00, 0x00,
    0x00, 0x00, 0x00, 0x00, 0x00, 0x00, 0x00, 0x00, 0x00, 0x00, 0x00, 0x00,
    0x00, 0x00, 0x00, 0x00, 0x00, 0x00, 0x00, 0x00, 0x00, 0x00, 0x00, 0x00,
    0x00, 0x00, 0x00, 0x00, 0x00, 0x00, 0x00, 0x00, 0x00, 0x00, 0x00, 0x00,
    0x00, 0x00, 0x00, 0x00, 0x00, 0x00, 0x00, 0x00, 0x00, 0x00, 0x00, 0x00,
    0x00, 0x00, 0x00, 0x00, 0x00, 0x00, 0x00, 0x00, 0x00, 0x00, 0x00, 0x00,
    0x00, 0x00, 0x00, 0x00, 0x00, 0x00, 0x00, 0x00, 0x00, 0x00, 0x00, 0x00,
    0x00, 0x00, 0x00, 0x00, 0x00, 0x00, 0x00, 0x00, 0x00, 0x00, 0x00, 0x00,
    0x00, 0x00, 0x00, 0x00, 0x00, 0x00, 0x00, 0x00, 0x00, 0x00, 0x00, 0x00,
    0x00, 0x00, 0x00, 0x00, 0xc6, 0x39, 0x88, 0x52, 0x64, 0x29, 0x00, 0x00,
    0x20, 0x00, 0x40, 0x00, 0x20, 0x00, 0x00, 0x00, 0x82, 0x10, 0x48, 0x4a,
    0xaa, 0x52, 0x69, 0x4a, 0xeb, 0x5a, 0x00, 0x00, 0xc2, 0x10, 0xc2, 0x10,
    0x00, 0x00, 0xc3, 0x18, 0x00, 0x00, 0x80, 0x10, 0xec, 0x18, 0x4e, 0x08,
    0x44, 0x14, 0x0a, 0x12, 0x6e, 0x10, 0x2f, 0x21, 0xae, 0x08, 0xa3, 0x10,
    0xc2, 0x10, 0x00, 0x00, 0xc2, 0x18, 0x00, 0x00, 0xc2, 0x10, 0xc2, 0x10,
    0x00, 0x00, 0xc2, 0x18, 0x61, 0x08, 0x00, 0x00, 0xe3, 0x18, 0x00, 0x00,
    0x20, 0x00, 0x00, 0x00, 0xc6, 0x31, 0xe6, 0x39, 0xa5, 0x31, 0xd2, 0x9c,
    0x10, 0x84, 0xaf, 0x73, 0xad, 0x73, 0x28, 0x42, 0xba, 0xce, 0x91, 0x84,
    0x00, 0x00, 0x65, 0x29, 0x40, 0x00, 0x60, 0x08, 0x60, 0x08, 0x60, 0x08,
    0x60, 0x08, 0x60, 0x08, 0x60, 0x08, 0x60, 0x08, 0x60, 0x08, 0x60, 0x08,
    0x60, 0x08, 0x60, 0x08, 0x60, 0x08, 0x60, 0x08, 0x60, 0x08, 0x60, 0x08,
    0x60, 0x08, 0x60, 0x08, 0x60, 0x08, 0x60, 0x08, 0x60, 0x08, 0x60, 0x08,
    0x60, 0x08, 0x60, 0x08, 0x60, 0x08, 0x60, 0x08, 0x60, 0x08, 0x60, 0x08,
    0x60, 0x08, 0x60, 0x08, 0x60, 0x08, 0x40, 0x08, 0x65, 0x21, 0x20, 0x00,
    0x64, 0x21, 0x03, 0x19, 0xad, 0x73, 0xd6, 0xbd, 0xf2, 0x9c, 0xea, 0x5a,
    0xb1, 0x94, 0xea, 0x5a, 0x81, 0x08, 0xa2, 0x08, 0x65, 0x21, 0xc3, 0x10,
    0x24, 0x19, 0x24, 0x19, 0x40, 0x00, 0xc4, 0x18, 0x20, 0x08, 0x04, 0x19,
    0xe4, 0x20, 0x04, 0x19, 0xc3, 0x18, 0x44, 0x21, 0xa4, 0x10, 0xc1, 0x18,
    0x61, 0x08, 0x63, 0x10, 0x25, 0x21, 0xc4, 0x18, 0xc5, 0x18, 0x44, 0x21,
    0x61, 0x08, 0xe2, 0x10, 0x81, 0x08, 0x65, 0x21, 0xe3, 0x10, 0xc2, 0x10,
    0xc3, 0x10, 0x24, 0x19, 0x60, 0x08, 0x60, 0x08, 0x60, 0x08, 0x60, 0x08,
    0x60, 0x08, 0x60, 0x08, 0x60, 0x08, 0x60, 0x08, 0x60, 0x08, 0x60, 0x08,
    0x60, 0x08, 0x60, 0x08, 0x60, 0x08, 0x60, 0x08, 0x60, 0x08, 0x60, 0x08,
    0x60, 0x08, 0x60, 0x08, 0x60, 0x08, 0x60, 0x08, 0x60, 0x08, 0x60, 0x08,
    0x60, 0x08, 0x60, 0x08, 0x24, 0x19, 0xe2, 0x18, 0x24, 0x19, 0x44, 0x21,
    0x23, 0x21, 0xe2, 0x18, 0xe2, 0x18, 0xe2, 0x18, 0xe2, 0x18, 0xe2, 0x18,
    0xe2, 0x18, 0x81, 0x10, 0x43, 0x21, 0xa5, 0x31, 0xa1, 0x10, 0x45, 0x21,
    0x64, 0x21, 0x00, 0x00, 0x27, 0x42, 0xe6, 0x39, 0x85, 0x31, 0x13, 0x9d,
    0xba, 0xc6, 0x28, 0x42, 0x89, 0x52, 0xa9, 0x52, 0x89, 0x52, 0x89, 0x52,
    0xa9, 0x52, 0x89, 0x52, 0x89, 0x52, 0x89, 0x52, 0xa9, 0x52, 0x89, 0x52,
    0x89, 0x52, 0xa9, 0x52, 0x89, 0x52, 0x89, 0x52, 0xa9, 0x52, 0x89, 0x52,
    0x89, 0x52, 0xa9, 0x52, 0x89, 0x52, 0x89, 0x52, 0xa9, 0x52, 0x89, 0x52,
    0x89, 0x52, 0x89, 0x52, 0x89, 0x52, 0xa9, 0x52, 0x89, 0x52, 0x89, 0x52,
    0x89, 0x52, 0x89, 0x52, 0xa9, 0x52, 0x89, 0x52, 0x8a, 0x52, 0xa9, 0x52,
    0x89, 0x4a, 0x8a, 0x52, 0xa9, 0x52, 0x89, 0x4a, 0x89, 0x4a, 0xaa, 0x52,
    0x89, 0x52, 0x89, 0x4a, 0xaa, 0x52, 0x89, 0x4a, 0xa9, 0x52, 0x89, 0x52,
    0xa9, 0x4a, 0x89, 0x4a, 0xa9, 0x52, 0x89, 0x52, 0xa9, 0x4a, 0x89, 0x52,
    0xa9, 0x52, 0xa9, 0x4a, 0x89, 0x52, 0xa9, 0x52, 0xa9, 0x52, 0x89, 0x52,
    0xa9, 0x4a, 0xa9, 0x52, 0x89, 0x52, 0xa9, 0x52, 0x89, 0x52, 0xa9, 0x52,
    0x89, 0x52, 0x69, 0x4a, 0xef, 0x7b, 0x68, 0x4a, 0x64, 0x29, 0x00, 0x00,
    0x20, 0x00, 0x00, 0x00, 0x48, 0x42, 0x00, 0x00, 0xe7, 0x39, 0xc6, 0x39,
    0x07, 0x42, 0x24, 0x21, 0xad, 0x73, 0xeb, 0x5a, 0x8d, 0x73, 0x8d, 0x73,
    0xeb, 0x5a, 0xae, 0x73, 0xeb, 0x5a, 0x8d, 0x73, 0x8c, 0x73, 0xa9, 0x5a,
    0x2c, 0x6c, 0x6c, 0x6b, 0xc9, 0x5a, 0x8c, 0x73, 0xc9, 0x5a, 0x8d, 0x73,
    0x8d, 0x73, 0xeb, 0x5a, 0xae, 0x73, 0xeb, 0x5a, 0x8e, 0x73, 0x8e, 0x73,
    0xeb, 0x5a, 0xad, 0x73, 0x6d, 0x6b, 0x2c, 0x63, 0x0b, 0x5b, 0x00, 0x00,
    0x20, 0x00, 0x00, 0x00, 0xc5, 0x39, 0xe6, 0x39, 0xa5, 0x31, 0xd2, 0x9c,
    0x10, 0x84, 0xae, 0x73, 0xee, 0x7b, 0xef, 0x83, 0xbb, 0xce, 0x71, 0x84,
    0x00, 0x00, 0x85, 0x29, 0x20, 0x00, 0x60, 0x08, 0x60, 0x08, 0x60, 0x08,
    0x60, 0x08, 0x60, 0x08, 0x60, 0x08, 0x60, 0x08, 0x60, 0x08, 0x60, 0x08,
    0x60, 0x08, 0x60, 0x08, 0x60, 0x08, 0x60, 0x08, 0x60, 0x08, 0x60, 0x08,
    0x60, 0x08, 0x60, 0x08, 0x60, 0x08, 0x60, 0x08, 0x60, 0x08, 0x60, 0x08,
    0x60, 0x08, 0x60, 0x08, 0x60, 0x08, 0x60, 0x08, 0x60, 0x08, 0x60, 0x08,
    0x60, 0x08, 0x60, 0x08, 0x60, 0x08, 0x40, 0x08, 0x65, 0x21, 0x20, 0x00,
    0x64, 0x29, 0x44, 0x21, 0x81, 0x10, 0xb1, 0x94, 0x0b, 0x5b, 0x47, 0x42,
    0x70, 0x8c, 0x27, 0x42, 0x20, 0x00, 0x03, 0x19, 0x82, 0x10, 0xa2, 0x10,
    0xe3, 0x18, 0xc2, 0x10, 0x40, 0x08, 0x82, 0x10, 0x40, 0x08, 0x81, 0x08,
    0xa2, 0x10, 0xc3, 0x18, 0xa2, 0x10, 0xa2, 0x10, 0x82, 0x10, 0xa2, 0x10,
    0x61, 0x08, 0x61, 0x08, 0xc2, 0x18, 0xa2, 0x10, 0x61, 0x10, 0xe3, 0x18,
    0x20, 0x08, 0xa3, 0x18, 0xe3, 0x10, 0x82, 0x10, 0xa2, 0x10, 0xc2, 0x18,
    0xc2, 0x10, 0xe4, 0x18, 0x40, 0x08, 0x60, 0x08, 0x60, 0x08, 0x60, 0x08,
    0x60, 0x08, 0x60, 0x08, 0x60, 0x08, 0x60, 0x08, 0x60, 0x08, 0x60, 0x08,
    0x60, 0x08, 0x60, 0x08, 0x60, 0x08, 0x60, 0x08, 0x60, 0x08, 0x60, 0x08,
    0x60, 0x08, 0x60, 0x08, 0x60, 0x08, 0x60, 0x08, 0x60, 0x08, 0x60, 0x08,
    0x60, 0x08, 0x61, 0x08, 0x23, 0x21, 0x03, 0x19, 0x03, 0x19, 0xe3, 0x18,
    0xc2, 0x18, 0xc2, 0x18, 0xc2, 0x18, 0xc2, 0x18, 0xc2, 0x18, 0xc2, 0x18,
    0xe2, 0x18, 0x80, 0x08, 0x44, 0x29, 0x2b, 0x63, 0x60, 0x08, 0x65, 0x21,
    0x65, 0x21, 0x00, 0x00, 0x27, 0x42, 0xe6, 0x39, 0x84, 0x31, 0xf3, 0x94,
    0xba, 0xce, 0x6d, 0x6b, 0xce, 0x7b, 0xce, 0x7b, 0xce, 0x7b, 0xce, 0x73,
    0xce, 0x7b, 0xce, 0x7b, 0xce, 0x73, 0xce, 0x7b, 0xce, 0x7b, 0xce, 0x73,
    0xce, 0x7b, 0xce, 0x73, 0xce, 0x7b, 0xce, 0x73, 0xce, 0x7b, 0xce, 0x73,
    0xce, 0x7b, 0xce, 0x73, 0xce, 0x7b, 0xce, 0x73, 0xce, 0x7b, 0xce, 0x73,
    0xce, 0x73, 0xce, 0x7b, 0xce, 0x73, 0xce, 0x73, 0xce, 0x7b, 0xce, 0x73,
    0xce, 0x73, 0xce, 0x7b, 0xce, 0x73, 0xce, 0x73, 0xce, 0x7b, 0xee, 0x7b,
    0xce, 0x7b, 0xce, 0x73, 0xee, 0x7b, 0xae, 0x7b, 0xce, 0x7b, 0xce, 0x73,
    0xcd, 0x73, 0xcd, 0x73, 0xad, 0x73, 0xce, 0x7b, 0xce, 0x73, 0xce, 0x73,
    0xce, 0x73, 0xae, 0x7b, 0xce, 0x73, 0xce, 0x7b, 0xad, 0x73, 0xce, 0x73,
    0xae, 0x7b, 0xce, 0x7b, 0xce, 0x73, 0xce, 0x73, 0xce, 0x73, 0xad, 0x73,
    0xcf, 0x7b, 0xcd, 0x73, 0xce, 0x73, 0xae, 0x73, 0xee, 0x7b, 0xce, 0x7b,
    0xce, 0x73, 0xce, 0x73, 0xd2, 0x9c, 0x47, 0x42, 0x64, 0x29, 0x00, 0x00,
    0x00, 0x00, 0xc2, 0x18, 0x07, 0x42, 0x00, 0x00, 0x00, 0x00, 0xa2, 0x10,
    0xc6, 0x31, 0xe3, 0x18, 0x65, 0x29, 0x00, 0x00, 0xc2, 0x18, 0xc2, 0x10,
    0x00, 0x00, 0xc2, 0x18, 0x00, 0x00, 0xa2, 0x10, 0xc2, 0x10, 0x00, 0x00,
    0x64, 0x2a, 0xa2, 0x10, 0x00, 0x00, 0xe2, 0x18, 0x00, 0x00, 0xc2, 0x10,
    0xc2, 0x10, 0x00, 0x00, 0xc3, 0x18, 0x00, 0x00, 0xc2, 0x10, 0xc2, 0x18,
    0x00, 0x00, 0xc2, 0x10, 0x61, 0x08, 0x00, 0x00, 0xe3, 0x18, 0x00, 0x00,
    0x20, 0x00, 0x00, 0x00, 0xc5, 0x39, 0xe6, 0x39, 0xa5, 0x31, 0xd2, 0x9c,
    0x10, 0x84, 0xaf, 0x7b, 0x2b, 0x63, 0x00, 0x00, 0xba, 0xce, 0x91, 0x8c,
    0x00, 0x00, 0x85, 0x29, 0x40, 0x00, 0x60, 0x08, 0x60, 0x08, 0x60, 0x08,
    0x60, 0x08, 0x60, 0x08, 0x60, 0x08, 0x60, 0x08, 0x60, 0x08, 0x60, 0x08,
    0x60, 0x08, 0x60, 0x08, 0x60, 0x08, 0x60, 0x08, 0x60, 0x08, 0x60, 0x08,
    0x60, 0x08, 0x60, 0x08, 0x60, 0x08, 0x60, 0x08, 0x60, 0x08, 0x60, 0x08,
    0x60, 0x08, 0x60, 0x08, 0x60, 0x08, 0x60, 0x08, 0x60, 0x08, 0x60, 0x08,
    0x60, 0x08, 0x60, 0x08, 0x60, 0x08, 0x40, 0x08, 0x65, 0x21, 0x20, 0x00,
    0x64, 0x29, 0x64, 0x21, 0x20, 0x00, 0x00, 0x00, 0x40, 0x00, 0x20, 0x00,
    0x00, 0x00, 0x20, 0x00, 0x60, 0x08, 0x40, 0x08, 0x60, 0x08, 0x60, 0x08,
    0x60, 0x08, 0x40, 0x08, 0x60, 0x08, 0x60, 0x08, 0x60, 0x08, 0x60, 0x08,
    0x60, 0x08, 0x60, 0x08, 0x40, 0x08, 0x60, 0x08, 0x60, 0x08, 0x40, 0x08,
    0x60, 0x08, 0x60, 0x08, 0x40, 0x08, 0x60, 0x08, 0x60, 0x08, 0x40, 0x00,
    0x60, 0x08, 0x81, 0x08, 0x40, 0x08, 0x60, 0x08, 0x60, 0x08, 0x40, 0x08,
    0x40, 0x08, 0x81, 0x08, 0x60, 0x08, 0x60, 0x08, 0x60, 0x08, 0x60, 0x08,
    0x60, 0x08, 0x60, 0x08, 0x60, 0x08, 0x60, 0x08, 0x60, 0x08, 0x60, 0x08,
    0x60, 0x08, 0x60, 0x08, 0x60, 0x08, 0x60, 0x08, 0x60, 0x08, 0x60, 0x08,
    0x60, 0x08, 0x60, 0x08, 0x60, 0x08, 0x60, 0x08, 0x60, 0x08, 0x60, 0x08,
    0x60, 0x08, 0x60, 0x08, 0x80, 0x08, 0x80, 0x08, 0x60, 0x08, 0x80, 0x08,
    0x80, 0x08, 0x80, 0x08, 0x80, 0x08, 0x80, 0x08, 0x80, 0x08, 0x80, 0x08,
    0x80, 0x08, 0x81, 0x10, 0x60, 0x08, 0x40, 0x08, 0x40, 0x08, 0x65, 0x21,
    0x65, 0x21, 0x20, 0x00, 0x27, 0x42, 0xe6, 0x39, 0x85, 0x31, 0x14, 0x95,
    0x9a, 0xc6, 0x00, 0x00, 0x00, 0x00, 0x00, 0x00, 0x00, 0x00, 0x00, 0x00,
    0x00, 0x00, 0x00, 0x00, 0x00, 0x00, 0x00, 0x00, 0x00, 0x00, 0x00, 0x00,
    0x00, 0x00, 0x00, 0x00, 0x00, 0x00, 0x00, 0x00, 0x00, 0x00, 0x00, 0x00,
    0x00, 0x00, 0x00, 0x00, 0x00, 0x00, 0x00, 0x00, 0x00, 0x00, 0x00, 0x00,
    0x00, 0x00, 0x00, 0x00, 0x00, 0x00, 0x00, 0x00, 0x00, 0x00, 0x00, 0x00,
    0x00, 0x00, 0x00, 0x00, 0x00, 0x00, 0x00, 0x00, 0x00, 0x00, 0x00, 0x00,
    0x48, 0x40, 0x08, 0x48, 0x00, 0x00, 0xef, 0x80, 0x2d, 0x70, 0x69, 0x50,
    0x53, 0xa0, 0x0c, 0x68, 0x8c, 0x60, 0x6f, 0x80, 0x00, 0x00, 0x67, 0x40,
    0x4e, 0x78, 0xcd, 0x68, 0x2c, 0x60, 0x47, 0x40, 0xd4, 0xa8, 0x0c, 0x68,
    0x0d, 0x69, 0x2e, 0x70, 0x08, 0x48, 0x00, 0x00, 0x2b, 0x60, 0xee, 0x78,
    0x23, 0x18, 0x54, 0xa8, 0x0a, 0x58, 0x6c, 0x68, 0x00, 0x00, 0x00, 0x00,
    0x00, 0x00, 0x00, 0x00, 0xc6, 0x31, 0x89, 0x52, 0x64, 0x29, 0x00, 0x00,
    0x00, 0x00, 0x85, 0x29, 0x82, 0x08, 0x20, 0x00, 0x20, 0x00, 0x00, 0x00,
    0x00, 0x00, 0x00, 0x00, 0x03, 0x21, 0x00, 0x00, 0x03, 0x21, 0x03, 0x21,
    0x00, 0x00, 0x24, 0x21, 0x00, 0x00, 0xe3, 0x18, 0x03, 0x19, 0x00, 0x00,
    0x85, 0x2a, 0x03, 0x19, 0x00, 0x00, 0x23, 0x21, 0x00, 0x00, 0x03, 0x19,
    0x03, 0x21, 0x00, 0x00, 0x23, 0x21, 0x00, 0x00, 0x03, 0x21, 0x03, 0x19,
    0x00, 0x00, 0x03, 0x21, 0xa2, 0x10, 0x40, 0x00, 0x03, 0x21, 0x00, 0x00,
    0x20, 0x00, 0x00, 0x00, 0xc6, 0x31, 0xe6, 0x39, 0xa5, 0x31, 0xd2, 0x9c,
    0x10, 0x84, 0xaf, 0x7b, 0x4c, 0x63, 0x00, 0x00, 0xba, 0xce, 0x91, 0x84,
    0x00, 0x00, 0x85, 0x29, 0x40, 0x00, 0x60, 0x08, 0x60, 0x08, 0x60, 0x08,
    0x60, 0x08, 0x60, 0x08, 0x60, 0x08, 0x60, 0x08, 0x60, 0x08, 0x60, 0x08,
    0x60, 0x08, 0x60, 0x08, 0x60, 0x08, 0x60, 0x08, 0x60, 0x08, 0x60, 0x08,
    0x60, 0x08, 0x60, 0x08, 0x60, 0x08, 0x60, 0x08, 0x60, 0x08, 0x60, 0x08,
    0x60, 0x08, 0x60, 0x08, 0x60, 0x08, 0x60, 0x08, 0x60, 0x08, 0x60, 0x08,
    0x60, 0x08, 0x60, 0x08, 0x60, 0x08, 0x40, 0x08, 0x65, 0x21, 0x20, 0x00,
    0x64, 0x29, 0x64, 0x21, 0x20, 0x00, 0x20, 0x00, 0x40, 0x00, 0x20, 0x00,
    0x00, 0x00, 0x20, 0x00, 0x60, 0x08, 0x40, 0x08, 0x60, 0x08, 0x60, 0x08,
    0x60, 0x08, 0x60, 0x08, 0x60, 0x08, 0x60, 0x08, 0x60, 0x08, 0x60, 0x08,
    0x60, 0x08, 0x60, 0x08, 0x60, 0x08, 0x60, 0x08, 0x60, 0x08, 0x60, 0x08,
    0x40, 0x08, 0x40, 0x08, 0x60, 0x08, 0x60, 0x08, 0x60, 0x08, 0x40, 0x08,
    0x60, 0x08, 0x60, 0x08, 0x60, 0x08, 0x60, 0x08, 0x60, 0x08, 0x60, 0x08,
    0x60, 0x00, 0x60, 0x08, 0x60, 0x08, 0x60, 0x08, 0x60, 0x08, 0x60, 0x08,
    0x40, 0x08, 0x60, 0x08, 0x60, 0x08, 0x40, 0x08, 0x60, 0x08, 0x60, 0x08,
    0x60, 0x08, 0x60, 0x08, 0x60, 0x08, 0x60, 0x08, 0x60, 0x08, 0x60, 0x08,
    0x60, 0x08, 0x60, 0x08, 0x60, 0x08, 0x60, 0x08, 0x60, 0x08, 0x60, 0x08,
    0x60, 0x08, 0x60, 0x08, 0x80, 0x10, 0x60, 0x10, 0x80, 0x08, 0x80, 0x10,
    0x81, 0x08, 0x80, 0x08, 0x80, 0x08, 0x80, 0x08, 0x81, 0x10, 0x80, 0x08,
    0x80, 0x08, 0x81, 0x08, 0xe2, 0x18, 0x43, 0x21, 0x80, 0x10, 0x45, 0x19,
    0x64, 0x21, 0x00, 0x00, 0x27, 0x42, 0xe6, 0x39, 0x84, 0x31, 0x14, 0x95,
    0x9a, 0xce, 0x00, 0x00, 0x20, 0x00, 0x20, 0x00, 0x20, 0x00, 0x20, 0x00,
    0x20, 0x00, 0x20, 0x00, 0x20, 0x00, 0x20, 0x00, 0x20, 0x00, 0x20, 0x00,
    0x20, 0x00, 0x20, 0x00, 0x20, 0x00, 0x20, 0x00, 0x20, 0x00, 0x20, 0x00,
    0x20, 0x00, 0x20, 0x00, 0x20, 0x00, 0x20, 0x00, 0x20, 0x00, 0x20, 0x00,
    0x20, 0x00, 0x20, 0x00, 0x20, 0x00, 0x20, 0x00, 0x20, 0x00, 0x20, 0x00,
    0x20, 0x00, 0x20, 0x00, 0x20, 0x00, 0x20, 0x00, 0x20, 0x00, 0x20, 0x00,
    0x48, 0x40, 0x48, 0x40, 0x00, 0x00, 0xec, 0x68, 0x0f, 0x78, 0x6e, 0x78,
    0x9b, 0xe0, 0x11, 0x90, 0xd4, 0xa8, 0x77, 0xc0, 0x20, 0x00, 0xe9, 0x50,
    0x0e, 0x80, 0x10, 0x89, 0x49, 0x50, 0x71, 0x90, 0xb9, 0xd0, 0x70, 0x88,
    0x30, 0x89, 0x0c, 0x68, 0xed, 0x70, 0x00, 0x00, 0xed, 0x78, 0xf7, 0xc0,
    0x65, 0x30, 0x9b, 0xe0, 0x30, 0x88, 0x6e, 0x78, 0x20, 0x00, 0x20, 0x00,
    0x20, 0x00, 0x00, 0x00, 0x07, 0x3a, 0x89, 0x52, 0x64, 0x29, 0x20, 0x00,
    0x00, 0x00, 0x81, 0x10, 0x00, 0x00, 0x20, 0x00, 0x00, 0x00, 0x00, 0x00,
    0x00, 0x00, 0x00, 0x00, 0x03, 0x19, 0x00, 0x00, 0x03, 0x19, 0x03, 0x19,
    0x00, 0x00, 0x24, 0x21, 0x00, 0x00, 0xe3, 0x18, 0x03, 0x21, 0x00, 0x00,
    0x85, 0x2a, 0xe3, 0x18, 0x00, 0x00, 0x24, 0x21, 0x00, 0x00, 0x03, 0x21,
    0x03, 0x19, 0x00, 0x00, 0x24, 0x21, 0x00, 0x00, 0x03, 0x19, 0x03, 0x21,
    0x00, 0x00, 0x03, 0x21, 0xa2, 0x10, 0x41, 0x00, 0x03, 0x21, 0x00, 0x00,
    0x20, 0x00, 0x00, 0x00, 0xc5, 0x39, 0xe6, 0x39, 0xa5, 0x31, 0xd2, 0x9c,
    0x10, 0x84, 0xcf, 0x7b, 0x4b, 0x6b, 0x00, 0x00, 0xba, 0xce, 0x92, 0x84,
    0x00, 0x00, 0x85, 0x29, 0x20, 0x00, 0x60, 0x08, 0x60, 0x08, 0x60, 0x08,
    0x60, 0x08, 0x60, 0x08, 0x60, 0x08, 0x60, 0x08, 0x60, 0x08, 0x60, 0x08,
    0x60, 0x08, 0x60, 0x08, 0x60, 0x08, 0x60, 0x08, 0x60, 0x08, 0x60, 0x08,
    0x60, 0x08, 0x60, 0x08, 0x60, 0x08, 0x60, 0x08, 0x60, 0x08, 0x60, 0x08,
    0x60, 0x08, 0x60, 0x08, 0x60, 0x08, 0x60, 0x08, 0x60, 0x08, 0x60, 0x08,
    0x60, 0x08, 0x60, 0x08, 0x60, 0x08, 0x40, 0x08, 0x65, 0x21, 0x20, 0x00,
    0x64, 0x29, 0x44, 0x21, 0x60, 0x08, 0xca, 0x5a, 0xad, 0x73, 0x48, 0x4a,
    0xf2, 0x9c, 0x27, 0x42, 0x60, 0x08, 0xe3, 0x18, 0x20, 0x08, 0x60, 0x08,
    0x40, 0x00, 0x40, 0x08, 0x60, 0x08, 0xa2, 0x08, 0x40, 0x08, 0x40, 0x08,
    0x40, 0x00, 0x40, 0x08, 0x60, 0x08, 0xa1, 0x10, 0x40, 0x00, 0x60, 0x00,
    0xe2, 0x10, 0xc2, 0x10, 0x40, 0x08, 0x40, 0x08, 0x40, 0x00, 0x03, 0x19,
    0x20, 0x08, 0xc2, 0x10, 0x40, 0x00, 0x40, 0x08, 0x40, 0x08, 0xc2, 0x08,
    0xa2, 0x10, 0x40, 0x08, 0x60, 0x08, 0x40, 0x00, 0x40, 0x08, 0x40, 0x08,
    0xe3, 0x18, 0x81, 0x08, 0x60, 0x08, 0xe3, 0x10, 0x60, 0x08, 0x60, 0x08,
    0x60, 0x08, 0x60, 0x08, 0x60, 0x08, 0x60, 0x08, 0x60, 0x08, 0x60, 0x08,
    0x60, 0x08, 0x60, 0x08, 0x60, 0x08, 0x60, 0x08, 0x60, 0x08, 0x60, 0x08,
    0x60, 0x08, 0x61, 0x08, 0x24, 0x19, 0x03, 0x19, 0xe3, 0x18, 0xe3, 0x18,
    0xc2, 0x18, 0xc2, 0x18, 0xc2, 0x18, 0xc2, 0x18, 0xc2, 0x18, 0xc2, 0x18,
    0xe2, 0x18, 0x81, 0x10, 0x43, 0x21, 0xca, 0x5a, 0x81, 0x10, 0x65, 0x19,
    0x64, 0x21, 0x00, 0x00, 0x27, 0x42, 0xe6, 0x39, 0xa4, 0x31, 0x14, 0x95,
    0x9a, 0xc6, 0x00, 0x00, 0x20, 0x00, 0x20, 0x00, 0x20, 0x00, 0x20, 0x00,
    0x20, 0x00, 0x20, 0x00, 0x20, 0x00, 0x20, 0x00, 0x20, 0x00, 0x20, 0x00,
    0x20, 0x00, 0x20, 0x00, 0x20, 0x00, 0x20, 0x00, 0x20, 0x00, 0x20, 0x00,
    0x20, 0x00, 0x20, 0x00, 0x20, 0x00, 0x20, 0x00, 0x20, 0x00, 0x20, 0x00,
    0x20, 0x00, 0x20, 0x00, 0x20, 0x00, 0x20, 0x00, 0x20, 0x00, 0x20, 0x00,
    0x20, 0x00, 0x20, 0x00, 0x20, 0x00, 0x20, 0x00, 0x20, 0x00, 0x20, 0x00,
    0x6f, 0x80, 0x63, 0x20, 0x00, 0x00, 0xca, 0x50, 0x09, 0x48, 0x6c, 0x68,
    0x4e, 0x78, 0x4d, 0x70, 0x6e, 0x78, 0x70, 0x88, 0x21, 0x10, 0x69, 0x48,
    0x6e, 0x78, 0xce, 0x78, 0x68, 0x48, 0x6d, 0x70, 0xb2, 0x90, 0x09, 0x50,
    0xcf, 0x80, 0x4f, 0x80, 0x28, 0x48, 0x00, 0x00, 0x6c, 0x68, 0x93, 0x98,
    0x89, 0x48, 0x4e, 0x78, 0x4e, 0x70, 0x6a, 0x58, 0x20, 0x00, 0x20, 0x00,
    0x20, 0x00, 0x00, 0x00, 0x07, 0x3a, 0x88, 0x52, 0x64, 0x29, 0x00, 0x00,
    0x00, 0x00, 0x8d, 0x73, 0xaa, 0x52, 0x00, 0x00, 0xa2, 0x10, 0xc7, 0x39,
    0x45, 0x29, 0x00, 0x00, 0x48, 0x42, 0x00, 0x00, 0xc2, 0x10, 0xc2, 0x10,
    0x00, 0x00, 0xc2, 0x18, 0x00, 0x00, 0xa2, 0x10, 0xc2, 0x18, 0x00, 0x00,
    0x64, 0x2a, 0xa2, 0x10, 0x00, 0x00, 0xc2, 0x18, 0x00, 0x00, 0xc2, 0x10,
    0xc2, 0x10, 0x00, 0x00, 0xc3, 0x18, 0x00, 0x00, 0xc2, 0x10, 0xc2, 0x10,
    0x00, 0x00, 0xc2, 0x18, 0x61, 0x08, 0x00, 0x00, 0xe3, 0x18, 0x00, 0x00,
    0x20, 0x00, 0x00, 0x00, 0xc5, 0x31, 0xe6, 0x39, 0xa5, 0x31, 0xd2, 0x9c,
    0x10, 0x84, 0xaf, 0x7b, 0x4b, 0x63, 0x00, 0x00, 0xba, 0xce, 0x91, 0x8c,
    0x00, 0x00, 0x85, 0x29, 0x40, 0x00, 0x60, 0x08, 0x60, 0x08, 0x60, 0x08,
    0x60, 0x08, 0x60, 0x08, 0x60, 0x08, 0x60, 0x08, 0x60, 0x08, 0x60, 0x08,
    0x60, 0x08, 0x60, 0x08, 0x60, 0x08, 0x60, 0x08, 0x60, 0x08, 0x60, 0x08,
    0x60, 0x08, 0x60, 0x08, 0x60, 0x08, 0x60, 0x08, 0x60, 0x08, 0x60, 0x08,
    0x60, 0x08, 0x60, 0x08, 0x60, 0x08, 0x60, 0x08, 0x60, 0x08, 0x60, 0x08,
    0x60, 0x08, 0x60, 0x08, 0x60, 0x08, 0x40, 0x08, 0x65, 0x21, 0x20, 0x00,
    0x64, 0x29, 0x03, 0x19, 0x6c, 0x6b, 0x17, 0xc6, 0x90, 0x8c, 0xea, 0x5a,
    0x33, 0xa5, 0xc9, 0x52, 0x81, 0x08, 0xe2, 0x18, 0xa3, 0x10, 0xc3, 0x10,
    0x04, 0x21, 0xc2, 0x10, 0x40, 0x08, 0x25, 0x21, 0xa3, 0x10, 0xc3, 0x10,
    0xc3, 0x10, 0x03, 0x19, 0x40, 0x00, 0x03, 0x11, 0xe3, 0x10, 0x60, 0x08,
    0x24, 0x21, 0xc4, 0x10, 0x24, 0x19, 0x04, 0x11, 0x82, 0x08, 0x04, 0x19,
    0x20, 0x00, 0x04, 0x19, 0x03, 0x19, 0xc4, 0x10, 0x41, 0x08, 0xe3, 0x10,
    0x40, 0x08, 0x04, 0x19, 0x82, 0x10, 0xa3, 0x10, 0x03, 0x11, 0x81, 0x08,
    0xc2, 0x10, 0x04, 0x19, 0xc2, 0x10, 0x24, 0x19, 0x24, 0x19, 0x40, 0x00,
    0x60, 0x08, 0x60, 0x08, 0x60, 0x08, 0x60, 0x08, 0x60, 0x08, 0x60, 0x08,
    0x60, 0x08, 0x60, 0x08, 0x60, 0x08, 0x60, 0x08, 0x60, 0x08, 0x60, 0x08,
    0x60, 0x08, 0x60, 0x08, 0xe3, 0x18, 0x24, 0x21, 0x45, 0x29, 0x23, 0x19,
    0xe2, 0x18, 0xe2, 0x18, 0xe2, 0x18, 0xe2, 0x18, 0xe2, 0x18, 0xe2, 0x18,
    0xe2, 0x18, 0x81, 0x10, 0xa1, 0x10, 0x80, 0x08, 0x40, 0x08, 0x65, 0x21,
    0x65, 0x21, 0x20, 0x00, 0x27, 0x42, 0xe6, 0x39, 0x85, 0x31, 0x13, 0x95,
    0x9a, 0xce, 0x00, 0x00, 0x20, 0x00, 0x20, 0x00, 0x20, 0x00, 0x20, 0x00,
    0x20, 0x00, 0x20, 0x00, 0x20, 0x00, 0x20, 0x00, 0x20, 0x00, 0x20, 0x00,
    0x20, 0x00, 0x20, 0x00, 0x20, 0x00, 0x20, 0x00, 0x20, 0x00, 0x20, 0x00,
    0x20, 0x00, 0x20, 0x00, 0x20, 0x00, 0x20, 0x00, 0x20, 0x00, 0x20, 0x00,
    0x20, 0x00, 0x20, 0x00, 0x20, 0x00, 0x20, 0x00, 0x20, 0x00, 0x20, 0x00,
    0x20, 0x00, 0x20, 0x00, 0x20, 0x00, 0x20, 0x00, 0x20, 0x00, 0x20, 0x00,
    0x20, 0x00, 0x20, 0x00, 0x20, 0x00, 0x00, 0x00, 0x20, 0x00, 0x20, 0x00,
    0x20, 0x00, 0x20, 0x00, 0x00, 0x00, 0x00, 0x00, 0x86, 0x30, 0xa5, 0x28,
    0x00, 0x00, 0x00, 0x00, 0x20, 0x00, 0x00, 0x00, 0x00, 0x00, 0x20, 0x00,
    0x00, 0x00, 0x20, 0x00, 0x40, 0x00, 0xea, 0x50, 0x20, 0x00, 0x20, 0x00,
    0x00, 0x00, 0x20, 0x00, 0x20, 0x00, 0x20, 0x00, 0x20, 0x00, 0x20, 0x00,
    0x20, 0x00, 0x00, 0x00, 0x07, 0x3a, 0x89, 0x52, 0x64, 0x29, 0x00, 0x00,
    0x00, 0x00, 0xaa, 0x52, 0xca, 0x52, 0x00, 0x00, 0xe7, 0x39, 0x0b, 0x63,
    0x71, 0x8c, 0x28, 0x42, 0x71, 0x8c, 0xcb, 0x5a, 0x8d, 0x73, 0x8e, 0x73,
    0xeb, 0x5a, 0xae, 0x73, 0xeb, 0x5a, 0x8d, 0x6b, 0x8d, 0x73, 0xcb, 0x5a,
    0x6c, 0x6c, 0x8d, 0x6b, 0xeb, 0x5a, 0xae, 0x73, 0xeb, 0x5a, 0x8d, 0x73,
    0x8e, 0x73, 0xeb, 0x5a, 0xad, 0x73, 0xeb, 0x5a, 0x8d, 0x73, 0x8e, 0x73,
    0xeb, 0x5a, 0x8d, 0x73, 0x6d, 0x6b, 0x2c, 0x63, 0x0b, 0x63, 0x00, 0x00,
    0x20, 0x00, 0x00, 0x00, 0xc6, 0x39, 0xe6, 0x39, 0xa5, 0x31, 0xd2, 0x9c,
    0x10, 0x84, 0xaf, 0x7b, 0x4c, 0x63, 0x00, 0x00, 0xba, 0xce, 0x92, 0x84,
    0x00, 0x00, 0x85, 0x29, 0x40, 0x00, 0x60, 0x08, 0x60, 0x08, 0x60, 0x08,
    0x60, 0x08, 0x60, 0x08, 0x60, 0x08, 0x60, 0x08, 0x60, 0x08, 0x60, 0x08,
    0x60, 0x08, 0x60, 0x08, 0x60, 0x08, 0x60, 0x08, 0x60, 0x08, 0x60, 0x08,
    0x60, 0x08, 0x60, 0x08, 0x60, 0x08, 0x60, 0x08, 0x60, 0x08, 0x60, 0x08,
    0x60, 0x08, 0x60, 0x08, 0x60, 0x08, 0x60, 0x08, 0x60, 0x08, 0x60, 0x08,
    0x60, 0x08, 0x60, 0x08, 0x60, 0x08, 0x40, 0x08, 0x65, 0x21, 0x20, 0x00,
    0x64, 0x29, 0x03, 0x19, 0x8c, 0x6b, 0xf6, 0xbd, 0xb1, 0x94, 0x0a, 0x5b,
    0xd1, 0x9c, 0xea, 0x5a, 0x81, 0x08, 0x24, 0x19, 0x83, 0x10, 0x04, 0x19,
    0xe4, 0x18, 0xa3, 0x18, 0xa2, 0x10, 0xe4, 0x18, 0xa3, 0x18, 0xc3, 0x10,
    0x45, 0x19, 0x03, 0x19, 0x40, 0x00, 0x45, 0x21, 0x03, 0x19, 0x40, 0x08,
    0xc3, 0x10, 0x04, 0x11, 0x24, 0x21, 0xc3, 0x10, 0xe2, 0x10, 0xc3, 0x10,
    0x81, 0x10, 0xc5, 0x18, 0xe3, 0x18, 0x04, 0x21, 0x40, 0x08, 0xe3, 0x10,
    0x24, 0x19, 0x24, 0x19, 0x03, 0x11, 0x04, 0x19, 0xe2, 0x10, 0x60, 0x08,
    0x03, 0x19, 0xe3, 0x10, 0x04, 0x11, 0x24, 0x19, 0xe3, 0x08, 0x60, 0x08,
    0x60, 0x08, 0x60, 0x08, 0x60, 0x08, 0x60, 0x08, 0x60, 0x08, 0x60, 0x08,
    0x60, 0x08, 0x60, 0x08, 0x60, 0x08, 0x60, 0x08, 0x60, 0x08, 0x60, 0x08,
    0x60, 0x08, 0x60, 0x08, 0x03, 0x19, 0x44, 0x21, 0x65, 0x21, 0x23, 0x21,
    0xe2, 0x18, 0xe2, 0x18, 0xe2, 0x18, 0xe2, 0x18, 0xe2, 0x18, 0xe2, 0x18,
    0xe2, 0x18, 0x80, 0x10, 0x84, 0x29, 0x68, 0x4a, 0xa1, 0x10, 0x45, 0x21,
    0x65, 0x21, 0x00, 0x00, 0x27, 0x42, 0xe6, 0x39, 0x85, 0x31, 0x13, 0x9d,
    0x9a, 0xc6, 0x00, 0x00, 0x20, 0x00, 0x20, 0x00, 0x20, 0x00, 0x20, 0x00,
    0x20, 0x00, 0x20, 0x00, 0x20, 0x00, 0x20, 0x00, 0x20, 0x00, 0x20, 0x00,
    0x20, 0x00, 0x20, 0x00, 0x20, 0x00, 0x20, 0x00, 0x20, 0x00, 0x20, 0x00,
    0x20, 0x00, 0x20, 0x00, 0x20, 0x00, 0x20, 0x00, 0x20, 0x00, 0x20, 0x00,
    0x20, 0x00, 0x20, 0x00, 0x20, 0x00, 0x20, 0x00, 0x20, 0x00, 0x20, 0x00,
    0x20, 0x00, 0x20, 0x00, 0x20, 0x00, 0x20, 0x00, 0x20, 0x00, 0x20, 0x00,
    0x20, 0x00, 0x20, 0x00, 0x20, 0x00, 0x20, 0x00, 0x20, 0x00, 0x20, 0x00,
    0x20, 0x00, 0x20, 0x00, 0x20, 0x00, 0x20, 0x00, 0x20, 0x00, 0x20, 0x00,
    0x20, 0x00, 0x20, 0x00, 0x20, 0x00, 0x20, 0x00, 0x20, 0x00, 0x20, 0x00,
    0x20, 0x00, 0x20, 0x00, 0x20, 0x00, 0x00, 0x00, 0x20, 0x00, 0x20, 0x00,
    0x20, 0x00, 0x20, 0x00, 0x20, 0x00, 0x20, 0x00, 0x20, 0x00, 0x20, 0x00,
    0x20, 0x00, 0x00, 0x00, 0x07, 0x3a, 0x89, 0x52, 0x64, 0x29, 0x20, 0x00,
    0x00, 0x00, 0x61, 0x08, 0x61, 0x08, 0x00, 0x00, 0x81, 0x08, 0xc6, 0x39,
    0xa2, 0x10, 0x40, 0x00, 0xc6, 0x39, 0x00, 0x00, 0xc2, 0x18, 0xc2, 0x10,
    0x00, 0x00, 0xe2, 0x18, 0x00, 0x00, 0xa2, 0x10, 0xc2, 0x10, 0x00, 0x00,
    0x64, 0x22, 0xc2, 0x10, 0x00, 0x00, 0xe2, 0x18, 0x00, 0x00, 0xc2, 0x10,
    0xc2, 0x18, 0x00, 0x00, 0xc2, 0x18, 0x00, 0x00, 0xc2, 0x10, 0xc2, 0x18,
    0x00, 0x00, 0xc2, 0x10, 0x61, 0x08, 0x00, 0x00, 0xe3, 0x18, 0x00, 0x00,
    0x20, 0x00, 0x00, 0x00, 0xc5, 0x31, 0xe6, 0x39, 0xa5, 0x31, 0xd2, 0x9c,
    0x10, 0x84, 0xaf, 0x7b, 0x4b, 0x63, 0x00, 0x00, 0xba, 0xce, 0x91, 0x84,
    0x00, 0x00, 0x65, 0x29, 0x40, 0x08, 0x60, 0x08, 0x60, 0x08, 0x60, 0x08,
    0x60, 0x08, 0x60, 0x08, 0x60, 0x08, 0x60, 0x08, 0x60, 0x08, 0x60, 0x08,
    0x60, 0x08, 0x60, 0x08, 0x60, 0x08, 0x60, 0x08, 0x60, 0x08, 0x60, 0x08,
    0x60, 0x08, 0x60, 0x08, 0x60, 0x08, 0x60, 0x08, 0x60, 0x08, 0x60, 0x08,
    0x60, 0x08, 0x60, 0x08, 0x60, 0x08, 0x60, 0x08, 0x60, 0x08, 0x60, 0x08,
    0x60, 0x08, 0x60, 0x08, 0x60, 0x08, 0x40, 0x08, 0x65, 0x21, 0x20, 0x00,
    0x64, 0x29, 0x44, 0x21, 0x40, 0x00, 0xad, 0x73, 0xca, 0x5a, 0xc6, 0x39,
    0xad, 0x73, 0xc5, 0x31, 0x40, 0x00, 0x61, 0x08, 0xe5, 0x20, 0x81, 0x10,
    0x81, 0x10, 0x81, 0x08, 0x40, 0x08, 0xe2, 0x10, 0x61, 0x08, 0x81, 0x10,
    0xc3, 0x10, 0xc2, 0x18, 0x40, 0x08, 0xa2, 0x10, 0xa1, 0x08, 0x40, 0x08,
    0xc2, 0x10, 0xa1, 0x10, 0x61, 0x08, 0x81, 0x08, 0x81, 0x08, 0xe2, 0x18,
    0x40, 0x08, 0x61, 0x08, 0xc2, 0x10, 0x61, 0x10, 0x40, 0x08, 0xa1, 0x08,
    0x81, 0x10, 0xc2, 0x10, 0x81, 0x10, 0xa1, 0x10, 0x81, 0x08, 0x60, 0x08,
    0xc2, 0x10, 0x81, 0x08, 0xa1, 0x08, 0xa1, 0x10, 0xa2, 0x08, 0x60, 0x08,
    0x60, 0x08, 0x60, 0x08, 0x60, 0x08, 0x60, 0x08, 0x60, 0x08, 0x60, 0x08,
    0x60, 0x08, 0x60, 0x08, 0x60, 0x08, 0x60, 0x08, 0x60, 0x08, 0x60, 0x08,
    0x60, 0x08, 0x61, 0x08, 0xe2, 0x18, 0xe3, 0x18, 0xa2, 0x10, 0xe2, 0x10,
    0xa1, 0x10, 0xa1, 0x10, 0xc1, 0x10, 0xc1, 0x10, 0xa1, 0x10, 0xc1, 0x10,
    0xc1, 0x10, 0x81, 0x08, 0x23, 0x21, 0x89, 0x52, 0x60, 0x08, 0x65, 0x21,
    0x64, 0x21, 0x00, 0x00, 0x27, 0x42, 0xe6, 0x39, 0xa5, 0x31, 0x13, 0x9d,
    0x99, 0xc6, 0x00, 0x00, 0x20, 0x00, 0x20, 0x00, 0x20, 0x00, 0x20, 0x00,
    0x20, 0x00, 0x20, 0x00, 0x20, 0x00, 0x20, 0x00, 0x20, 0x00, 0x20, 0x00,
    0x20, 0x00, 0x20, 0x00, 0x20, 0x00, 0x20, 0x00, 0x20, 0x00, 0x20, 0x00,
    0x20, 0x00, 0x20, 0x00, 0x20, 0x00, 0x20, 0x00, 0x20, 0x00, 0x20, 0x00,
    0x20, 0x00, 0x20, 0x00, 0x20, 0x00, 0x20, 0x00, 0x20, 0x00, 0x20, 0x00,
    0x20, 0x00, 0x20, 0x00, 0x20, 0x00, 0x20, 0x00, 0x20, 0x00, 0x20, 0x00,
    0x20, 0x00, 0x20, 0x00, 0x20, 0x00, 0x20, 0x00, 0x20, 0x00, 0x20, 0x00,
    0x20, 0x00, 0x20, 0x00, 0x20, 0x00, 0x20, 0x00, 0x20, 0x00, 0x20, 0x00,
    0x20, 0x00, 0x20, 0x00, 0x20, 0x00, 0x20, 0x00, 0x20, 0x00, 0x20, 0x00,
    0x20, 0x00, 0x20, 0x00, 0x20, 0x00, 0x20, 0x00, 0x20, 0x00, 0x20, 0x00,
    0x20, 0x00, 0x20, 0x00, 0x20, 0x00, 0x20, 0x00, 0x20, 0x00, 0x20, 0x00,
    0x20, 0x00, 0x00, 0x00, 0x07, 0x3a, 0x89, 0x52, 0x64, 0x29, 0x00, 0x00,
    0x20, 0x00, 0x40, 0x00, 0x61, 0x08, 0x20, 0x00, 0x20, 0x00, 0x00, 0x00,
    0x00, 0x00, 0x00, 0x00, 0x03, 0x21, 0x00, 0x00, 0x03, 0x19, 0x03, 0x21,
    0x00, 0x00, 0x24, 0x21, 0x00, 0x00, 0xe3, 0x18, 0x03, 0x21, 0x00, 0x00,
    0x85, 0x2a, 0xe3, 0x18, 0x00, 0x00, 0x24, 0x21, 0x00, 0x00, 0x03, 0x19,
    0x03, 0x21, 0x00, 0x00, 0x24, 0x21, 0x00, 0x00, 0x03, 0x21, 0x03, 0x19,
    0x00, 0x00, 0x03, 0x21, 0xa2, 0x10, 0x40, 0x00, 0x03, 0x21, 0x00, 0x00,
    0x20, 0x00, 0x00, 0x00, 0xc5, 0x39, 0xe6, 0x39, 0xa5, 0x31, 0xd2, 0x9c,
    0x10, 0x84, 0xcf, 0x7b, 0x4c, 0x63, 0x00, 0x00, 0xba, 0xce, 0x91, 0x8c,
    0x00, 0x00, 0x85, 0x29, 0x20, 0x00, 0x60, 0x08, 0x60, 0x08, 0x60, 0x08,
    0x60, 0x08, 0x60, 0x08, 0x60, 0x08, 0x60, 0x08, 0x60, 0x08, 0x60, 0x08,
    0x60, 0x08, 0x60, 0x08, 0x60, 0x08, 0x60, 0x08, 0x60, 0x08, 0x60, 0x08,
    0x60, 0x08, 0x60, 0x08, 0x60, 0x08, 0x60, 0x08, 0x60, 0x08, 0x60, 0x08,
    0x60, 0x08, 0x60, 0x08, 0x60, 0x08, 0x60, 0x08, 0x60, 0x08, 0x60, 0x08,
    0x60, 0x08, 0x60, 0x08, 0x60, 0x08, 0x40, 0x08, 0x65, 0x21, 0x20, 0x00,
    0x64, 0x29, 0x64, 0x21, 0x20, 0x00, 0x00, 0x00, 0x00, 0x00, 0x20, 0x00,
    0x00, 0x00, 0x20, 0x00, 0x60, 0x08, 0x60, 0x08, 0x62, 0x08, 0x60, 0x08,
    0x60, 0x08, 0x60, 0x08, 0x60, 0x08, 0x40, 0x08, 0x60, 0x08, 0x60, 0x08,
    0x61, 0x08, 0x60, 0x08, 0x60, 0x08, 0x60, 0x08, 0x60, 0x08, 0x60, 0x08,
    0x40, 0x08, 0x60, 0x08, 0x60, 0x08, 0x60, 0x08, 0x60, 0x08, 0x40, 0x08,
    0x60, 0x08, 0x60, 0x08, 0x40, 0x08, 0x60, 0x08, 0x60, 0x08, 0x60, 0x08,
    0x60, 0x08, 0x40, 0x08, 0x60, 0x08, 0x40, 0x08, 0x60, 0x08, 0x60, 0x08,
    0x40, 0x08, 0x60, 0x08, 0x60, 0x08, 0x40, 0x08, 0x60, 0x08, 0x60, 0x08,
    0x60, 0x08, 0x60, 0x08, 0x60, 0x08, 0x60, 0x08, 0x60, 0x08, 0x60, 0x08,
    0x60, 0x08, 0x60, 0x08, 0x60, 0x08, 0x60, 0x08, 0x60, 0x08, 0x60, 0x08,
    0x60, 0x08, 0x60, 0x08, 0x80, 0x08, 0x80, 0x08, 0x81, 0x08, 0x80, 0x10,
    0x81, 0x08, 0x80, 0x10, 0x81, 0x10, 0x81, 0x08, 0x80, 0x10, 0x81, 0x10,
    0x80, 0x08, 0x81, 0x10, 0x40, 0x08, 0x40, 0x00, 0x40, 0x08, 0x65, 0x21,
    0x64, 0x21, 0x20, 0x00, 0x27, 0x42, 0xe6, 0x39, 0x85, 0x31, 0x13, 0x9d,
    0x9a, 0xc6, 0x00, 0x00, 0x20, 0x00, 0x20, 0x00, 0x20, 0x00, 0x20, 0x00,
    0x20, 0x00, 0x20, 0x00, 0x20, 0x00, 0x20, 0x00, 0x20, 0x00, 0x20, 0x00,
    0x20, 0x00, 0x20, 0x00, 0x20, 0x00, 0x20, 0x00, 0x20, 0x00, 0x20, 0x00,
    0x20, 0x00, 0x20, 0x00, 0x20, 0x00, 0x20, 0x00, 0x20, 0x00, 0x20, 0x00,
    0x20, 0x00, 0x20, 0x00, 0x20, 0x00, 0x20, 0x00, 0x20, 0x00, 0x20, 0x00,
    0x20, 0x00, 0x20, 0x00, 0x20, 0x00, 0x20, 0x00, 0x20, 0x00, 0x20, 0x00,
    0x20, 0x00, 0x20, 0x00, 0x20, 0x00, 0x20, 0x00, 0x20, 0x00, 0x20, 0x00,
    0x20, 0x00, 0x20, 0x00, 0x20, 0x00, 0x20, 0x00, 0x20, 0x00, 0x20, 0x00,
    0x20, 0x00, 0x20, 0x00, 0x20, 0x00, 0x20, 0x00, 0x20, 0x00, 0x20, 0x00,
    0x20, 0x00, 0x20, 0x00, 0x20, 0x00, 0x20, 0x00, 0x20, 0x00, 0x20, 0x00,
    0x20, 0x00, 0x20, 0x00, 0x20, 0x00, 0x20, 0x00, 0x20, 0x00, 0x20, 0x00,
    0x20, 0x00, 0x00, 0x00, 0x07, 0x3a, 0x88, 0x52, 0x64, 0x29, 0x00, 0x00,
    0x00, 0x00, 0x89, 0x52, 0x85, 0x31, 0x00, 0x00, 0x20, 0x00, 0x20, 0x00,
    0x20, 0x00, 0x00, 0x00, 0x24, 0x21, 0x00, 0x00, 0x03, 0x19, 0x03, 0x21,
    0x00, 0x00, 0x24, 0x21, 0x00, 0x00, 0xe3, 0x18, 0x03, 0x21, 0x00, 0x00,
    0x85, 0x2a, 0xe3, 0x18, 0x00, 0x00, 0x23, 0x21, 0x00, 0x00, 0x03, 0x21,
    0x03, 0x19, 0x00, 0x00, 0x24, 0x21, 0x00, 0x00, 0x03, 0x19, 0x03, 0x21,
    0x00, 0x00, 0x03, 0x21, 0xa2, 0x10, 0x41, 0x00, 0x03, 0x21, 0x00, 0x00,
    0x20, 0x00, 0x00, 0x00, 0xc6, 0x31, 0xe6, 0x39, 0xa5, 0x31, 0xd2, 0x9c,
    0x10, 0x84, 0xaf, 0x7b, 0x4b, 0x6b, 0x00, 0x00, 0xba, 0xce, 0x92, 0x84,
    0x00, 0x00, 0x85, 0x29, 0x40, 0x00, 0x60, 0x08, 0x60, 0x08, 0x60, 0x08,
    0x60, 0x08, 0x60, 0x08, 0x60, 0x08, 0x60, 0x08, 0x60, 0x08, 0x60, 0x08,
    0x60, 0x08, 0x60, 0x08, 0x60, 0x08, 0x60, 0x08, 0x60, 0x08, 0x60, 0x08,
    0x60, 0x08, 0x60, 0x08, 0x60, 0x08, 0x60, 0x08, 0x60, 0x08, 0x60, 0x08,
    0x60, 0x08, 0x60, 0x08, 0x60, 0x08, 0x60, 0x08, 0x60, 0x08, 0x60, 0x08,
    0x60, 0x08, 0x60, 0x08, 0x60, 0x08, 0x40, 0x08, 0x65, 0x21, 0x20, 0x00,
    0x64, 0x29, 0x64, 0x21, 0x20, 0x00, 0x00, 0x00, 0x60, 0x08, 0x00, 0x00,
    0x00, 0x00, 0x20, 0x00, 0x60, 0x08, 0x40, 0x08, 0x60, 0x08, 0x60, 0x08,
    0x60, 0x08, 0x60, 0x08, 0x60, 0x08, 0x60, 0x08, 0x60, 0x08, 0x60, 0x08,
    0x40, 0x08, 0x60, 0x08, 0x40, 0x00, 0x60, 0x08, 0x60, 0x08, 0x60, 0x08,
    0x40, 0x08, 0x60, 0x08, 0x60, 0x08, 0x60, 0x08, 0x60, 0x08, 0x60, 0x08,
    0x60, 0x08, 0x60, 0x08, 0x60, 0x08, 0x60, 0x08, 0x60, 0x08, 0x60, 0x08,
    0x60, 0x08, 0x40, 0x08, 0x60, 0x08, 0x60, 0x08, 0x60, 0x08, 0x60, 0x08,
    0x60, 0x08, 0x60, 0x08, 0x60, 0x08, 0x40, 0x08, 0x60, 0x08, 0x40, 0x08,
    0x60, 0x08, 0x60, 0x08, 0x60, 0x08, 0x60, 0x08, 0x60, 0x08, 0x60, 0x08,
    0x60, 0x08, 0x60, 0x08, 0x60, 0x08, 0x60, 0x08, 0x60, 0x08, 0x60, 0x08,
    0x60, 0x08, 0x60, 0x08, 0x80, 0x08, 0x81, 0x10, 0x80, 0x08, 0x80, 0x10,
    0x81, 0x08, 0x80, 0x08, 0x60, 0x10, 0x80, 0x08, 0x81, 0x08, 0x60, 0x10,
    0x80, 0x08, 0x80, 0x08, 0x23, 0x21, 0x64, 0x29, 0xa1, 0x10, 0x45, 0x19,
    0x65, 0x21, 0x00, 0x00, 0x27, 0x42, 0xe6, 0x39, 0x84, 0x31, 0x13, 0x9d,
    0x9a, 0xc6, 0x00, 0x00, 0x20, 0x00, 0x20, 0x00, 0x20, 0x00, 0x20, 0x00,
    0x20, 0x00, 0x20, 0x00, 0x20, 0x00, 0x20, 0x00, 0x20, 0x00, 0x20, 0x00,
    0x20, 0x00, 0x20, 0x00, 0x20, 0x00, 0x20, 0x00, 0x20, 0x00, 0x20, 0x00,
    0x20, 0x00, 0x20, 0x00, 0x20, 0x00, 0x20, 0x00, 0x20, 0x00, 0x20, 0x00,
    0x20, 0x00, 0x20, 0x00, 0x20, 0x00, 0x20, 0x00, 0x20, 0x00, 0x20, 0x00,
    0x20, 0x00, 0x20, 0x00, 0x20, 0x00, 0x20, 0x00, 0x20, 0x00, 0x20, 0x00,
    0x20, 0x00, 0x20, 0x00, 0x20, 0x00, 0x20, 0x00, 0x20, 0x00, 0x20, 0x00,
    0x20, 0x00, 0x20, 0x00, 0x20, 0x00, 0x20, 0x00, 0x20, 0x00, 0x20, 0x00,
    0x20, 0x00, 0x20, 0x00, 0x20, 0x00, 0x20, 0x00, 0x20, 0x00, 0x20, 0x00,
    0x20, 0x00, 0x20, 0x00, 0x20, 0x00, 0x20, 0x00, 0x20, 0x00, 0x20, 0x00,
    0x20, 0x00, 0x20, 0x00, 0x20, 0x00, 0x20, 0x00, 0x20, 0x00, 0x20, 0x00,
    0x20, 0x00, 0x00, 0x00, 0xe7, 0x39, 0x89, 0x52, 0x64, 0x29, 0x20, 0x00,
    0x00, 0x00, 0xa6, 0x31, 0x40, 0x08, 0x00, 0x00, 0x00, 0x00, 0x00, 0x00,
    0x00, 0x00, 0x00, 0x00, 0xe3, 0x18, 0x00, 0x00, 0xe3, 0x18, 0xe3, 0x18,
    0x00, 0x00, 0x03, 0x19, 0x00, 0x00, 0xc2, 0x18, 0xe3, 0x18, 0x00, 0x00,
    0x85, 0x2a, 0xe2, 0x18, 0x00, 0x00, 0x03, 0x19, 0x00, 0x00, 0xe3, 0x18,
    0xe3, 0x18, 0x00, 0x00, 0x03, 0x19, 0x00, 0x00, 0xe3, 0x18, 0xe3, 0x18,
    0x00, 0x00, 0x03, 0x19, 0xa2, 0x10, 0x20, 0x00, 0x03, 0x21, 0x00, 0x00,
    0x20, 0x00, 0x00, 0x00, 0xc5, 0x39, 0xe6, 0x39, 0xa5, 0x31, 0xd2, 0x9c,
    0x10, 0x84, 0xaf, 0x7b, 0x4b, 0x63, 0x00, 0x00, 0xba, 0xce, 0x92, 0x84,
    0x00, 0x00, 0x85, 0x29, 0x40, 0x00, 0x60, 0x08, 0x60, 0x08, 0x60, 0x08,
    0x60, 0x08, 0x60, 0x08, 0x60, 0x08, 0x60, 0x08, 0x60, 0x08, 0x60, 0x08,
    0x60, 0x08, 0x60, 0x08, 0x60, 0x08, 0x60, 0x08, 0x60, 0x08, 0x60, 0x08,
    0x60, 0x08, 0x60, 0x08, 0x60, 0x08, 0x60, 0x08, 0x60, 0x08, 0x60, 0x08,
    0x60, 0x08, 0x60, 0x08, 0x60, 0x08, 0x60, 0x08, 0x60, 0x08, 0x60, 0x08,
    0x60, 0x08, 0x60, 0x08, 0x60, 0x08, 0x40, 0x08, 0x65, 0x21, 0x20, 0x00,
    0x64, 0x29, 0x44, 0x21, 0xc1, 0x10, 0xad, 0x73, 0x0f, 0x84, 0xc9, 0x52,
    0xd5, 0xb5, 0x89, 0x52, 0x61, 0x08, 0xc3, 0x10, 0x40, 0x08, 0x40, 0x08,
    0x40, 0x08, 0x40, 0x00, 0x60, 0x08, 0x60, 0x08, 0x20, 0x00, 0xc2, 0x10,
    0xa2, 0x08, 0x81, 0x10, 0xe3, 0x18, 0x20, 0x00, 0x40, 0x00, 0x82, 0x10,
    0xa2, 0x10, 0x81, 0x08, 0x81, 0x10, 0x40, 0x08, 0x40, 0x08, 0x40, 0x08,
    0x60, 0x08, 0x40, 0x00, 0x61, 0x08, 0xc1, 0x10, 0x40, 0x00, 0x40, 0x08,
    0x40, 0x08, 0x03, 0x19, 0x61, 0x08, 0x60, 0x00, 0x40, 0x08, 0x40, 0x08,
    0x40, 0x08, 0x83, 0x10, 0x82, 0x10, 0xc1, 0x08, 0x63, 0x10, 0xc3, 0x10,
    0x60, 0x08, 0x60, 0x08, 0x60, 0x08, 0x60, 0x08, 0x60, 0x08, 0x60, 0x08,
    0x60, 0x08, 0x60, 0x08, 0x60, 0x08, 0x60, 0x08, 0x60, 0x08, 0x60, 0x08,
    0x60, 0x08, 0x60, 0x08, 0x04, 0x19, 0xe2, 0x18, 0xe2, 0x18, 0xe2, 0x18,
    0xe2, 0x18, 0xe2, 0x18, 0xe2, 0x18, 0xe2, 0x18, 0xe2, 0x18, 0xe2, 0x18,
    0xe2, 0x18, 0x81, 0x10, 0x23, 0x21, 0xca, 0x5a, 0x80, 0x10, 0x45, 0x19,
    0x64, 0x21, 0x20, 0x00, 0x27, 0x42, 0xe6, 0x39, 0x85, 0x31, 0x13, 0x95,
    0x9a, 0xce, 0x00, 0x00, 0x20, 0x00, 0x20, 0x00, 0x20, 0x00, 0x20, 0x00,
    0x20, 0x00, 0x20, 0x00, 0x20, 0x00, 0x20, 0x00, 0x20, 0x00, 0x20, 0x00,
    0x20, 0x00, 0x20, 0x00, 0x20, 0x00, 0x20, 0x00, 0x20, 0x00, 0x20, 0x00,
    0x20, 0x00, 0x20, 0x00, 0x20, 0x00, 0x20, 0x00, 0x20, 0x00, 0x20, 0x00,
    0x20, 0x00, 0x20, 0x00, 0x20, 0x00, 0x20, 0x00, 0x20, 0x00, 0x20, 0x00,
    0x20, 0x00, 0x20, 0x00, 0x20, 0x00, 0x20, 0x00, 0x20, 0x00, 0x20, 0x00,
    0x20, 0x00, 0x20, 0x00, 0x20, 0x00, 0x20, 0x00, 0x20, 0x00, 0x20, 0x00,
    0x20, 0x00, 0x20, 0x00, 0x20, 0x00, 0x20, 0x00, 0x20, 0x00, 0x20, 0x00,
    0x20, 0x00, 0x20, 0x00, 0x20, 0x00, 0x20, 0x00, 0x20, 0x00, 0x20, 0x00,
    0x20, 0x00, 0x20, 0x00, 0x20, 0x00, 0x20, 0x00, 0x20, 0x00, 0x20, 0x00,
    0x20, 0x00, 0x20, 0x00, 0x20, 0x00, 0x20, 0x00, 0x20, 0x00, 0x20, 0x00,
    0x20, 0x00, 0x00, 0x00, 0x07, 0x42, 0x89, 0x52, 0x64, 0x29, 0x00, 0x00,
    0x00, 0x00, 0x61, 0x08, 0x00, 0x00, 0x00, 0x00, 0x24, 0x21, 0x13, 0xa5,
    0xaa, 0x52, 0xe3, 0x18, 0x6c, 0x6b, 0xa2, 0x10, 0xa6, 0x31, 0xa6, 0x31,
    0xc2, 0x10, 0xc6, 0x39, 0xc3, 0x18, 0x86, 0x31, 0xc6, 0x31, 0x82, 0x10,
    0x07, 0x3b, 0xa6, 0x31, 0xc3, 0x18, 0xc6, 0x31, 0xa2, 0x10, 0xa6, 0x31,
    0xa6, 0x31, 0xc2, 0x18, 0xc6, 0x39, 0xa2, 0x10, 0xa6, 0x31, 0xa6, 0x31,
    0xc3, 0x10, 0xa6, 0x31, 0x65, 0x29, 0x04, 0x21, 0x86, 0x31, 0x00, 0x00,
    0x20, 0x00, 0x00, 0x00, 0xc6, 0x31, 0x06, 0x3a, 0x85, 0x31, 0xd2, 0x9c,
    0x10, 0x84, 0xaf, 0x7b, 0x4c, 0x63, 0x00, 0x00, 0xba, 0xce, 0x91, 0x8c,
    0x00, 0x00, 0x65, 0x29, 0x40, 0x00, 0x60, 0x08, 0x60, 0x08, 0x60, 0x08,
    0x60, 0x08, 0x60, 0x08, 0x60, 0x08, 0x60, 0x08, 0x60, 0x08, 0x60, 0x08,
    0x60, 0x08, 0x60, 0x08, 0x60, 0x08, 0x60, 0x08, 0x60, 0x08, 0x60, 0x08,
    0x60, 0x08, 0x60, 0x08, 0x60, 0x08, 0x60, 0x08, 0x60, 0x08, 0x60, 0x08,
    0x60, 0x08, 0x60, 0x08, 0x60, 0x08, 0x60, 0x08, 0x60, 0x08, 0x60, 0x08,
    0x60, 0x08, 0x60, 0x08, 0x60, 0x08, 0x40, 0x08, 0x65, 0x21, 0x20, 0x00,
    0x64, 0x29, 0x03, 0x19, 0xad, 0x73, 0x17, 0xc6, 0xb1, 0x94, 0xea, 0x5a,
    0x13, 0xa5, 0xc9, 0x52, 0x81, 0x00, 0x24, 0x21, 0x83, 0x10, 0xe4, 0x18,
    0x04, 0x21, 0xc3, 0x18, 0x40, 0x08, 0xa2, 0x10, 0xc3, 0x18, 0xe3, 0x18,
    0xa3, 0x10, 0x04, 0x19, 0xe3, 0x10, 0x04, 0x21, 0x24, 0x21, 0xc2, 0x10,
    0xa1, 0x10, 0x81, 0x08, 0x04, 0x19, 0xc3, 0x10, 0x04, 0x19, 0xe3, 0x18,
    0xe3, 0x10, 0x03, 0x19, 0x62, 0x08, 0x24, 0x21, 0xc3, 0x10, 0x03, 0x11,
    0xc2, 0x10, 0x61, 0x08, 0xa2, 0x10, 0xc3, 0x18, 0xe4, 0x10, 0xe4, 0x18,
    0x61, 0x10, 0xc3, 0x10, 0x61, 0x08, 0x26, 0x29, 0x64, 0x10, 0xe5, 0x20,
    0x03, 0x19, 0x40, 0x00, 0x60, 0x08, 0x60, 0x08, 0x60, 0x08, 0x60, 0x08,
    0x60, 0x08, 0x60, 0x08, 0x60, 0x08, 0x60, 0x08, 0x60, 0x08, 0x60, 0x08,
    0x60, 0x08, 0x61, 0x08, 0x05, 0x21, 0xc2, 0x18, 0xe2, 0x18, 0xe2, 0x18,
    0xe2, 0x18, 0xe2, 0x18, 0xe2, 0x18, 0xe2, 0x18, 0xe2, 0x18, 0xe2, 0x18,
    0xe2, 0x18, 0x81, 0x10, 0x80, 0x08, 0x40, 0x08, 0x60, 0x08, 0x44, 0x21,
    0x65, 0x21, 0x20, 0x00, 0x27, 0x42, 0xe6, 0x39, 0xa5, 0x31, 0x13, 0x95,
    0x9a, 0xc6, 0x00, 0x00, 0x20, 0x00, 0x20, 0x00, 0x20, 0x00, 0x20, 0x00,
    0x20, 0x00, 0x20, 0x00, 0x20, 0x00, 0x20, 0x00, 0x20, 0x00, 0x20, 0x00,
    0x20, 0x00, 0x20, 0x00, 0x20, 0x00, 0x20, 0x00, 0x20, 0x00, 0x20, 0x00,
    0x20, 0x00, 0x20, 0x00, 0x20, 0x00, 0x20, 0x00, 0x20, 0x00, 0x20, 0x00,
    0x20, 0x00, 0x20, 0x00, 0x20, 0x00, 0x20, 0x00, 0x20, 0x00, 0x20, 0x00,
    0x20, 0x00, 0x20, 0x00, 0x20, 0x00, 0x20, 0x00, 0x20, 0x00, 0x20, 0x00,
    0x20, 0x00, 0x20, 0x00, 0x20, 0x00, 0x20, 0x00, 0x20, 0x00, 0x20, 0x00,
    0x20, 0x00, 0x20, 0x00, 0x20, 0x00, 0x20, 0x00, 0x20, 0x00, 0x20, 0x00,
    0x20, 0x00, 0x20, 0x00, 0x20, 0x00, 0x20, 0x00, 0x20, 0x00, 0x20, 0x00,
    0x20, 0x00, 0x20, 0x00, 0x20, 0x00, 0x20, 0x00, 0x20, 0x00, 0x20, 0x00,
    0x20, 0x00, 0x20, 0x00, 0x20, 0x00, 0x20, 0x00, 0x20, 0x00, 0x20, 0x00,
    0x20, 0x00, 0x00, 0x00, 0x07, 0x3a, 0x89, 0x52, 0x64, 0x29, 0x20, 0x00,
    0x00, 0x00, 0x81, 0x08, 0x89, 0x4a, 0x00, 0x00, 0xeb, 0x5a, 0x4c, 0x6b,
    0x8d, 0x73, 0x07, 0x3a, 0xeb, 0x5a, 0xc6, 0x39, 0xaa, 0x52, 0xaa, 0x52,
    0xc6, 0x39, 0xaa, 0x52, 0xe7, 0x39, 0x89, 0x52, 0xaa, 0x52, 0xa6, 0x39,
    0xa9, 0x53, 0xa9, 0x52, 0xc7, 0x39, 0xca, 0x5a, 0xc7, 0x39, 0xaa, 0x52,
    0xaa, 0x52, 0xc7, 0x39, 0xca, 0x52, 0xc7, 0x39, 0xaa, 0x52, 0xaa, 0x52,
    0xc6, 0x39, 0xaa, 0x52, 0x68, 0x4a, 0x28, 0x42, 0x48, 0x42, 0x00, 0x00,
    0x20, 0x00, 0x00, 0x00, 0xc5, 0x39, 0xe6, 0x39, 0xa5, 0x31, 0xd2, 0x9c,
    0x10, 0x84, 0xcf, 0x7b, 0x4b, 0x63, 0x00, 0x00, 0xba, 0xce, 0x91, 0x84,
    0x00, 0x00, 0x85, 0x29, 0x40, 0x00, 0x60, 0x08, 0x60, 0x08, 0x60, 0x08,
    0x60, 0x08, 0x60, 0x08, 0x60, 0x08, 0x60, 0x08, 0x60, 0x08, 0x60, 0x08,
    0x60, 0x08, 0x60, 0x08, 0x60, 0x08, 0x60, 0x08, 0x60, 0x08, 0x60, 0x08,
    0x60, 0x08, 0x60, 0x08, 0x60, 0x08, 0x60, 0x08, 0x60, 0x08, 0x60, 0x08,
    0x60, 0x08, 0x60, 0x08, 0x60, 0x08, 0x60, 0x08, 0x60, 0x08, 0x60, 0x08,
    0x60, 0x08, 0x60, 0x08, 0x60, 0x08, 0x40, 0x08, 0x65, 0x21, 0x20, 0x00,
    0x64, 0x29, 0x03, 0x19, 0x2b, 0x63, 0x16, 0xbe, 0x70, 0x8c, 0x0a, 0x5b,
    0xd1, 0x9c, 0xea, 0x5a, 0x61, 0x08, 0x45, 0x21, 0x83, 0x10, 0x05, 0x21,
    0xe4, 0x18, 0xa4, 0x18, 0x61, 0x10, 0xe3, 0x10, 0xc3, 0x18, 0xc3, 0x18,
    0x60, 0x08, 0x25, 0x19, 0x04, 0x19, 0xc4, 0x18, 0x25, 0x19, 0x41, 0x10,
    0x03, 0x19, 0x81, 0x00, 0x24, 0x19, 0xc3, 0x10, 0xe4, 0x10, 0x24, 0x21,
    0xe3, 0x10, 0x44, 0x19, 0x60, 0x08, 0x45, 0x21, 0xc3, 0x10, 0xe3, 0x10,
    0x81, 0x10, 0xa3, 0x18, 0x65, 0x29, 0xe4, 0x10, 0xe4, 0x18, 0x45, 0x21,
    0x20, 0x08, 0x81, 0x08, 0xc4, 0x18, 0xe6, 0x20, 0xc5, 0x20, 0x84, 0x18,
    0xc3, 0x10, 0x40, 0x08, 0x60, 0x08, 0x60, 0x08, 0x60, 0x08, 0x60, 0x08,
    0x60, 0x08, 0x60, 0x08, 0x60, 0x08, 0x60, 0x08, 0x60, 0x08, 0x60, 0x08,
    0x60, 0x08, 0x60, 0x08, 0xe5, 0x18, 0xe2, 0x18, 0xe2, 0x18, 0xe2, 0x18,
    0xe2, 0x18, 0xe2, 0x18, 0xe2, 0x18, 0xe2, 0x18, 0xe2, 0x18, 0xe2, 0x18,
    0xe2, 0x18, 0x80, 0x08, 0xa5, 0x31, 0x0a, 0x5b, 0xa1, 0x10, 0x44, 0x21,
    0x65, 0x21, 0x00, 0x00, 0x27, 0x42, 0xe6, 0x39, 0x84, 0x31, 0x14, 0x95,
    0x9a, 0xce, 0x00, 0x00, 0x20, 0x00, 0x20, 0x00, 0x20, 0x00, 0x20, 0x00,
    0x20, 0x00, 0x20, 0x00, 0x20, 0x00, 0x20, 0x00, 0x20, 0x00, 0x20, 0x00,
    0x20, 0x00, 0x20, 0x00, 0x20, 0x00, 0x20, 0x00, 0x20, 0x00, 0x20, 0x00,
    0x20, 0x00, 0x20, 0x00, 0x20, 0x00, 0x20, 0x00, 0x20, 0x00, 0x20, 0x00,
    0x20, 0x00, 0x20, 0x00, 0x20, 0x00, 0x20, 0x00, 0x20, 0x00, 0x20, 0x00,
    0x20, 0x00, 0x20, 0x00, 0x20, 0x00, 0x20, 0x00, 0x20, 0x00, 0x20, 0x00,
    0x20, 0x00, 0x20, 0x00, 0x20, 0x00, 0x20, 0x00, 0x20, 0x00, 0x20, 0x00,
    0x20, 0x00, 0x20, 0x00, 0x20, 0x00, 0x20, 0x00, 0x20, 0x00, 0x20, 0x00,
    0x20, 0x00, 0x20, 0x00, 0x20, 0x00, 0x20, 0x00, 0x20, 0x00, 0x20, 0x00,
    0x20, 0x00, 0x20, 0x00, 0x20, 0x00, 0x20, 0x00, 0x20, 0x00, 0x20, 0x00,
    0x20, 0x00, 0x20, 0x00, 0x20, 0x00, 0x20, 0x00, 0x20, 0x00, 0x20, 0x00,
    0x20, 0x00, 0x00, 0x00, 0x07, 0x3a, 0x88, 0x52, 0x64, 0x29, 0x00, 0x00,
    0x20, 0x00, 0x00, 0x00, 0x0b, 0x63, 0x00, 0x00, 0x00, 0x00, 0x20, 0x00,
    0x20, 0x00, 0x61, 0x08, 0x44, 0x29, 0x00, 0x00, 0xc2, 0x18, 0xe2, 0x18,
    0x00, 0x00, 0xe3, 0x18, 0x00, 0x00, 0xc2, 0x10, 0xc2, 0x18, 0x00, 0x00,
    0x65, 0x2a, 0xc2, 0x10, 0x00, 0x00, 0xe3, 0x18, 0x00, 0x00, 0xe2, 0x18,
    0xc2, 0x18, 0x00, 0x00, 0xe3, 0x18, 0x00, 0x00, 0xe2, 0x18, 0xe2, 0x18,
    0x00, 0x00, 0xe3, 0x18, 0x81, 0x08, 0x00, 0x00, 0xe3, 0x18, 0x00, 0x00,
    0x20, 0x00, 0x00, 0x00, 0xc5, 0x31, 0xe6, 0x39, 0xa5, 0x31, 0xd2, 0x9c,
    0x10, 0x84, 0xaf, 0x7b, 0x4c, 0x63, 0x00, 0x00, 0xba, 0xce, 0x92, 0x8c,
    0x00, 0x00, 0x85, 0x29, 0x20, 0x00, 0x60, 0x08, 0x60, 0x08, 0x60, 0x08,
    0x60, 0x08, 0x60, 0x08, 0x60, 0x08, 0x60, 0x08, 0x60, 0x08, 0x60, 0x08,
    0x60, 0x08, 0x60, 0x08, 0x60, 0x08, 0x60, 0x08, 0x60, 0x08, 0x60, 0x08,
    0x60, 0x08, 0x60, 0x08, 0x60, 0x08, 0x60, 0x08, 0x60, 0x08, 0x60, 0x08,
    0x60, 0x08, 0x60, 0x08, 0x60, 0x08, 0x60, 0x08, 0x60, 0x08, 0x60, 0x08,
    0x60, 0x08, 0x60, 0x08, 0x60, 0x08, 0x40, 0x08, 0x65, 0x21, 0x20, 0x00,
    0x64, 0x29, 0x44, 0x21, 0x00, 0x00, 0xca, 0x5a, 0x48, 0x4a, 0x64, 0x29,
    0xea, 0x5a, 0x64, 0x29, 0x40, 0x00, 0x61, 0x08, 0x81, 0x10, 0x81, 0x08,
    0x81, 0x08, 0x61, 0x08, 0x81, 0x08, 0x60, 0x08, 0x81, 0x10, 0x61, 0x08,
    0x81, 0x08, 0x60, 0x08, 0x81, 0x10, 0x60, 0x08, 0x81, 0x08, 0x61, 0x08,
    0xa1, 0x10, 0x60, 0x08, 0x60, 0x08, 0x81, 0x10, 0x81, 0x08, 0xe3, 0x10,
    0x80, 0x08, 0x81, 0x10, 0x60, 0x08, 0x61, 0x08, 0x81, 0x10, 0x60, 0x08,
    0x40, 0x08, 0xc2, 0x10, 0x40, 0x08, 0x81, 0x10, 0xa1, 0x08, 0x81, 0x10,
    0x60, 0x08, 0x81, 0x08, 0x80, 0x08, 0x62, 0x08, 0x61, 0x08, 0x62, 0x00,
    0x80, 0x10, 0x60, 0x08, 0x60, 0x08, 0x60, 0x08, 0x60, 0x08, 0x60, 0x08,
    0x60, 0x08, 0x60, 0x08, 0x60, 0x08, 0x60, 0x08, 0x60, 0x08, 0x60, 0x08,
    0x60, 0x08, 0x80, 0x08, 0x81, 0x10, 0xa1, 0x10, 0xa1, 0x10, 0xa1, 0x10,
    0xa1, 0x10, 0xa1, 0x10, 0xa1, 0x10, 0xa1, 0x10, 0xa1, 0x10, 0xa1, 0x10,
    0xa1, 0x10, 0x81, 0x08, 0x03, 0x21, 0x06, 0x3a, 0x60, 0x08, 0x65, 0x21,
    0x65, 0x21, 0x00, 0x00, 0x27, 0x42, 0xe6, 0x39, 0x85, 0x31, 0x14, 0x95,
    0x9a, 0xc6, 0x00, 0x00, 0x20, 0x00, 0x20, 0x00, 0x20, 0x00, 0x20, 0x00,
    0x20, 0x00, 0x20, 0x00, 0x20, 0x00, 0x20, 0x00, 0x20, 0x00, 0x20, 0x00,
    0x20, 0x00, 0x20, 0x00, 0x20, 0x00, 0x20, 0x00, 0x20, 0x00, 0x20, 0x00,
    0x20, 0x00, 0x20, 0x00, 0x20, 0x00, 0x20, 0x00, 0x20, 0x00, 0x20, 0x00,
    0x20, 0x00, 0x20, 0x00, 0x20, 0x00, 0x20, 0x00, 0x20, 0x00, 0x20, 0x00,
    0x20, 0x00, 0x20, 0x00, 0x20, 0x00, 0x20, 0x00, 0x20, 0x00, 0x20, 0x00,
    0x20, 0x00, 0x20, 0x00, 0x20, 0x00, 0x20, 0x00, 0x20, 0x00, 0x20, 0x00,
    0x20, 0x00, 0x20, 0x00, 0x20, 0x00, 0x20, 0x00, 0x20, 0x00, 0x20, 0x00,
    0x20, 0x00, 0x20, 0x00, 0x20, 0x00, 0x20, 0x00, 0x20, 0x00, 0x20, 0x00,
    0x20, 0x00, 0x20, 0x00, 0x20, 0x00, 0x20, 0x00, 0x20, 0x00, 0x20, 0x00,
    0x20, 0x00, 0x20, 0x00, 0x20, 0x00, 0x20, 0x00, 0x20, 0x00, 0x20, 0x00,
    0x20, 0x00, 0x00, 0x00, 0x07, 0x3a, 0x89, 0x52, 0x64, 0x29, 0x00, 0x00,
    0x00, 0x00, 0x24, 0x21, 0x85, 0x29, 0x00, 0x00, 0x20, 0x00, 0x20, 0x00,
    0x00, 0x00, 0x00, 0x00, 0x23, 0x21, 0x00, 0x00, 0x03, 0x19, 0x03, 0x19,
    0x00, 0x00, 0x24, 0x21, 0x00, 0x00, 0xe3, 0x18, 0x03, 0x19, 0x00, 0x00,
    0x85, 0x2a, 0x03, 0x19, 0x00, 0x00, 0x23, 0x21, 0x00, 0x00, 0x03, 0x19,
    0x03, 0x21, 0x00, 0x00, 0x23, 0x21, 0x00, 0x00, 0x03, 0x21, 0x03, 0x19,
    0x00, 0x00, 0x03, 0x21, 0xa2, 0x10, 0x40, 0x00, 0x23, 0x21, 0x00, 0x00,
    0x20, 0x00, 0x00, 0x00, 0xc6, 0x39, 0xe6, 0x39, 0xa5, 0x31, 0xd2, 0x9c,
    0x10, 0x84, 0xaf, 0x7b, 0x4b, 0x6b, 0x00, 0x00, 0xba, 0xce, 0x91, 0x84,
    0x00, 0x00, 0x85, 0x29, 0x40, 0x00, 0x60, 0x08, 0x60, 0x08, 0x60, 0x08,
    0x60, 0x08, 0x60, 0x08, 0x60, 0x08, 0x40, 0x08, 0x60, 0x08, 0x60, 0x08,
    0x40, 0x08, 0x60, 0x08, 0x60, 0x08, 0x60, 0x08, 0x60, 0x08, 0x60, 0x08,
    0x40, 0x08, 0x40, 0x08, 0x40, 0x08, 0x60, 0x08, 0x60, 0x08, 0x60, 0x08,
    0x60, 0x08, 0x60, 0x08, 0x60, 0x08, 0x60, 0x08, 0x60, 0x08, 0x60, 0x08,
    0x60, 0x08, 0x60, 0x08, 0x60, 0x08, 0x40, 0x08, 0x64, 0x21, 0x20, 0x00,
    0x64, 0x29, 0x64, 0x21, 0x20, 0x00, 0x00, 0x00, 0x00, 0x00, 0x00, 0x00,
    0x00, 0x00, 0x20, 0x00, 0x40, 0x00, 0x40, 0x00, 0x40, 0x00, 0x20, 0x00,
    0x40, 0x00, 0x40, 0x00, 0x20, 0x00, 0x40, 0x00, 0x20, 0x00, 0x40, 0x00,
    0x40, 0x00, 0x20, 0x00, 0x20, 0x00, 0x40, 0x00, 0x20, 0x00, 0x20, 0x00,
    0x20, 0x00, 0x40, 0x00, 0x40, 0x00, 0x20, 0x00, 0x20, 0x00, 0x40, 0x00,
    0x20, 0x00, 0x20, 0x00, 0x20, 0x00, 0x40, 0x00, 0x20, 0x00, 0x20, 0x00,
    0x40, 0x00, 0x20, 0x00, 0x40, 0x00, 0x20, 0x00, 0x20, 0x00, 0x20, 0x00,
    0x40, 0x00, 0x40, 0x00, 0x20, 0x00, 0x40, 0x00, 0x20, 0x00, 0x40, 0x00,
    0x20, 0x00, 0x40, 0x00, 0x40, 0x00, 0x20, 0x00, 0x20, 0x00, 0x40, 0x00,
    0x20, 0x00, 0x40, 0x00, 0x20, 0x00, 0x20, 0x00, 0x40, 0x00, 0x20, 0x00,
    0x20, 0x00, 0x40, 0x08, 0x60, 0x08, 0x60, 0x08, 0x60, 0x08, 0x60, 0x08,
    0x60, 0x08, 0x40, 0x08, 0x60, 0x08, 0x60, 0x08, 0x60, 0x08, 0x60, 0x08,
    0x60, 0x08, 0x60, 0x08, 0x20, 0x00, 0x20, 0x00, 0x20, 0x00, 0x65, 0x21,
    0x65, 0x21, 0x20, 0x00, 0x27, 0x42, 0xe6, 0x39, 0x84, 0x31, 0x13, 0x95,
    0x9a, 0xce, 0x00, 0x00, 0x20, 0x00, 0x20, 0x00, 0x20, 0x00, 0x20, 0x00,
    0x20, 0x00, 0x20, 0x00, 0x20, 0x00, 0x20, 0x00, 0x20, 0x00, 0x20, 0x00,
    0x20, 0x00, 0x20, 0x00, 0x20, 0x00, 0x20, 0x00, 0x20, 0x00, 0x20, 0x00,
    0x20, 0x00, 0x20, 0x00, 0x20, 0x00, 0x20, 0x00, 0x20, 0x00, 0x20, 0x00,
    0x20, 0x00, 0x20, 0x00, 0x20, 0x00, 0x20, 0x00, 0x20, 0x00, 0x20, 0x00,
    0x20, 0x00, 0x20, 0x00, 0x20, 0x00, 0x20, 0x00, 0x20, 0x00, 0x20, 0x00,
    0x20, 0x00, 0x20, 0x00, 0x20, 0x00, 0x20, 0x00, 0x20, 0x00, 0x20, 0x00,
    0x20, 0x00, 0x20, 0x00, 0x20, 0x00, 0x20, 0x00, 0x20, 0x00, 0x20, 0x00,
    0x20, 0x00, 0x20, 0x00, 0x20, 0x00, 0x20, 0x00, 0x20, 0x00, 0x20, 0x00,
    0x20, 0x00, 0x20, 0x00, 0x20, 0x00, 0x20, 0x00, 0x20, 0x00, 0x20, 0x00,
    0x20, 0x00, 0x20, 0x00, 0x20, 0x00, 0x20, 0x00, 0x20, 0x00, 0x20, 0x00,
    0x20, 0x00, 0x00, 0x00, 0x07, 0x3a, 0x89, 0x52, 0x64, 0x29, 0x20, 0x00,
    0x20, 0x00, 0x00, 0x00, 0x00, 0x00, 0x20, 0x00, 0x00, 0x00, 0x00, 0x00,
    0x00, 0x00, 0x00, 0x00, 0x04, 0x21, 0x00, 0x00, 0x03, 0x19, 0x03, 0x21,
    0x00, 0x00, 0x24, 0x21, 0x00, 0x00, 0xe3, 0x18, 0x03, 0x21, 0x00, 0x00,
    0x85, 0x2a, 0x03, 0x19, 0x00, 0x00, 0x23, 0x21, 0x00, 0x00, 0x03, 0x19,
    0x03, 0x19, 0x00, 0x00, 0x24, 0x21, 0x00, 0x00, 0x03, 0x19, 0x03, 0x21,
    0x00, 0x00, 0x03, 0x21, 0xa2, 0x10, 0x41, 0x08, 0x03, 0x21, 0x00, 0x00,
    0x20, 0x00, 0x00, 0x00, 0xc5, 0x31, 0x06, 0x3a, 0x85, 0x31, 0xd2, 0x9c,
    0x10, 0x84, 0xaf, 0x7b, 0x4b, 0x63, 0x00, 0x00, 0xba, 0xce, 0x92, 0x84,
    0x00, 0x00, 0x65, 0x29, 0x40, 0x08, 0x60, 0x08, 0x60, 0x08, 0x60, 0x08,
    0x60, 0x08, 0x60, 0x08, 0x60, 0x08, 0x25, 0x21, 0x40, 0x08, 0x40, 0x00,
    0xe2, 0x18, 0x00, 0x00, 0x20, 0x00, 0x20, 0x00, 0x40, 0x00, 0x40, 0x08,
    0xe2, 0x18, 0xc2, 0x10, 0x61, 0x10, 0x20, 0x00, 0x60, 0x08, 0x60, 0x08,
    0x60, 0x08, 0x60, 0x08, 0x60, 0x08, 0x60, 0x08, 0x60, 0x08, 0x60, 0x08,
    0x60, 0x08, 0x60, 0x08, 0x60, 0x08, 0x40, 0x08, 0x65, 0x21, 0x20, 0x00,
    0x64, 0x29, 0x03, 0x19, 0x07, 0x3a, 0x07, 0x32, 0x07, 0x32, 0xe7, 0x39,
    0x07, 0x32, 0xe7, 0x39, 0xe7, 0x39, 0xe7, 0x39, 0x07, 0x3a, 0xe7, 0x39,
    0xe7, 0x39, 0x07, 0x3a, 0xe7, 0x39, 0xe7, 0x39, 0x07, 0x3a, 0xe7, 0x39,
    0x07, 0x3a, 0x07, 0x3a, 0xe7, 0x39, 0x07, 0x3a, 0x07, 0x3a, 0xe7, 0x39,
    0x07, 0x3a, 0xe7, 0x39, 0xe7, 0x39, 0x07, 0x3a, 0x07, 0x3a, 0xe7, 0x39,
    0x07, 0x3a, 0x07, 0x3a, 0xe7, 0x31, 0x07, 0x3a, 0x07, 0x3a, 0xe7, 0x39,
    0x07, 0x32, 0xe7, 0x39, 0x07, 0x3a, 0x07, 0x32, 0xe7, 0x39, 0xe7, 0x39,
    0x07, 0x3a, 0xe7, 0x39, 0xe7, 0x31, 0x07, 0x32, 0x07, 0x32, 0xe7, 0x31,
    0x07, 0x32, 0xe7, 0x31, 0xe7, 0x31, 0x07, 0x32, 0x08, 0x32, 0xe7, 0x31,
    0x07, 0x3a, 0xe7, 0x39, 0x07, 0x3a, 0x07, 0x3a, 0xe7, 0x39, 0x07, 0x3a,
    0xe7, 0x39, 0xe7, 0x31, 0xe7, 0x31, 0xe7, 0x39, 0xe7, 0x31, 0xe7, 0x31,
    0xe7, 0x31, 0xe7, 0x31, 0xe7, 0x31, 0xe7, 0x31, 0xe7, 0x31, 0xe7, 0x39,
    0xe7, 0x31, 0xe7, 0x39, 0xe7, 0x31, 0xe7, 0x39, 0x07, 0x3a, 0x23, 0x21,
    0x44, 0x21, 0x20, 0x00, 0x27, 0x42, 0xe6, 0x39, 0xa5, 0x31, 0x13, 0x95,
    0x9a, 0xce, 0x00, 0x00, 0x20, 0x00, 0x20, 0x00, 0x20, 0x00, 0x20, 0x00,
    0x20, 0x00, 0x20, 0x00, 0x20, 0x00, 0x20, 0x00, 0x20, 0x00, 0x20, 0x00,
    0x20, 0x00, 0x20, 0x00, 0x20, 0x00, 0x20, 0x00, 0x20, 0x00, 0x20, 0x00,
    0x20, 0x00, 0x20, 0x00, 0x20, 0x00, 0x20, 0x00, 0x20, 0x00, 0x20, 0x00,
    0x20, 0x00, 0x20, 0x00, 0x20, 0x00, 0x20, 0x00, 0x20, 0x00, 0x20, 0x00,
    0x20, 0x00, 0x20, 0x00, 0x20, 0x00, 0x20, 0x00, 0x20, 0x00, 0x20, 0x00,
    0x20, 0x00, 0x20, 0x00, 0x20, 0x00, 0x20, 0x00, 0x20, 0x00, 0x20, 0x00,
    0x20, 0x00, 0x20, 0x00, 0x20, 0x00, 0x20, 0x00, 0x20, 0x00, 0x20, 0x00,
    0x20, 0x00, 0x20, 0x00, 0x20, 0x00, 0x20, 0x00, 0x20, 0x00, 0x20, 0x00,
    0x20, 0x00, 0x20, 0x00, 0x20, 0x00, 0x20, 0x00, 0x20, 0x00, 0x20, 0x00,
    0x20, 0x00, 0x20, 0x00, 0x20, 0x00, 0x20, 0x00, 0x20, 0x00, 0x20, 0x00,
    0x20, 0x00, 0x00, 0x00, 0x07, 0x3a, 0x89, 0x52, 0x64, 0x29, 0x00, 0x00,
    0x20, 0x00, 0x20, 0x00, 0x20, 0x00, 0x00, 0x00, 0xa2, 0x10, 0x49, 0x4a,
    0xc6, 0x31, 0x61, 0x08, 0x44, 0x29, 0x00, 0x00, 0xc2, 0x10, 0xc2, 0x10,
    0x00, 0x00, 0xc2, 0x18, 0x00, 0x00, 0xa2, 0x10, 0xc2, 0x10, 0x00, 0x00,
    0x44, 0x2a, 0xa2, 0x10, 0x00, 0x00, 0xc3, 0x18, 0x00, 0x00, 0xc2, 0x10,
    0xc2, 0x18, 0x00, 0x00, 0xc3, 0x18, 0x00, 0x00, 0xc2, 0x10, 0xc2, 0x10,
    0x00, 0x00, 0xc2, 0x10, 0x61, 0x08, 0x00, 0x00, 0xe3, 0x18, 0x00, 0x00,
    0x20, 0x00, 0x00, 0x00, 0xc5, 0x39, 0xe6, 0x39, 0xa5, 0x31, 0xd2, 0x9c,
    0x10, 0x84, 0xcf, 0x7b, 0x4c, 0x63, 0x00, 0x00, 0xba, 0xce, 0x91, 0x8c,
    0x00, 0x00, 0x85, 0x29, 0x40, 0x00, 0x60, 0x08, 0x60, 0x08, 0x60, 0x08,
    0x60, 0x08, 0x40, 0x08, 0x45, 0x21, 0xb2, 0x3c, 0xe2, 0x18, 0xcb, 0x4a,
    0x25, 0x31, 0xeb, 0x5a, 0xe7, 0x39, 0x69, 0x42, 0x23, 0x29, 0x47, 0x21,
    0x30, 0x7c, 0xa9, 0x52, 0x77, 0xa5, 0x8f, 0x73, 0xc4, 0x39, 0x20, 0x00,
    0x60, 0x08, 0x60, 0x08, 0x60, 0x08, 0x60, 0x08, 0x60, 0x08, 0x60, 0x08,
    0x60, 0x08, 0x60, 0x08, 0x60, 0x08, 0x40, 0x08, 0x65, 0x21, 0x20, 0x00,
    0xa6, 0x31, 0xa5, 0x29, 0x85, 0x29, 0x85, 0x29, 0x85, 0x29, 0x85, 0x29,
    0x85, 0x29, 0x85, 0x29, 0x84, 0x29, 0x85, 0x29, 0x85, 0x29, 0x84, 0x29,
    0x85, 0x29, 0x84, 0x29, 0x85, 0x29, 0x85, 0x29, 0x84, 0x29, 0x85, 0x29,
    0x85, 0x29, 0x84, 0x29, 0x85, 0x29, 0x85, 0x29, 0x84, 0x29, 0x85, 0x29,
    0x85, 0x29, 0x85, 0x29, 0x85, 0x29, 0x85, 0x29, 0x85, 0x29, 0x85, 0x29,
    0x85, 0x29, 0x85, 0x29, 0x85, 0x29, 0x85, 0x29, 0x84, 0x29, 0x85, 0x29,
    0x85, 0x29, 0x84, 0x29, 0x85, 0x29, 0x85, 0x29, 0x84, 0x29, 0x85, 0x29,
    0x85, 0x29, 0x85, 0x29, 0x85, 0x29, 0x86, 0x29, 0x86, 0x29, 0x86, 0x21,
    0x86, 0x29, 0x86, 0x21, 0x86, 0x21, 0x85, 0x29, 0x86, 0x21, 0x85, 0x29,
    0x85, 0x29, 0x85, 0x29, 0x85, 0x29, 0x85, 0x29, 0x85, 0x29, 0x85, 0x29,
    0x85, 0x29, 0x85, 0x29, 0x85, 0x29, 0x84, 0x29, 0x85, 0x29, 0x85, 0x31,
    0x84, 0x29, 0x85, 0x29, 0x85, 0x31, 0x85, 0x29, 0x85, 0x29, 0x84, 0x29,
    0x85, 0x29, 0x85, 0x29, 0x85, 0x29, 0x85, 0x29, 0x85, 0x29, 0x85, 0x29,
    0xc6, 0x31, 0x00, 0x00, 0x27, 0x42, 0xe6, 0x39, 0x85, 0x31, 0x13, 0x9d,
    0x9a, 0xc6, 0x00, 0x00, 0x20, 0x00, 0x20, 0x00, 0x20, 0x00, 0x20, 0x00,
    0x20, 0x00, 0x20, 0x00, 0x20, 0x00, 0x20, 0x00, 0x20, 0x00, 0x20, 0x00,
    0x20, 0x00, 0x20, 0x00, 0x20, 0x00, 0x20, 0x00, 0x20, 0x00, 0x20, 0x00,
    0x20, 0x00, 0x20, 0x00, 0x20, 0x00, 0x20, 0x00, 0x20, 0x00, 0x20, 0x00,
    0x20, 0x00, 0x20, 0x00, 0x20, 0x00, 0x20, 0x00, 0x20, 0x00, 0x20, 0x00,
    0x20, 0x00, 0x20, 0x00, 0x20, 0x00, 0x20, 0x00, 0x20, 0x00, 0x20, 0x00,
    0x20, 0x00, 0x20, 0x00, 0x20, 0x00, 0x20, 0x00, 0x20, 0x00, 0x20, 0x00,
    0x20, 0x00, 0x20, 0x00, 0x20, 0x00, 0x20, 0x00, 0x20, 0x00, 0x20, 0x00,
    0x20, 0x00, 0x20, 0x00, 0x20, 0x00, 0x20, 0x00, 0x20, 0x00, 0x20, 0x00,
    0x20, 0x00, 0x20, 0x00, 0x20, 0x00, 0x20, 0x00, 0x20, 0x00, 0x20, 0x00,
    0x20, 0x00, 0x20, 0x00, 0x20, 0x00, 0x20, 0x00, 0x20, 0x00, 0x20, 0x00,
    0x20, 0x00, 0x00, 0x00, 0xe7, 0x39, 0x88, 0x52, 0x64, 0x29, 0x00, 0x00,
    0x20, 0x00, 0x20, 0x00, 0x20, 0x00, 0x00, 0x00, 0x44, 0x21, 0xca, 0x5a,
    0x0b, 0x63, 0xa6, 0x31, 0x69, 0x4a, 0xeb, 0x5a, 0x8e, 0x73, 0xae, 0x73,
    0xeb, 0x5a, 0xae, 0x73, 0xeb, 0x5a, 0x8d, 0x73, 0x8d, 0x73, 0xcb, 0x5a,
    0x6c, 0x6c, 0x8d, 0x6b, 0xeb, 0x5a, 0xae, 0x73, 0xeb, 0x5a, 0x8d, 0x73,
    0x8e, 0x73, 0xeb, 0x5a, 0xae, 0x73, 0xeb, 0x5a, 0x8d, 0x73, 0x8e, 0x73,
    0xeb, 0x5a, 0x8d, 0x73, 0x6d, 0x6b, 0x2c, 0x63, 0x0b, 0x5b, 0x00, 0x00,
    0x20, 0x00, 0x00, 0x00, 0xc6, 0x39, 0xe6, 0x39, 0xa5, 0x31, 0xd2, 0x9c,
    0x10, 0x84, 0xaf, 0x7b, 0x4b, 0x63, 0x00, 0x00, 0xba, 0xce, 0x92, 0x84,
    0x00, 0x00, 0x85, 0x29, 0x20, 0x00, 0x60, 0x08, 0x60, 0x08, 0x60, 0x08,
    0x60, 0x08, 0x20, 0x00, 0xe7, 0x31, 0x3c, 0x47, 0x44, 0x29, 0x49, 0x42,
    0x6b, 0x4a, 0xf1, 0xa4, 0x0d, 0x5b, 0xd3, 0xa4, 0x00, 0x00, 0x26, 0x21,
    0x91, 0x8c, 0x4c, 0x6b, 0x6a, 0x42, 0x32, 0x94, 0xc4, 0x31, 0x40, 0x00,
    0x60, 0x08, 0x60, 0x08, 0x60, 0x08, 0x60, 0x08, 0x60, 0x08, 0x60, 0x08,
    0x60, 0x08, 0x60, 0x08, 0x60, 0x08, 0x40, 0x08, 0x65, 0x21, 0x40, 0x08,
    0x60, 0x08, 0xa1, 0x10, 0x81, 0x08, 0x81, 0x10, 0xa1, 0x10, 0xa1, 0x10,
    0x81, 0x10, 0xa1, 0x08, 0x81, 0x08, 0x81, 0x08, 0xa1, 0x10, 0xa1, 0x10,
    0xa1, 0x08, 0xa1, 0x10, 0x81, 0x08, 0x81, 0x08, 0x81, 0x08, 0x81, 0x08,
    0xa1, 0x08, 0x81, 0x10, 0xa1, 0x08, 0xa1, 0x08, 0x81, 0x08, 0x61, 0x08,
    0x60, 0x08, 0xa1, 0x08, 0xa1, 0x08, 0x81, 0x10, 0xa1, 0x08, 0xa1, 0x10,
    0x81, 0x10, 0xa1, 0x08, 0x81, 0x10, 0xa1, 0x10, 0x81, 0x08, 0xa1, 0x10,
    0xa1, 0x10, 0x81, 0x10, 0xa1, 0x10, 0xa1, 0x10, 0x81, 0x08, 0xa1, 0x10,
    0xa1, 0x10, 0xa1, 0x08, 0xa1, 0x08, 0x82, 0x08, 0xa2, 0x08, 0xa2, 0x08,
    0x82, 0x08, 0xa2, 0x08, 0xa2, 0x08, 0x82, 0x08, 0xa2, 0x08, 0xa2, 0x08,
    0x81, 0x10, 0xa1, 0x08, 0xa1, 0x10, 0x81, 0x08, 0xa1, 0x10, 0xa1, 0x08,
    0xa1, 0x10, 0xa1, 0x10, 0xa1, 0x10, 0xa1, 0x10, 0x81, 0x10, 0xa1, 0x10,
    0xa1, 0x10, 0xa1, 0x10, 0x81, 0x10, 0xa1, 0x10, 0xa1, 0x10, 0x81, 0x10,
    0xa1, 0x10, 0xa1, 0x10, 0x81, 0x10, 0xa1, 0x10, 0xa1, 0x08, 0xa1, 0x10,
    0x60, 0x08, 0x20, 0x00, 0x27, 0x42, 0xe6, 0x39, 0x84, 0x31, 0x13, 0x9d,
    0x9a, 0xc6, 0x00, 0x00, 0x20, 0x00, 0x20, 0x00, 0x20, 0x00, 0x20, 0x00,
    0x20, 0x00, 0x20, 0x00, 0x20, 0x00, 0x20, 0x00, 0x20, 0x00, 0x20, 0x00,
    0x20, 0x00, 0x20, 0x00, 0x20, 0x00, 0x20, 0x00, 0x20, 0x00, 0x20, 0x00,
    0x20, 0x00, 0x20, 0x00, 0x20, 0x00, 0x20, 0x00, 0x20, 0x00, 0x20, 0x00,
    0x20, 0x00, 0x20, 0x00, 0x20, 0x00, 0x20, 0x00, 0x20, 0x00, 0x20, 0x00,
    0x20, 0x00, 0x20, 0x00, 0x20, 0x00, 0x20, 0x00, 0x20, 0x00, 0x20, 0x00,
    0x20, 0x00, 0x20, 0x00, 0x20, 0x00, 0x20, 0x00, 0x20, 0x00, 0x20, 0x00,
    0x20, 0x00, 0x20, 0x00, 0x20, 0x00, 0x20, 0x00, 0x20, 0x00, 0x20, 0x00,
    0x20, 0x00, 0x20, 0x00, 0x20, 0x00, 0x20, 0x00, 0x20, 0x00, 0x20, 0x00,
    0x20, 0x00, 0x20, 0x00, 0x20, 0x00, 0x20, 0x00, 0x20, 0x00, 0x20, 0x00,
    0x20, 0x00, 0x20, 0x00, 0x20, 0x00, 0x20, 0x00, 0x20, 0x00, 0x20, 0x00,
    0x20, 0x00, 0x00, 0x00, 0x07, 0x42, 0x89, 0x52, 0x64, 0x29, 0x00, 0x00,
    0x20, 0x00, 0x20, 0x00, 0x20, 0x00, 0x00, 0x00, 0xe3, 0x18, 0x03, 0x19,
    0x69, 0x4a, 0xe3, 0x18, 0x85, 0x29, 0x00, 0x00, 0xc2, 0x18, 0xc2, 0x10,
    0x00, 0x00, 0xc2, 0x18, 0x00, 0x00, 0xa2, 0x10, 0xc2, 0x10, 0x00, 0x00,
    0x64, 0x2a, 0xc2, 0x10, 0x00, 0x00, 0xe2, 0x18, 0x00, 0x00, 0xc2, 0x10,
    0xc2, 0x10, 0x00, 0x00, 0xc2, 0x18, 0x00, 0x00, 0xc2, 0x10, 0xc2, 0x18,
    0x00, 0x00, 0xc2, 0x18, 0x61, 0x08, 0x00, 0x00, 0xe3, 0x18, 0x00, 0x00,
    0x20, 0x00, 0x00, 0x00, 0xc5, 0x31, 0xe6, 0x39, 0xa5, 0x31, 0xd2, 0x9c,
    0x10, 0x84, 0xaf, 0x7b, 0x4c, 0x63, 0x00, 0x00, 0xba, 0xce, 0x91, 0x84,
    0x00, 0x00, 0x85, 0x29, 0x40, 0x00, 0x60, 0x08, 0x60, 0x08, 0x60, 0x08,
    0x60, 0x08, 0x40, 0x08, 0x03, 0x19, 0x4d, 0x53, 0x60, 0x08, 0x65, 0x21,
    0x29, 0x4a, 0xcb, 0x52, 0x69, 0x42, 0x68, 0x5a, 0x44, 0x21, 0x09, 0x42,
    0x24, 0x21, 0x06, 0x3a, 0x24, 0x21, 0x83, 0x10, 0x42, 0x29, 0x40, 0x08,
    0x60, 0x08, 0x60, 0x08, 0x60, 0x08, 0x60, 0x08, 0x60, 0x08, 0x60, 0x08,
    0x60, 0x08, 0x60, 0x08, 0x60, 0x08, 0x40, 0x08, 0x65, 0x21, 0x40, 0x08,
    0x60, 0x08, 0x20, 0x00, 0x65, 0x29, 0x00, 0x00, 0x00, 0x00, 0x00, 0x00,
    0x00, 0x00, 0x00, 0x00, 0x44, 0x21, 0x60, 0x08, 0x00, 0x00, 0x00, 0x00,
    0x00, 0x00, 0x00, 0x00, 0xa3, 0x10, 0x43, 0x29, 0x81, 0x10, 0xa1, 0x10,
    0x00, 0x00, 0x00, 0x00, 0x00, 0x00, 0x00, 0x00, 0xa1, 0x10, 0xa5, 0x29,
    0x89, 0x52, 0x00, 0x00, 0x00, 0x00, 0x00, 0x00, 0x40, 0x08, 0x40, 0x08,
    0x40, 0x08, 0x40, 0x08, 0x60, 0x08, 0x40, 0x08, 0x40, 0x08, 0x40, 0x08,
    0x40, 0x08, 0x40, 0x08, 0x40, 0x08, 0x40, 0x08, 0x40, 0x08, 0x40, 0x08,
    0x40, 0x08, 0x40, 0x08, 0x40, 0x08, 0x40, 0x08, 0x40, 0x08, 0x40, 0x08,
    0x40, 0x08, 0x40, 0x08, 0x40, 0x08, 0x40, 0x08, 0x40, 0x08, 0x40, 0x08,
    0x40, 0x08, 0x40, 0x08, 0x40, 0x08, 0x40, 0x08, 0x40, 0x08, 0x40, 0x08,
    0x40, 0x08, 0x40, 0x08, 0x40, 0x08, 0x40, 0x08, 0x40, 0x08, 0x40, 0x08,
    0x40, 0x08, 0x40, 0x08, 0x40, 0x08, 0x40, 0x08, 0x40, 0x08, 0x40, 0x08,
    0x40, 0x08, 0x40, 0x08, 0x40, 0x08, 0x40, 0x08, 0x40, 0x08, 0x40, 0x08,
    0x60, 0x08, 0x20, 0x00, 0x27, 0x42, 0xe6, 0x39, 0x85, 0x31, 0x13, 0x9d,
    0x9a, 0xc6, 0x00, 0x00, 0x20, 0x00, 0x20, 0x00, 0x20, 0x00, 0x20, 0x00,
    0x20, 0x00, 0x20, 0x00, 0x20, 0x00, 0x20, 0x00, 0x20, 0x00, 0x20, 0x00,
    0x20, 0x00, 0x20, 0x00, 0x20, 0x00, 0x20, 0x00, 0x20, 0x00, 0x20, 0x00,
    0x20, 0x00, 0x20, 0x00, 0x20, 0x00, 0x20, 0x00, 0x20, 0x00, 0x20, 0x00,
    0x20, 0x00, 0x20, 0x00, 0x20, 0x00, 0x20, 0x00, 0x20, 0x00, 0x20, 0x00,
    0x20, 0x00, 0x20, 0x00, 0x20, 0x00, 0x20, 0x00, 0x20, 0x00, 0x20, 0x00,
    0x20, 0x00, 0x20, 0x00, 0x20, 0x00, 0x20, 0x00, 0x20, 0x00, 0x20, 0x00,
    0x20, 0x00, 0x20, 0x00, 0x20, 0x00, 0x20, 0x00, 0x20, 0x00, 0x20, 0x00,
    0x20, 0x00, 0x20, 0x00, 0x20, 0x00, 0x20, 0x00, 0x20, 0x00, 0x20, 0x00,
    0x20, 0x00, 0x20, 0x00, 0x20, 0x00, 0x20, 0x00, 0x20, 0x00, 0x20, 0x00,
    0x20, 0x00, 0x20, 0x00, 0x20, 0x00, 0x20, 0x00, 0x20, 0x00, 0x20, 0x00,
    0x20, 0x00, 0x00, 0x00, 0x07, 0x3a, 0x89, 0x52, 0x64, 0x29, 0x00, 0x00,
    0x20, 0x00, 0x20, 0x00, 0x20, 0x00, 0x20, 0x00, 0x00, 0x00, 0x00, 0x00,
    0x00, 0x00, 0x00, 0x00, 0x03, 0x19, 0x00, 0x00, 0x03, 0x21, 0x03, 0x21,
    0x00, 0x00, 0x23, 0x21, 0x00, 0x00, 0xe3, 0x18, 0x03, 0x19, 0x00, 0x00,
    0x85, 0x2a, 0xe3, 0x18, 0x00, 0x00, 0x23, 0x21, 0x00, 0x00, 0x03, 0x21,
    0x03, 0x21, 0x00, 0x00, 0x23, 0x21, 0x00, 0x00, 0x03, 0x21, 0x03, 0x19,
    0x00, 0x00, 0x03, 0x21, 0xa2, 0x10, 0x40, 0x00, 0x03, 0x21, 0x00, 0x00,
    0x20, 0x00, 0x00, 0x00, 0xc5, 0x39, 0xe6, 0x39, 0xa5, 0x31, 0xd2, 0x9c,
    0x10, 0x84, 0xaf, 0x7b, 0x4b, 0x6b, 0x00, 0x00, 0xba, 0xce, 0x91, 0x8c,
    0x00, 0x00, 0x65, 0x29, 0x40, 0x00, 0x60, 0x08, 0x60, 0x08, 0x60, 0x08,
    0x60, 0x08, 0x60, 0x08, 0x40, 0x08, 0x20, 0x00, 0x60, 0x08, 0x40, 0x00,
    0x20, 0x00, 0x20, 0x00, 0x20, 0x00, 0x00, 0x00, 0x04, 0x19, 0x03, 0x19,
    0x20, 0x00, 0x40, 0x00, 0x40, 0x00, 0x40, 0x08, 0x40, 0x08, 0x60, 0x08,
    0x60, 0x08, 0x60, 0x08, 0x60, 0x08, 0x60, 0x08, 0x60, 0x08, 0x60, 0x08,
    0x60, 0x08, 0x60, 0x08, 0x60, 0x08, 0x40, 0x00, 0x65, 0x29, 0x40, 0x08,
    0x20, 0x00, 0xe4, 0x10, 0x10, 0x84, 0x6a, 0x4a, 0x8a, 0x4a, 0xcf, 0x73,
    0xab, 0x5a, 0xc7, 0x41, 0x34, 0x8d, 0xb2, 0x8c, 0x0c, 0x63, 0xaa, 0x4a,
    0xcc, 0x5a, 0xaa, 0x52, 0x93, 0x8c, 0xe6, 0x49, 0x12, 0x84, 0x75, 0xa5,
    0xef, 0x7b, 0x8a, 0x4a, 0xec, 0x5a, 0x51, 0x8c, 0x00, 0x00, 0x15, 0xa5,
    0xae, 0x6b, 0x51, 0x8c, 0x4a, 0x4a, 0x31, 0x7c, 0x60, 0x08, 0x20, 0x00,
    0x40, 0x00, 0x40, 0x00, 0x40, 0x00, 0x40, 0x00, 0x40, 0x00, 0x40, 0x00,
    0x40, 0x00, 0x40, 0x00, 0x40, 0x00, 0x40, 0x00, 0x40, 0x00, 0x40, 0x00,
    0x40, 0x00, 0x40, 0x00, 0x40, 0x00, 0x41, 0x00, 0x40, 0x00, 0x40, 0x00,
    0x40, 0x00, 0x41, 0x00, 0x40, 0x00, 0x40, 0x00, 0x41, 0x00, 0x40, 0x00,
    0x40, 0x00, 0x40, 0x00, 0x40, 0x00, 0x40, 0x00, 0x40, 0x00, 0x40, 0x00,
    0x40, 0x00, 0x40, 0x00, 0x40, 0x00, 0x40, 0x00, 0x40, 0x00, 0x40, 0x00,
    0x40, 0x00, 0x40, 0x00, 0x40, 0x00, 0x40, 0x00, 0x40, 0x00, 0x40, 0x00,
    0x40, 0x00, 0x40, 0x00, 0x40, 0x00, 0x40, 0x00, 0x40, 0x00, 0x40, 0x00,
    0x40, 0x00, 0x20, 0x00, 0x27, 0x42, 0xe6, 0x39, 0xa4, 0x31, 0x13, 0x9d,
    0x9a, 0xc6, 0x00, 0x00, 0x20, 0x00, 0x20, 0x00, 0x20, 0x00, 0x20, 0x00,
    0x20, 0x00, 0x20, 0x00, 0x20, 0x00, 0x20, 0x00, 0x20, 0x00, 0x20, 0x00,
    0x20, 0x00, 0x20, 0x00, 0x20, 0x00, 0x20, 0x00, 0x20, 0x00, 0x20, 0x00,
    0x20, 0x00, 0x20, 0x00, 0x20, 0x00, 0x20, 0x00, 0x20, 0x00, 0x20, 0x00,
    0x20, 0x00, 0x20, 0x00, 0x20, 0x00, 0x20, 0x00, 0x20, 0x00, 0x20, 0x00,
    0x20, 0x00, 0x20, 0x00, 0x20, 0x00, 0x20, 0x00, 0x20, 0x00, 0x20, 0x00,
    0x20, 0x00, 0x20, 0x00, 0x20, 0x00, 0x20, 0x00, 0x20, 0x00, 0x20, 0x00,
    0x20, 0x00, 0x20, 0x00, 0x20, 0x00, 0x20, 0x00, 0x20, 0x00, 0x20, 0x00,
    0x20, 0x00, 0x20, 0x00, 0x20, 0x00, 0x20, 0x00, 0x20, 0x00, 0x20, 0x00,
    0x20, 0x00, 0x20, 0x00, 0x20, 0x00, 0x20, 0x00, 0x20, 0x00, 0x20, 0x00,
    0x20, 0x00, 0x20, 0x00, 0x20, 0x00, 0x20, 0x00, 0x20, 0x00, 0x20, 0x00,
    0x20, 0x00, 0x00, 0x00, 0x07, 0x3a, 0x89, 0x52, 0x63, 0x29, 0x20, 0x00,
    0x20, 0x00, 0x20, 0x00, 0x20, 0x00, 0x00, 0x00, 0x81, 0x08, 0x44, 0x29,
    0xa6, 0x31, 0xa2, 0x10, 0xc6, 0x39, 0x00, 0x00, 0x03, 0x19, 0x03, 0x19,
    0x00, 0x00, 0x24, 0x21, 0x00, 0x00, 0xe3, 0x18, 0x03, 0x21, 0x00, 0x00,
    0x85, 0x2a, 0xe3, 0x18, 0x00, 0x00, 0x24, 0x21, 0x00, 0x00, 0x03, 0x19,
    0x03, 0x21, 0x00, 0x00, 0x24, 0x21, 0x00, 0x00, 0x03, 0x19, 0x03, 0x21,
    0x00, 0x00, 0x03, 0x21, 0xa2, 0x10, 0x41, 0x00, 0x03, 0x21, 0x00, 0x00,
    0x20, 0x00, 0x00, 0x00, 0xc6, 0x31, 0xe6, 0x39, 0xa5, 0x31, 0xd2, 0x9c,
    0x10, 0x84, 0xcf, 0x7b, 0x4b, 0x63, 0x00, 0x00, 0xbb, 0xce, 0x91, 0x84,
    0x00, 0x00, 0x85, 0x29, 0x40, 0x00, 0x60, 0x08, 0x60, 0x08, 0x60, 0x08,
    0x60, 0x08, 0x60, 0x08, 0x60, 0x08, 0x60, 0x08, 0x60, 0x08, 0x60, 0x08,
    0x60, 0x08, 0x60, 0x08, 0x60, 0x08, 0x60, 0x08, 0x40, 0x08, 0x40, 0x08,
    0x60, 0x08, 0x60, 0x08, 0x60, 0x08, 0x60, 0x08, 0x60, 0x08, 0x60, 0x08,
    0x60, 0x08, 0x60, 0x08, 0x60, 0x08, 0x60, 0x08, 0x60, 0x08, 0x60, 0x08,
    0x60, 0x08, 0x60, 0x08, 0x60, 0x08, 0x40, 0x08, 0x65, 0x21, 0x20, 0x00,
    0xa5, 0x31, 0x09, 0x32, 0xf8, 0xbd, 0xd9, 0xce, 0x6e, 0x63, 0x96, 0xa5,
    0x95, 0xb5, 0x00, 0x00, 0x54, 0x8d, 0x35, 0x9d, 0xb5, 0xb5, 0xf1, 0x7b,
    0xda, 0xd6, 0xf0, 0x73, 0xf4, 0x9c, 0xc6, 0x41, 0xd0, 0x7b, 0xf8, 0xb5,
    0xd3, 0x8c, 0x90, 0x94, 0x79, 0xb6, 0x77, 0xad, 0x00, 0x08, 0x11, 0x84,
    0xd7, 0x9d, 0x16, 0xc6, 0xb8, 0xa5, 0x54, 0xa5, 0xc5, 0x39, 0x07, 0x3a,
    0x07, 0x3a, 0x07, 0x3a, 0x07, 0x3a, 0x07, 0x3a, 0x07, 0x3a, 0x07, 0x3a,
    0x07, 0x3a, 0x07, 0x3a, 0x07, 0x3a, 0x07, 0x3a, 0x07, 0x3a, 0x07, 0x3a,
    0x07, 0x3a, 0x07, 0x3a, 0x07, 0x3a, 0x08, 0x3a, 0x08, 0x3a, 0x08, 0x32,
    0x08, 0x3a, 0x08, 0x3a, 0x08, 0x3a, 0x08, 0x3a, 0x08, 0x3a, 0x08, 0x3a,
    0x08, 0x32, 0x07, 0x3a, 0x07, 0x3a, 0x07, 0x3a, 0x07, 0x3a, 0x07, 0x3a,
    0x07, 0x3a, 0x07, 0x3a, 0x07, 0x3a, 0x07, 0x3a, 0x07, 0x3a, 0x07, 0x3a,
    0x07, 0x3a, 0x07, 0x3a, 0x07, 0x3a, 0x07, 0x3a, 0x07, 0x3a, 0x07, 0x3a,
    0x07, 0x3a, 0x07, 0x3a, 0x07, 0x3a, 0x07, 0x3a, 0x07, 0x3a, 0x27, 0x3a,
    0xc6, 0x31, 0x00, 0x00, 0x27, 0x42, 0xe6, 0x39, 0x85, 0x31, 0x13, 0x95,
    0x9a, 0xc6, 0x00, 0x00, 0x20, 0x00, 0x20, 0x00, 0x20, 0x00, 0x20, 0x00,
    0x20, 0x00, 0x20, 0x00, 0x20, 0x00, 0x20, 0x00, 0x20, 0x00, 0x20, 0x00,
    0x20, 0x00, 0x20, 0x00, 0x20, 0x00, 0x20, 0x00, 0x20, 0x00, 0x20, 0x00,
    0x20, 0x00, 0x20, 0x00, 0x20, 0x00, 0x20, 0x00, 0x20, 0x00, 0x20, 0x00,
    0x20, 0x00, 0x20, 0x00, 0x20, 0x00, 0x20, 0x00, 0x20, 0x00, 0x20, 0x00,
    0x20, 0x00, 0x20, 0x00, 0x20, 0x00, 0x20, 0x00, 0x20, 0x00, 0x20, 0x00,
    0x20, 0x00, 0x20, 0x00, 0x20, 0x00, 0x20, 0x00, 0x20, 0x00, 0x20, 0x00,
    0x20, 0x00, 0x20, 0x00, 0x20, 0x00, 0x20, 0x00, 0x20, 0x00, 0x20, 0x00,
    0x20, 0x00, 0x20, 0x00, 0x20, 0x00, 0x20, 0x00, 0x20, 0x00, 0x20, 0x00,
    0x20, 0x00, 0x20, 0x00, 0x20, 0x00, 0x20, 0x00, 0x20, 0x00, 0x20, 0x00,
    0x20, 0x00, 0x20, 0x00, 0x20, 0x00, 0x20, 0x00, 0x20, 0x00, 0x20, 0x00,
    0x20, 0x00, 0x00, 0x00, 0x07, 0x3a, 0x89, 0x52, 0x64, 0x29, 0x00, 0x00,
    0x20, 0x00, 0x20, 0x00, 0x00, 0x00, 0xe7, 0x39, 0x8d, 0x73, 0x0c, 0x63,
    0xc7, 0x39, 0x85, 0x31, 0xcb, 0x5a, 0x00, 0x00, 0x03, 0x21, 0x03, 0x19,
    0x00, 0x00, 0x24, 0x21, 0x00, 0x00, 0xe3, 0x18, 0x03, 0x21, 0x00, 0x00,
    0x85, 0x2a, 0x03, 0x19, 0x00, 0x00, 0x23, 0x21, 0x00, 0x00, 0x03, 0x19,
    0x03, 0x19, 0x00, 0x00, 0x24, 0x21, 0x00, 0x00, 0x03, 0x19, 0x03, 0x21,
    0x00, 0x00, 0x03, 0x19, 0xa2, 0x10, 0x41, 0x08, 0x23, 0x21, 0x00, 0x00,
    0x20, 0x00, 0x00, 0x00, 0xc5, 0x39, 0xe6, 0x39, 0xa5, 0x31, 0xd2, 0x9c,
    0x10, 0x84, 0xaf, 0x7b, 0x4c, 0x63, 0x00, 0x00, 0xba, 0xce, 0x92, 0x84,
    0x00, 0x00, 0x85, 0x29, 0x20, 0x00, 0x60, 0x08, 0x60, 0x08, 0x60, 0x08,
    0x60, 0x08, 0x60, 0x08, 0x60, 0x08, 0x60, 0x08, 0x60, 0x08, 0x60, 0x08,
    0x60, 0x08, 0x60, 0x08, 0x60, 0x08, 0x60, 0x08, 0x60, 0x08, 0x60, 0x08,
    0x60, 0x08, 0x60, 0x08, 0x60, 0x08, 0x60, 0x08, 0x60, 0x08, 0x60, 0x08,
    0x60, 0x08, 0x60, 0x08, 0x60, 0x08, 0x60, 0x08, 0x60, 0x08, 0x60, 0x08,
    0x60, 0x08, 0x60, 0x08, 0x60, 0x08, 0x40, 0x08, 0x64, 0x21, 0x20, 0x00,
    0x65, 0x29, 0x00, 0x00, 0x8d, 0x6b, 0xc6, 0x39, 0x89, 0x4a, 0xce, 0x6b,
    0x68, 0x4a, 0x00, 0x00, 0xeb, 0x52, 0xa9, 0x4a, 0x6c, 0x63, 0xca, 0x52,
    0xa6, 0x31, 0xa9, 0x4a, 0x6d, 0x63, 0xe2, 0x20, 0x28, 0x32, 0x6e, 0x63,
    0x2f, 0x94, 0xe8, 0x31, 0x47, 0x42, 0x8a, 0x52, 0x00, 0x08, 0x07, 0x3a,
    0xa9, 0x42, 0xc9, 0x5a, 0xc7, 0x39, 0x2c, 0x63, 0xa1, 0x10, 0x20, 0x00,
    0x40, 0x00, 0x40, 0x00, 0x20, 0x00, 0x40, 0x00, 0x40, 0x00, 0x40, 0x00,
    0x40, 0x00, 0x40, 0x00, 0x40, 0x00, 0x40, 0x00, 0x40, 0x00, 0x40, 0x00,
    0x40, 0x00, 0x40, 0x00, 0x40, 0x00, 0x40, 0x00, 0x40, 0x00, 0x40, 0x00,
    0x40, 0x00, 0x40, 0x00, 0x40, 0x00, 0x40, 0x00, 0x40, 0x00, 0x40, 0x00,
    0x40, 0x08, 0x40, 0x00, 0x40, 0x00, 0x40, 0x00, 0x40, 0x00, 0x40, 0x00,
    0x20, 0x00, 0x40, 0x00, 0x40, 0x00, 0x40, 0x00, 0x40, 0x00, 0x40, 0x00,
    0x40, 0x00, 0x40, 0x00, 0x40, 0x00, 0x40, 0x00, 0x40, 0x00, 0x40, 0x00,
    0x40, 0x00, 0x40, 0x00, 0x40, 0x00, 0x40, 0x00, 0x20, 0x00, 0x20, 0x00,
    0x85, 0x29, 0x20, 0x00, 0x27, 0x42, 0xe6, 0x39, 0x85, 0x31, 0x13, 0x9d,
    0x9a, 0xc6, 0x00, 0x00, 0x20, 0x00, 0x20, 0x00, 0x20, 0x00, 0x20, 0x00,
    0x20, 0x00, 0x20, 0x00, 0x20, 0x00, 0x20, 0x00, 0x20, 0x00, 0x20, 0x00,
    0x20, 0x00, 0x20, 0x00, 0x20, 0x00, 0x20, 0x00, 0x20, 0x00, 0x20, 0x00,
    0x20, 0x00, 0x20, 0x00, 0x20, 0x00, 0x20, 0x00, 0x20, 0x00, 0x20, 0x00,
    0x20, 0x00, 0x20, 0x00, 0x20, 0x00, 0x20, 0x00, 0x20, 0x00, 0x20, 0x00,
    0x20, 0x00, 0x20, 0x00, 0x20, 0x00, 0x20, 0x00, 0x20, 0x00, 0x20, 0x00,
    0x20, 0x00, 0x20, 0x00, 0x20, 0x00, 0x20, 0x00, 0x20, 0x00, 0x20, 0x00,
    0x20, 0x00, 0x20, 0x00, 0x20, 0x00, 0x20, 0x00, 0x20, 0x00, 0x20, 0x00,
    0x20, 0x00, 0x20, 0x00, 0x20, 0x00, 0x20, 0x00, 0x20, 0x00, 0x20, 0x00,
    0x20, 0x00, 0x20, 0x00, 0x20, 0x00, 0x20, 0x00, 0x20, 0x00, 0x20, 0x00,
    0x20, 0x00, 0x20, 0x00, 0x20, 0x00, 0x20, 0x00, 0x20, 0x00, 0x20, 0x00,
    0x20, 0x00, 0x00, 0x00, 0x07, 0x3a, 0x89, 0x52, 0x64, 0x29, 0x00, 0x00,
    0x20, 0x00, 0x20, 0x00, 0x00, 0x00, 0xe3, 0x18, 0x48, 0x4a, 0xca, 0x5a,
    0x8a, 0x52, 0x28, 0x42, 0xaa, 0x52, 0x00, 0x00, 0xc2, 0x18, 0xc3, 0x18,
    0x00, 0x00, 0xe3, 0x18, 0x00, 0x00, 0xa2, 0x10, 0xc2, 0x18, 0x00, 0x00,
    0x85, 0x2a, 0xc2, 0x10, 0x00, 0x00, 0xe3, 0x18, 0x00, 0x00, 0xc3, 0x18,
    0xc2, 0x18, 0x00, 0x00, 0xe3, 0x18, 0x00, 0x00, 0xc2, 0x18, 0xc3, 0x18,
    0x00, 0x00, 0xe3, 0x18, 0x81, 0x08, 0x00, 0x00, 0xe3, 0x18, 0x00, 0x00,
    0x20, 0x00, 0x00, 0x00, 0xc6, 0x31, 0xe6, 0x39, 0xa5, 0x31, 0xd2, 0x9c,
    0x10, 0x84, 0xaf, 0x7b, 0x4b, 0x63, 0x00, 0x00, 0xba, 0xce, 0x91, 0x8c,
    0x00, 0x00, 0x85, 0x29, 0x40, 0x08, 0x60, 0x08, 0x60, 0x08, 0x60, 0x08,
    0x60, 0x08, 0x60, 0x08, 0x60, 0x08, 0x60, 0x08, 0x60, 0x08, 0x60, 0x08,
    0x60, 0x08, 0x60, 0x08, 0x60, 0x08, 0x60, 0x08, 0x60, 0x08, 0x60, 0x08,
    0x60, 0x08, 0x60, 0x08, 0x60, 0x08, 0x60, 0x08, 0x60, 0x08, 0x60, 0x08,
    0x60, 0x08, 0x60, 0x08, 0x60, 0x08, 0x60, 0x08, 0x60, 0x08, 0x60, 0x08,
    0x60, 0x08, 0x60, 0x08, 0x60, 0x08, 0x40, 0x08, 0x65, 0x21, 0x20, 0x00,
    0x85, 0x29, 0x40, 0x00, 0x00, 0x00, 0x20, 0x00, 0x20, 0x00, 0x00, 0x00,
    0x20, 0x00, 0x60, 0x08, 0x20, 0x00, 0x00, 0x00, 0x00, 0x00, 0x20, 0x00,
    0x20, 0x00, 0x20, 0x00, 0x00, 0x00, 0x40, 0x08, 0x20, 0x00, 0xc3, 0x10,
    0x81, 0x18, 0x20, 0x00, 0x20, 0x00, 0x20, 0x00, 0x60, 0x08, 0x20, 0x00,
    0x20, 0x00, 0x20, 0x00, 0x20, 0x00, 0x20, 0x00, 0x40, 0x08, 0x60, 0x08,
    0x60, 0x08, 0x60, 0x08, 0x60, 0x08, 0x60, 0x08, 0x60, 0x08, 0x60, 0x08,
    0x60, 0x08, 0x60, 0x08, 0x60, 0x08, 0x60, 0x08, 0x60, 0x08, 0x60, 0x08,
    0x60, 0x08, 0x60, 0x08, 0x60, 0x08, 0x60, 0x08, 0x60, 0x08, 0x60, 0x08,
    0x60, 0x08, 0x60, 0x08, 0x60, 0x08, 0x60, 0x08, 0x60, 0x08, 0x60, 0x08,
    0x60, 0x08, 0x60, 0x08, 0x60, 0x08, 0x60, 0x08, 0x60, 0x08, 0x60, 0x08,
    0x60, 0x08, 0x60, 0x08, 0x60, 0x08, 0x60, 0x08, 0x60, 0x08, 0x60, 0x08,
    0x60, 0x08, 0x60, 0x08, 0x60, 0x08, 0x60, 0x08, 0x60, 0x08, 0x60, 0x08,
    0x60, 0x08, 0x60, 0x08, 0x60, 0x08, 0x40, 0x08, 0x40, 0x08, 0x40, 0x08,
    0x85, 0x29, 0x00, 0x00, 0x27, 0x42, 0xe6, 0x39, 0xa4, 0x31, 0x13, 0x9d,
    0x9a, 0xc6, 0x00, 0x00, 0x20, 0x00, 0x20, 0x00, 0x20, 0x00, 0x20, 0x00,
    0x20, 0x00, 0x20, 0x00, 0x20, 0x00, 0x20, 0x00, 0x20, 0x00, 0x20, 0x00,
    0x20, 0x00, 0x20, 0x00, 0x20, 0x00, 0x20, 0x00, 0x20, 0x00, 0x20, 0x00,
    0x20, 0x00, 0x20, 0x00, 0x20, 0x00, 0x20, 0x00, 0x20, 0x00, 0x20, 0x00,
    0x20, 0x00, 0x20, 0x00, 0x20, 0x00, 0x20, 0x00, 0x20, 0x00, 0x20, 0x00,
    0x20, 0x00, 0x20, 0x00, 0x20, 0x00, 0x20, 0x00, 0x20, 0x00, 0x20, 0x00,
    0x20, 0x00, 0x20, 0x00, 0x20, 0x00, 0x20, 0x00, 0x20, 0x00, 0x20, 0x00,
    0x20, 0x00, 0x20, 0x00, 0x20, 0x00, 0x20, 0x00, 0x20, 0x00, 0x20, 0x00,
    0x20, 0x00, 0x20, 0x00, 0x20, 0x00, 0x20, 0x00, 0x20, 0x00, 0x20, 0x00,
    0x20, 0x00, 0x20, 0x00, 0x20, 0x00, 0x20, 0x00, 0x20, 0x00, 0x20, 0x00,
    0x20, 0x00, 0x20, 0x00, 0x20, 0x00, 0x20, 0x00, 0x20, 0x00, 0x20, 0x00,
    0x20, 0x00, 0x00, 0x00, 0x07, 0x3a, 0x89, 0x52, 0x63, 0x29, 0x00, 0x00,
    0x20, 0x00, 0x20, 0x00, 0x20, 0x00, 0x00, 0x00, 0x00, 0x00, 0x00, 0x00,
    0x00, 0x00, 0x00, 0x00, 0xe3, 0x18, 0x2c, 0x63, 0x0b, 0x5b, 0xeb, 0x5a,
    0x0b, 0x63, 0xeb, 0x5a, 0x0b, 0x63, 0xeb, 0x5a, 0x0b, 0x5b, 0x0b, 0x63,
    0xc9, 0x4a, 0xeb, 0x5a, 0x0b, 0x63, 0xeb, 0x5a, 0x0b, 0x63, 0xeb, 0x5a,
    0xeb, 0x62, 0x0b, 0x63, 0xeb, 0x5a, 0x0b, 0x63, 0x0b, 0x5b, 0xeb, 0x5a,
    0x0b, 0x63, 0xeb, 0x5a, 0x0b, 0x63, 0x0c, 0x63, 0x49, 0x4a, 0x00, 0x00,
    0x20, 0x00, 0x00, 0x00, 0xc5, 0x39, 0xe6, 0x39, 0xa5, 0x31, 0xd2, 0x9c,
    0x10, 0x84, 0xaf, 0x7b, 0x4b, 0x63, 0x00, 0x00, 0xba, 0xce, 0x91, 0x84,
    0x00, 0x00, 0x65, 0x29, 0x40, 0x00, 0x60, 0x08, 0x60, 0x08, 0x60, 0x08,
    0x60, 0x08, 0x60, 0x08, 0x60, 0x08, 0x60, 0x08, 0x60, 0x08, 0x60, 0x08,
    0x60, 0x08, 0x60, 0x08, 0x60, 0x08, 0x60, 0x08, 0x60, 0x08, 0x60, 0x08,
    0x60, 0x08, 0x60, 0x08, 0x60, 0x08, 0x60, 0x08, 0x60, 0x08, 0x60, 0x08,
    0x60, 0x08, 0x60, 0x08, 0x60, 0x08, 0x60, 0x08, 0x60, 0x08, 0x60, 0x08,
    0x60, 0x08, 0x60, 0x08, 0x60, 0x08, 0x40, 0x08, 0x65, 0x21, 0x20, 0x00,
    0x84, 0x29, 0x40, 0x00, 0x00, 0x00, 0x40, 0x08, 0x20, 0x00, 0x00, 0x00,
    0x20, 0x00, 0x60, 0x08, 0x40, 0x08, 0x40, 0x08, 0x60, 0x08, 0x60, 0x08,
    0x60, 0x08, 0x60, 0x08, 0x60, 0x08, 0x60, 0x08, 0x60, 0x08, 0x40, 0x00,
    0x40, 0x08, 0x40, 0x08, 0x60, 0x08, 0x60, 0x08, 0x60, 0x08, 0x60, 0x08,
    0x60, 0x08, 0x60, 0x08, 0x60, 0x08, 0x40, 0x08, 0x60, 0x08, 0x60, 0x08,
    0x60, 0x08, 0x40, 0x08, 0x60, 0x08, 0x60, 0x08, 0x40, 0x08, 0x40, 0x08,
    0x60, 0x08, 0x60, 0x08, 0x40, 0x08, 0x40, 0x08, 0x60, 0x08, 0x60, 0x08,
    0x60, 0x08, 0x60, 0x08, 0x60, 0x08, 0x60, 0x08, 0x60, 0x08, 0x60, 0x08,
    0x60, 0x08, 0x60, 0x08, 0x60, 0x08, 0x60, 0x08, 0x60, 0x08, 0x60, 0x08,
    0x60, 0x08, 0x60, 0x08, 0x60, 0x08, 0x60, 0x08, 0x60, 0x08, 0x60, 0x08,
    0x60, 0x08, 0x60, 0x08, 0x60, 0x10, 0x61, 0x08, 0x80, 0x08, 0x81, 0x10,
    0x81, 0x10, 0x81, 0x08, 0x81, 0x10, 0x81, 0x10, 0x81, 0x08, 0x81, 0x10,
    0x80, 0x10, 0x81, 0x08, 0x60, 0x08, 0x03, 0x21, 0x44, 0x29, 0x80, 0x08,
    0x65, 0x29, 0x20, 0x00, 0x27, 0x42, 0xe6, 0x39, 0x85, 0x31, 0x14, 0x95,
    0x99, 0xce, 0x00, 0x00, 0x20, 0x00, 0x20, 0x00, 0x20, 0x00, 0x20, 0x00,
    0x20, 0x00, 0x20, 0x00, 0x20, 0x00, 0x20, 0x00, 0x20, 0x00, 0x20, 0x00,
    0x20, 0x00, 0x20, 0x00, 0x20, 0x00, 0x20, 0x00, 0x20, 0x00, 0x20, 0x00,
    0x20, 0x00, 0x20, 0x00, 0x20, 0x00, 0x20, 0x00, 0x20, 0x00, 0x20, 0x00,
    0x20, 0x00, 0x20, 0x00, 0x20, 0x00, 0x20, 0x00, 0x20, 0x00, 0x20, 0x00,
    0x20, 0x00, 0x20, 0x00, 0x20, 0x00, 0x20, 0x00, 0x20, 0x00, 0x20, 0x00,
    0x20, 0x00, 0x20, 0x00, 0x20, 0x00, 0x20, 0x00, 0x20, 0x00, 0x20, 0x00,
    0x20, 0x00, 0x20, 0x00, 0x20, 0x00, 0x20, 0x00, 0x20, 0x00, 0x20, 0x00,
    0x20, 0x00, 0x20, 0x00, 0x20, 0x00, 0x20, 0x00, 0x20, 0x00, 0x20, 0x00,
    0x20, 0x00, 0x20, 0x00, 0x20, 0x00, 0x20, 0x00, 0x20, 0x00, 0x20, 0x00,
    0x20, 0x00, 0x20, 0x00, 0x20, 0x00, 0x20, 0x00, 0x20, 0x00, 0x20, 0x00,
    0x20, 0x00, 0x00, 0x00, 0x07, 0x3a, 0x89, 0x52, 0x64, 0x29, 0x00, 0x00,
    0x20, 0x00, 0x20, 0x00, 0x20, 0x00, 0x20, 0x00, 0x20, 0x00, 0x20, 0x00,
    0x20, 0x00, 0x20, 0x00, 0x00, 0x00, 0x00, 0x00, 0x00, 0x00, 0x00, 0x00,
    0x00, 0x00, 0x00, 0x00, 0x00, 0x00, 0x00, 0x00, 0x00, 0x00, 0x00, 0x00,
    0x00, 0x00, 0x00, 0x00, 0x00, 0x00, 0x00, 0x00, 0x00, 0x00, 0x00, 0x00,
    0x00, 0x00, 0x00, 0x00, 0x00, 0x00, 0x00, 0x00, 0x00, 0x00, 0x00, 0x00,
    0x00, 0x00, 0x00, 0x00, 0x00, 0x00, 0x00, 0x00, 0x00, 0x00, 0x00, 0x00,
    0x00, 0x00, 0x00, 0x00, 0xc5, 0x31, 0x06, 0x3a, 0x85, 0x31, 0xd2, 0x9c,
    0x10, 0x84, 0xcf, 0x7b, 0x4c, 0x6b, 0x00, 0x00, 0xba, 0xce, 0x92, 0x8c,
    0x00, 0x00, 0x85, 0x29, 0x40, 0x00, 0x60, 0x08, 0x60, 0x08, 0x60, 0x08,
    0x60, 0x08, 0x60, 0x08, 0x60, 0x08, 0x60, 0x08, 0x60, 0x08, 0x60, 0x08,
    0x60, 0x08, 0x60, 0x08, 0x60, 0x08, 0x60, 0x08, 0x60, 0x08, 0x60, 0x08,
    0x60, 0x08, 0x60, 0x08, 0x60, 0x08, 0x60, 0x08, 0x60, 0x08, 0x60, 0x08,
    0x60, 0x08, 0x60, 0x08, 0x60, 0x08, 0x60, 0x08, 0x60, 0x08, 0x60, 0x08,
    0x60, 0x08, 0x60, 0x08, 0x60, 0x08, 0x40, 0x08, 0x65, 0x21, 0x20, 0x00,
    0x64, 0x29, 0x40, 0x08, 0x0a, 0x5b, 0x0e, 0x7c, 0x27, 0x42, 0x53, 0xa5,
    0xa9, 0x52, 0x41, 0x08, 0xc2, 0x10, 0xc1, 0x10, 0x40, 0x08, 0x40, 0x08,
    0x40, 0x08, 0x81, 0x08, 0xa1, 0x10, 0x40, 0x08, 0x40, 0x08, 0xc2, 0x10,
    0xa1, 0x08, 0xe3, 0x18, 0x81, 0x10, 0x40, 0x00, 0x40, 0x08, 0x60, 0x08,
    0x40, 0x08, 0x82, 0x10, 0x61, 0x08, 0xc2, 0x10, 0xa1, 0x10, 0xc2, 0x10,
    0xa2, 0x10, 0xe3, 0x18, 0x40, 0x08, 0x40, 0x08, 0xe3, 0x10, 0xc2, 0x18,
    0x40, 0x08, 0x60, 0x08, 0xc2, 0x10, 0xa2, 0x10, 0x40, 0x08, 0x60, 0x08,
    0x60, 0x08, 0x60, 0x08, 0x60, 0x08, 0x60, 0x08, 0x60, 0x08, 0x60, 0x08,
    0x60, 0x08, 0x60, 0x08, 0x60, 0x08, 0x60, 0x08, 0x60, 0x08, 0x60, 0x08,
    0x60, 0x08, 0x60, 0x08, 0x60, 0x08, 0x60, 0x08, 0x60, 0x08, 0x60, 0x08,
    0x60, 0x08, 0x60, 0x08, 0x61, 0x08, 0x24, 0x21, 0xc2, 0x18, 0xc2, 0x18,
    0xc2, 0x18, 0xe2, 0x18, 0xc2, 0x18, 0xc2, 0x18, 0xc2, 0x18, 0xe2, 0x18,
    0xc2, 0x18, 0xe2, 0x18, 0x60, 0x08, 0x64, 0x29, 0xea, 0x5a, 0x60, 0x08,
    0x65, 0x21, 0x20, 0x00, 0x27, 0x42, 0xe6, 0x39, 0x84, 0x31, 0x13, 0x9d,
    0x9a, 0xc6, 0x00, 0x00, 0x20, 0x00, 0x20, 0x00, 0x20, 0x00, 0x20, 0x00,
    0x20, 0x00, 0x20, 0x00, 0x20, 0x00, 0x20, 0x00, 0x20, 0x00, 0x20, 0x00,
    0x20, 0x00, 0x20, 0x00, 0x20, 0x00, 0x20, 0x00, 0x20, 0x00, 0x20, 0x00,
    0x20, 0x00, 0x20, 0x00, 0x20, 0x00, 0x20, 0x00, 0x20, 0x00, 0x20, 0x00,
    0x20, 0x00, 0x20, 0x00, 0x20, 0x00, 0x20, 0x00, 0x20, 0x00, 0x20, 0x00,
    0x20, 0x00, 0x20, 0x00, 0x20, 0x00, 0x20, 0x00, 0x20, 0x00, 0x20, 0x00,
    0x20, 0x00, 0x20, 0x00, 0x20, 0x00, 0x20, 0x00, 0x20, 0x00, 0x20, 0x00,
    0x20, 0x00, 0x20, 0x00, 0x20, 0x00, 0x20, 0x00, 0x20, 0x00, 0x20, 0x00,
    0x20, 0x00, 0x20, 0x00, 0x20, 0x00, 0x20, 0x00, 0x20, 0x00, 0x20, 0x00,
    0x20, 0x00, 0x20, 0x00, 0x20, 0x00, 0x20, 0x00, 0x20, 0x00, 0x20, 0x00,
    0x20, 0x00, 0x20, 0x00, 0x20, 0x00, 0x20, 0x00, 0x20, 0x00, 0x20, 0x00,
    0x20, 0x00, 0x00, 0x00, 0x07, 0x3a, 0x89, 0x52, 0x64, 0x29, 0x00, 0x00,
    0x20, 0x00, 0x20, 0x00, 0x20, 0x00, 0x20, 0x00, 0x20, 0x00, 0x20, 0x00,
    0x20, 0x00, 0x00, 0x00, 0x6d, 0x6b, 0xda, 0xde, 0x85, 0x31, 0x79, 0xd6,
    0x0b, 0x5b, 0x34, 0xa5, 0xae, 0x73, 0x30, 0x84, 0x3c, 0xef, 0x48, 0x4a,
    0xd2, 0x9c, 0x75, 0xb5, 0xd2, 0x9c, 0xbe, 0xf7, 0x50, 0x8c, 0x71, 0x8c,
    0xb6, 0xb5, 0x1b, 0xe7, 0x71, 0x8c, 0x54, 0xad, 0x99, 0xd6, 0x99, 0xd6,
    0x92, 0x94, 0xba, 0xd6, 0x8d, 0x6b, 0xd6, 0xbd, 0xf3, 0x9c, 0x2c, 0x63,
    0xa6, 0x31, 0x00, 0x00, 0xc6, 0x39, 0xe6, 0x39, 0xa5, 0x31, 0xd2, 0x9c,
    0x10, 0x84, 0xaf, 0x7b, 0x4b, 0x63, 0x00, 0x00, 0xba, 0xce, 0x91, 0x84,
    0x00, 0x00, 0x85, 0x29, 0x20, 0x00, 0x60, 0x08, 0x60, 0x08, 0x60, 0x08,
    0x60, 0x08, 0x60, 0x08, 0x60, 0x08, 0x60, 0x08, 0x60, 0x08, 0x60, 0x08,
    0x60, 0x08, 0x60, 0x08, 0x60, 0x08, 0x60, 0x08, 0x60, 0x08, 0x60, 0x08,
    0x60, 0x08, 0x60, 0x08, 0x60, 0x08, 0x60, 0x08, 0x60, 0x08, 0x60, 0x08,
    0x60, 0x08, 0x60, 0x08, 0x60, 0x08, 0x60, 0x08, 0x60, 0x08, 0x60, 0x08,
    0x60, 0x08, 0x60, 0x08, 0x60, 0x08, 0x40, 0x08, 0x65, 0x29, 0x20, 0x00,
    0x24, 0x21, 0x2b, 0x63, 0x37, 0xc6, 0xf2, 0x9c, 0x89, 0x52, 0x13, 0xa5,
    0x0b, 0x63, 0x41, 0x00, 0x04, 0x19, 0xe3, 0x18, 0x04, 0x19, 0xc3, 0x10,
    0xa1, 0x08, 0xa4, 0x18, 0xc3, 0x18, 0x82, 0x10, 0xa3, 0x18, 0x03, 0x19,
    0x41, 0x08, 0x63, 0x10, 0xe4, 0x18, 0x04, 0x21, 0xa2, 0x10, 0x04, 0x19,
    0xa2, 0x10, 0xc4, 0x20, 0x82, 0x08, 0x25, 0x19, 0xc3, 0x18, 0x24, 0x19,
    0xa3, 0x10, 0xe3, 0x18, 0x24, 0x19, 0x40, 0x08, 0xc2, 0x10, 0xe3, 0x18,
    0x40, 0x08, 0x40, 0x08, 0xe4, 0x18, 0x03, 0x19, 0x60, 0x08, 0x60, 0x08,
    0x60, 0x08, 0x60, 0x08, 0x60, 0x08, 0x60, 0x08, 0x60, 0x08, 0x60, 0x08,
    0x60, 0x08, 0x60, 0x08, 0x60, 0x08, 0x60, 0x08, 0x60, 0x08, 0x60, 0x08,
    0x60, 0x08, 0x60, 0x08, 0x60, 0x08, 0x60, 0x08, 0x60, 0x08, 0x60, 0x08,
    0x60, 0x08, 0x60, 0x08, 0x81, 0x08, 0x64, 0x29, 0xe2, 0x18, 0xe2, 0x18,
    0xe2, 0x18, 0xe2, 0x18, 0xe2, 0x18, 0xe2, 0x18, 0xe2, 0x18, 0xe2, 0x18,
    0xe2, 0x18, 0xe2, 0x18, 0x81, 0x10, 0xa1, 0x10, 0x60, 0x08, 0x40, 0x08,
    0x85, 0x29, 0x00, 0x00, 0x27, 0x42, 0xe6, 0x39, 0x85, 0x31, 0x13, 0x9d,
    0x9a, 0xc6, 0x00, 0x00, 0x20, 0x00, 0x20, 0x00, 0x20, 0x00, 0x20, 0x00,
    0x20, 0x00, 0x20, 0x00, 0x20, 0x00, 0x20, 0x00, 0x20, 0x00, 0x20, 0x00,
    0x20, 0x00, 0x20, 0x00, 0x20, 0x00, 0x20, 0x00, 0x20, 0x00, 0x20, 0x00,
    0x20, 0x00, 0x20, 0x00, 0x20, 0x00, 0x20, 0x00, 0x20, 0x00, 0x20, 0x00,
    0x20, 0x00, 0x20, 0x00, 0x20, 0x00, 0x20, 0x00, 0x20, 0x00, 0x20, 0x00,
    0x20, 0x00, 0x20, 0x00, 0x20, 0x00, 0x20, 0x00, 0x20, 0x00, 0x20, 0x00,
    0x20, 0x00, 0x20, 0x00, 0x20, 0x00, 0x20, 0x00, 0x20, 0x00, 0x20, 0x00,
    0x20, 0x00, 0x20, 0x00, 0x20, 0x00, 0x20, 0x00, 0x20, 0x00, 0x20, 0x00,
    0x20, 0x00, 0x20, 0x00, 0x20, 0x00, 0x20, 0x00, 0x20, 0x00, 0x20, 0x00,
    0x20, 0x00, 0x20, 0x00, 0x20, 0x00, 0x20, 0x00, 0x20, 0x00, 0x20, 0x00,
    0x20, 0x00, 0x20, 0x00, 0x20, 0x00, 0x20, 0x00, 0x20, 0x00, 0x20, 0x00,
    0x20, 0x00, 0x00, 0x00, 0x07, 0x3a, 0x89, 0x52, 0x63, 0x29, 0x00, 0x00,
    0x20, 0x00, 0x20, 0x00, 0x20, 0x00, 0x20, 0x00, 0x20, 0x00, 0x20, 0x00,
    0x00, 0x00, 0x28, 0x42, 0x95, 0xb5, 0x0f, 0x7c, 0xb2, 0x94, 0x13, 0xa5,
    0x2c, 0x63, 0xf7, 0xbd, 0xf3, 0xa4, 0xd2, 0x9c, 0x13, 0xa5, 0x71, 0x8c,
    0x75, 0xad, 0xde, 0xff, 0x8e, 0x73, 0x38, 0xc6, 0xb1, 0x94, 0x99, 0xd6,
    0x30, 0x84, 0x50, 0x8c, 0xf3, 0x9c, 0xef, 0x7b, 0x3c, 0xe7, 0x30, 0x84,
    0xf3, 0xa4, 0xf7, 0xbd, 0x71, 0x8c, 0xd6, 0xbd, 0x8d, 0x6b, 0x30, 0x8c,
    0xc6, 0x39, 0x00, 0x00, 0xc5, 0x31, 0x06, 0x3a, 0x85, 0x31, 0xd2, 0x9c,
    0x10, 0x84, 0xaf, 0x7b, 0x4c, 0x63, 0x00, 0x00, 0xba, 0xce, 0x92, 0x84,
    0x00, 0x00, 0x85, 0x29, 0x40, 0x00, 0x60, 0x08, 0x60, 0x08, 0x60, 0x08,
    0x60, 0x08, 0x60, 0x08, 0x60, 0x08, 0x60, 0x08, 0x60, 0x08, 0x60, 0x08,
    0x60, 0x08, 0x60, 0x08, 0x60, 0x08, 0x60, 0x08, 0x60, 0x08, 0x60, 0x08,
    0x60, 0x08, 0x60, 0x08, 0x60, 0x08, 0x60, 0x08, 0x60, 0x08, 0x60, 0x08,
    0x60, 0x08, 0x60, 0x08, 0x60, 0x08, 0x60, 0x08, 0x60, 0x08, 0x60, 0x08,
    0x60, 0x08, 0x60, 0x08, 0x60, 0x08, 0x40, 0x00, 0x65, 0x21, 0x20, 0x00,
    0x24, 0x21, 0xea, 0x5a, 0xf6, 0xbd, 0x12, 0x9d, 0xa9, 0x52, 0xd1, 0x94,
    0x4b, 0x6b, 0x22, 0x08, 0x24, 0x19, 0x25, 0x19, 0x24, 0x19, 0xe4, 0x18,
    0x81, 0x10, 0xe4, 0x10, 0xe2, 0x18, 0xe3, 0x10, 0xc3, 0x10, 0xa3, 0x18,
    0x41, 0x08, 0x63, 0x10, 0x25, 0x21, 0xc4, 0x18, 0xa4, 0x18, 0x44, 0x19,
    0x04, 0x19, 0xa4, 0x18, 0x82, 0x10, 0x04, 0x19, 0x05, 0x19, 0x44, 0x21,
    0xe5, 0x18, 0x40, 0x08, 0x44, 0x19, 0x80, 0x08, 0xe3, 0x10, 0xc2, 0x10,
    0x61, 0x08, 0x81, 0x08, 0x81, 0x08, 0x45, 0x21, 0x60, 0x08, 0x60, 0x08,
    0x60, 0x08, 0x60, 0x08, 0x60, 0x08, 0x60, 0x08, 0x60, 0x08, 0x60, 0x08,
    0x60, 0x08, 0x60, 0x08, 0x60, 0x08, 0x60, 0x08, 0x60, 0x08, 0x60, 0x08,
    0x60, 0x08, 0x60, 0x08, 0x60, 0x08, 0x60, 0x08, 0x60, 0x08, 0x60, 0x08,
    0x60, 0x08, 0x60, 0x08, 0x60, 0x08, 0x24, 0x19, 0xe2, 0x18, 0xe2, 0x18,
    0xe2, 0x18, 0xe2, 0x18, 0xe2, 0x18, 0xe2, 0x18, 0xe2, 0x18, 0xe2, 0x18,
    0xe2, 0x18, 0xe2, 0x18, 0x80, 0x08, 0xc5, 0x31, 0x88, 0x4a, 0x81, 0x10,
    0x65, 0x21, 0x20, 0x00, 0x27, 0x42, 0xe6, 0x39, 0xa5, 0x31, 0x13, 0x9d,
    0x9a, 0xc6, 0x00, 0x00, 0x20, 0x00, 0x20, 0x00, 0x20, 0x00, 0x20, 0x00,
    0x20, 0x00, 0x20, 0x00, 0x20, 0x00, 0x20, 0x00, 0x20, 0x00, 0x20, 0x00,
    0x20, 0x00, 0x20, 0x00, 0x20, 0x00, 0x20, 0x00, 0x20, 0x00, 0x20, 0x00,
    0x20, 0x00, 0x20, 0x00, 0x20, 0x00, 0x20, 0x00, 0x20, 0x00, 0x20, 0x00,
    0x20, 0x00, 0x20, 0x00, 0x20, 0x00, 0x20, 0x00, 0x20, 0x00, 0x20, 0x00,
    0x20, 0x00, 0x20, 0x00, 0x20, 0x00, 0x20, 0x00, 0x20, 0x00, 0x20, 0x00,
    0x20, 0x00, 0x20, 0x00, 0x20, 0x00, 0x20, 0x00, 0x20, 0x00, 0x20, 0x00,
    0x20, 0x00, 0x20, 0x00, 0x20, 0x00, 0x20, 0x00, 0x20, 0x00, 0x20, 0x00,
    0x20, 0x00, 0x20, 0x00, 0x20, 0x00, 0x20, 0x00, 0x20, 0x00, 0x20, 0x00,
    0x20, 0x00, 0x20, 0x00, 0x20, 0x00, 0x20, 0x00, 0x20, 0x00, 0x20, 0x00,
    0x20, 0x00, 0x20, 0x00, 0x20, 0x00, 0x20, 0x00, 0x20, 0x00, 0x20, 0x00,
    0x20, 0x00, 0x00, 0x00, 0x07, 0x42, 0x89, 0x52, 0x64, 0x29, 0x00, 0x00,
    0x20, 0x00, 0x20, 0x00, 0x20, 0x00, 0x20, 0x00, 0x20, 0x00, 0x20, 0x00,
    0x20, 0x00, 0x00, 0x00, 0x81, 0x08, 0x04, 0x21, 0x20, 0x00, 0x65, 0x29,
    0x20, 0x00, 0x61, 0x08, 0x24, 0x21, 0xa2, 0x10, 0x03, 0x21, 0x82, 0x10,
    0xa2, 0x10, 0x61, 0x08, 0x61, 0x08, 0xa2, 0x10, 0xc2, 0x18, 0x20, 0x00,
    0x00, 0x00, 0x44, 0x29, 0xe3, 0x18, 0x00, 0x00, 0xa2, 0x10, 0x44, 0x21,
    0x24, 0x21, 0x24, 0x21, 0x81, 0x10, 0x20, 0x00, 0x65, 0x29, 0xa2, 0x10,
    0x41, 0x08, 0x00, 0x00, 0xc5, 0x31, 0x06, 0x3a, 0x85, 0x31, 0xd2, 0x9c,
    0x10, 0x84, 0xaf, 0x7b, 0x4b, 0x63, 0x00, 0x00, 0xba, 0xce, 0x91, 0x8c,
    0x00, 0x00, 0x65, 0x29, 0x40, 0x00, 0x60, 0x08, 0x60, 0x08, 0x60, 0x08,
    0x60, 0x08, 0x60, 0x08, 0x60, 0x08, 0x60, 0x08, 0x60, 0x08, 0x60, 0x08,
    0x60, 0x08, 0x60, 0x08, 0x60, 0x08, 0x60, 0x08, 0x60, 0x08, 0x60, 0x08,
    0x60, 0x08, 0x60, 0x08, 0x60, 0x08, 0x60, 0x08, 0x60, 0x08, 0x60, 0x08,
    0x60, 0x08, 0x60, 0x08, 0x60, 0x08, 0x60, 0x08, 0x60, 0x08, 0x60, 0x08,
    0x60, 0x08, 0x60, 0x08, 0x60, 0x08, 0x40, 0x08, 0x65, 0x21, 0x20, 0x00,
    0x85, 0x21, 0x00, 0x00, 0x4c, 0x63, 0xea, 0x5a, 0x64, 0x29, 0x6c, 0x6b,
    0xe6, 0x39, 0x21, 0x00, 0xa1, 0x08, 0x81, 0x08, 0xc2, 0x10, 0x81, 0x00,
    0x81, 0x08, 0x81, 0x08, 0x60, 0x08, 0x61, 0x00, 0x81, 0x08, 0x61, 0x10,
    0x61, 0x08, 0x42, 0x08, 0x82, 0x08, 0x82, 0x08, 0x61, 0x08, 0xa2, 0x10,
    0x61, 0x00, 0xa2, 0x08, 0x61, 0x08, 0x81, 0x08, 0xc2, 0x10, 0x61, 0x00,
    0x82, 0x10, 0x40, 0x08, 0xc2, 0x10, 0x40, 0x00, 0x04, 0x11, 0xc2, 0x10,
    0x40, 0x08, 0x40, 0x08, 0xa2, 0x08, 0xe3, 0x10, 0x40, 0x08, 0x60, 0x08,
    0x60, 0x08, 0x60, 0x08, 0x60, 0x08, 0x60, 0x08, 0x60, 0x08, 0x60, 0x08,
    0x60, 0x08, 0x60, 0x08, 0x60, 0x08, 0x60, 0x08, 0x60, 0x08, 0x60, 0x08,
    0x60, 0x08, 0x60, 0x08, 0x60, 0x08, 0x60, 0x08, 0x60, 0x08, 0x60, 0x08,
    0x60, 0x08, 0x60, 0x08, 0x80, 0x08, 0xc2, 0x18, 0xa1, 0x10, 0xa1, 0x10,
    0xa1, 0x10, 0xa1, 0x10, 0xa1, 0x10, 0xa1, 0x10, 0xa1, 0x10, 0xa1, 0x10,
    0xa1, 0x10, 0xc1, 0x10, 0x60, 0x08, 0x23, 0x21, 0x47, 0x42, 0x60, 0x08,
    0x85, 0x29, 0x20, 0x00, 0x27, 0x42, 0xe6, 0x39, 0x84, 0x29, 0x13, 0x9d,
    0x9a, 0xc6, 0x00, 0x00, 0x20, 0x00, 0x20, 0x00, 0x20, 0x00, 0x20, 0x00,
    0x20, 0x00, 0x20, 0x00, 0x20, 0x00, 0x20, 0x00, 0x20, 0x00, 0x20, 0x00,
    0x20, 0x00, 0x20, 0x00, 0x20, 0x00, 0x20, 0x00, 0x20, 0x00, 0x20, 0x00,
    0x20, 0x00, 0x20, 0x00, 0x20, 0x00, 0x20, 0x00, 0x20, 0x00, 0x20, 0x00,
    0x20, 0x00, 0x20, 0x00, 0x20, 0x00, 0x20, 0x00, 0x20, 0x00, 0x20, 0x00,
    0x20, 0x00, 0x20, 0x00, 0x20, 0x00, 0x20, 0x00, 0x20, 0x00, 0x20, 0x00,
    0x20, 0x00, 0x20, 0x00, 0x20, 0x00, 0x20, 0x00, 0x20, 0x00, 0x20, 0x00,
    0x20, 0x00, 0x20, 0x00, 0x20, 0x00, 0x20, 0x00, 0x20, 0x00, 0x20, 0x00,
    0x20, 0x00, 0x20, 0x00, 0x20, 0x00, 0x20, 0x00, 0x20, 0x00, 0x20, 0x00,
    0x20, 0x00, 0x20, 0x00, 0x20, 0x00, 0x20, 0x00, 0x20, 0x00, 0x20, 0x00,
    0x20, 0x00, 0x20, 0x00, 0x20, 0x00, 0x20, 0x00, 0x20, 0x00, 0x20, 0x00,
    0x20, 0x00, 0x00, 0x00, 0x07, 0x3a, 0x88, 0x52, 0x64, 0x29, 0x00, 0x00,
    0x20, 0x00, 0x20, 0x00, 0x20, 0x00, 0x20, 0x00, 0x20, 0x00, 0x20, 0x00,
    0x20, 0x00, 0x20, 0x00, 0x00, 0x00, 0x00, 0x00, 0x00, 0x00, 0x00, 0x00,
    0x20, 0x00, 0x00, 0x00, 0x00, 0x00, 0x00, 0x00, 0x00, 0x00, 0x00, 0x00,
    0x89, 0x52, 0xe7, 0x39, 0xa5, 0x31, 0x71, 0x8c, 0x00, 0x00, 0xee, 0x7b,
    0x0b, 0x5b, 0x00, 0x00, 0x00, 0x00, 0x20, 0x00, 0x00, 0x00, 0x00, 0x00,
    0x00, 0x00, 0x00, 0x00, 0x00, 0x00, 0x00, 0x00, 0x00, 0x00, 0x00, 0x00,
    0x20, 0x00, 0x00, 0x00, 0xc6, 0x39, 0xe6, 0x39, 0xa5, 0x31, 0xd2, 0x9c,
    0x10, 0x84, 0xcf, 0x7b, 0x4b, 0x63, 0x00, 0x00, 0xba, 0xce, 0x92, 0x84,
    0x00, 0x00, 0x85, 0x29, 0x40, 0x00, 0x60, 0x08, 0x60, 0x08, 0x60, 0x08,
    0x60, 0x08, 0x60, 0x08, 0x60, 0x08, 0x60, 0x08, 0x60, 0x08, 0x60, 0x08,
    0x60, 0x08, 0x60, 0x08, 0x60, 0x08, 0x60, 0x08, 0x60, 0x08, 0x60, 0x08,
    0x60, 0x08, 0x60, 0x08, 0x60, 0x08, 0x60, 0x08, 0x60, 0x08, 0x60, 0x08,
    0x60, 0x08, 0x60, 0x08, 0x60, 0x08, 0x60, 0x08, 0x60, 0x08, 0x60, 0x08,
    0x60, 0x08, 0x60, 0x08, 0x60, 0x08, 0x40, 0x08, 0x65, 0x21, 0x20, 0x00,
    0x86, 0x21, 0x40, 0x00, 0x00, 0x00, 0x00, 0x00, 0x40, 0x00, 0x00, 0x00,
    0x20, 0x00, 0x60, 0x08, 0x60, 0x08, 0x60, 0x08, 0x40, 0x08, 0x60, 0x08,
    0x60, 0x08, 0x60, 0x08, 0x60, 0x08, 0x60, 0x08, 0x60, 0x08, 0x60, 0x08,
    0x60, 0x08, 0x60, 0x08, 0x60, 0x08, 0x60, 0x08, 0x60, 0x08, 0x40, 0x08,
    0x60, 0x08, 0x60, 0x08, 0x60, 0x08, 0x60, 0x08, 0x40, 0x08, 0x60, 0x08,
    0x60, 0x08, 0x60, 0x08, 0x40, 0x08, 0x60, 0x08, 0x60, 0x08, 0x40, 0x08,
    0x60, 0x08, 0x60, 0x08, 0x60, 0x08, 0x61, 0x00, 0x60, 0x08, 0x60, 0x08,
    0x60, 0x08, 0x60, 0x08, 0x60, 0x08, 0x60, 0x08, 0x60, 0x08, 0x60, 0x08,
    0x60, 0x08, 0x60, 0x08, 0x60, 0x08, 0x60, 0x08, 0x60, 0x08, 0x60, 0x08,
    0x60, 0x08, 0x60, 0x08, 0x60, 0x08, 0x60, 0x08, 0x60, 0x08, 0x60, 0x08,
    0x60, 0x08, 0x60, 0x08, 0x60, 0x08, 0x80, 0x10, 0x80, 0x08, 0x80, 0x08,
    0x80, 0x08, 0x80, 0x08, 0x80, 0x08, 0x80, 0x08, 0x80, 0x08, 0x80, 0x08,
    0x80, 0x08, 0x81, 0x10, 0x81, 0x10, 0x60, 0x08, 0x40, 0x00, 0x40, 0x08,
    0x65, 0x29, 0x00, 0x00, 0x47, 0x42, 0x26, 0x42, 0xa5, 0x31, 0x13, 0x9d,
    0x9a, 0xc6, 0x00, 0x00, 0x20, 0x00, 0x20, 0x00, 0x20, 0x00, 0x20, 0x00,
    0x20, 0x00, 0x20, 0x00, 0x20, 0x00, 0x20, 0x00, 0x20, 0x00, 0x25, 0x28,
    0x26, 0x30, 0x26, 0x30, 0x26, 0x30, 0x26, 0x30, 0x26, 0x30, 0x26, 0x30,
    0x26, 0x30, 0x26, 0x30, 0x27, 0x30, 0x26, 0x30, 0x26, 0x30, 0x27, 0x30,
    0x26, 0x30, 0x26, 0x30, 0x27, 0x30, 0x26, 0x30, 0x26, 0x30, 0x27, 0x30,
    0x26, 0x30, 0x26, 0x30, 0x27, 0x30, 0x26, 0x30, 0x26, 0x30, 0x27, 0x30,
    0x26, 0x30, 0x26, 0x30, 0x26, 0x30, 0x26, 0x30, 0x26, 0x30, 0x26, 0x30,
    0x26, 0x30, 0x26, 0x30, 0x26, 0x30, 0x26, 0x30, 0x26, 0x30, 0x26, 0x30,
    0x26, 0x30, 0x26, 0x30, 0x26, 0x30, 0x26, 0x30, 0x26, 0x30, 0x26, 0x30,
    0x26, 0x30, 0x26, 0x30, 0x26, 0x30, 0x26, 0x30, 0x26, 0x30, 0x26, 0x30,
    0x26, 0x30, 0x26, 0x30, 0x26, 0x30, 0x26, 0x38, 0x26, 0x30, 0x26, 0x30,
    0x26, 0x30, 0x06, 0x30, 0xcc, 0x61, 0x88, 0x4a, 0x64, 0x29, 0x00, 0x00,
    0x20, 0x00, 0x20, 0x00, 0x20, 0x00, 0x20, 0x00, 0x20, 0x00, 0x20, 0x00,
    0x20, 0x00, 0x20, 0x00, 0x20, 0x00, 0x20, 0x00, 0x20, 0x00, 0x20, 0x00,
    0x20, 0x00, 0x20, 0x00, 0x20, 0x00, 0x20, 0x00, 0x20, 0x00, 0x00, 0x00,
    0xa9, 0x52, 0x0b, 0x5b, 0x00, 0x00, 0x69, 0x4a, 0x28, 0x42, 0x2f, 0x84,
    0x69, 0x4a, 0xc2, 0x18, 0x00, 0x00, 0x20, 0x00, 0x20, 0x00, 0x20, 0x00,
    0x20, 0x00, 0x20, 0x00, 0x20, 0x00, 0x20, 0x00, 0x20, 0x00, 0x20, 0x00,
    0x20, 0x00, 0x00, 0x00, 0xc5, 0x31, 0xe6, 0x39, 0xa5, 0x31, 0xd2, 0x9c,
    0x10, 0x84, 0xaf, 0x7b, 0x4c, 0x6b, 0x00, 0x00, 0xba, 0xce, 0x91, 0x84,
    0x00, 0x00, 0x85, 0x29, 0x20, 0x00, 0x60, 0x08, 0x60, 0x08, 0x60, 0x08,
    0x60, 0x08, 0x60, 0x08, 0x60, 0x08, 0x60, 0x08, 0x60, 0x08, 0x60, 0x08,
    0x60, 0x08, 0x60, 0x08, 0x60, 0x08, 0x60, 0x08, 0x60, 0x08, 0x60, 0x08,
    0x60, 0x08, 0x60, 0x08, 0x60, 0x08, 0x60, 0x08, 0x60, 0x08, 0x60, 0x08,
    0x60, 0x08, 0x60, 0x08, 0x60, 0x08, 0x60, 0x08, 0x60, 0x08, 0x60, 0x08,
    0x60, 0x08, 0x60, 0x08, 0x60, 0x08, 0x40, 0x08, 0x65, 0x21, 0x20, 0x00,
    0x86, 0x21, 0x20, 0x00, 0x00, 0x00, 0x80, 0x10, 0x20, 0x00, 0x00, 0x00,
    0x20, 0x00, 0x60, 0x08, 0x40, 0x00, 0x60, 0x08, 0x60, 0x08, 0x60, 0x08,
    0x60, 0x08, 0x60, 0x08, 0x60, 0x08, 0x60, 0x08, 0x60, 0x08, 0x60, 0x08,
    0x60, 0x08, 0x60, 0x08, 0x40, 0x00, 0x60, 0x08, 0x40, 0x08, 0x40, 0x08,
    0x60, 0x08, 0x40, 0x00, 0x40, 0x08, 0x40, 0x08, 0x60, 0x00, 0x60, 0x08,
    0x40, 0x08, 0x60, 0x08, 0x40, 0x00, 0x40, 0x08, 0x40, 0x08, 0x60, 0x08,
    0x40, 0x00, 0x60, 0x08, 0x40, 0x08, 0x40, 0x08, 0x60, 0x00, 0x60, 0x08,
    0x60, 0x08, 0x60, 0x08, 0x60, 0x08, 0x60, 0x08, 0x40, 0x08, 0x60, 0x08,
    0x60, 0x08, 0x60, 0x08, 0x60, 0x08, 0x60, 0x08, 0x60, 0x08, 0x60, 0x08,
    0x60, 0x08, 0x60, 0x08, 0x60, 0x08, 0x60, 0x08, 0x60, 0x08, 0x60, 0x08,
    0x60, 0x08, 0x40, 0x08, 0x80, 0x10, 0x81, 0x08, 0x80, 0x10, 0x60, 0x10,
    0x81, 0x08, 0x80, 0x10, 0x80, 0x10, 0x81, 0x08, 0x80, 0x10, 0x81, 0x10,
    0x80, 0x08, 0x80, 0x08, 0x81, 0x10, 0x44, 0x29, 0x84, 0x29, 0x81, 0x10,
    0x65, 0x21, 0x00, 0x00, 0xeb, 0x62, 0x4b, 0x52, 0x2b, 0x4a, 0x13, 0x9d,
    0x9a, 0xc6, 0x00, 0x00, 0x20, 0x00, 0x20, 0x00, 0x20, 0x00, 0x20, 0x00,
    0x20, 0x00, 0x20, 0x00, 0x20, 0x00, 0x20, 0x00, 0x00, 0x00, 0xd5, 0xb0,
    0x0e, 0x70, 0x2e, 0x78, 0x0e, 0x78, 0x2e, 0x78, 0x2e, 0x78, 0x0f, 0x78,
    0x2e, 0x78, 0x2e, 0x78, 0x0e, 0x78, 0x2e, 0x78, 0x2e, 0x78, 0x0e, 0x78,
    0x2e, 0x78, 0x2e, 0x78, 0x0e, 0x78, 0x2e, 0x78, 0x2e, 0x78, 0x0e, 0x78,
    0x2e, 0x78, 0x2e, 0x78, 0x0e, 0x78, 0x2e, 0x78, 0x2e, 0x78, 0x0e, 0x78,
    0x2e, 0x78, 0x2e, 0x78, 0x0f, 0x78, 0x2e, 0x78, 0x0e, 0x78, 0x0f, 0x78,
    0x2e, 0x78, 0x0e, 0x78, 0x0e, 0x78, 0x2e, 0x78, 0x0e, 0x78, 0x0e, 0x78,
    0x0e, 0x78, 0x0e, 0x78, 0x0e, 0x78, 0x0e, 0x78, 0x0e, 0x78, 0x0e, 0x78,
    0x0e, 0x78, 0x0e, 0x78, 0x0e, 0x78, 0x0e, 0x78, 0x0e, 0x78, 0x0e, 0x78,
    0x0e, 0x78, 0x0e, 0x78, 0x0e, 0x78, 0x0e, 0x70, 0x0e, 0x78, 0x0e, 0x78,
    0x0e, 0x78, 0x0e, 0x70, 0x72, 0x99, 0x88, 0x4a, 0x64, 0x29, 0x00, 0x00,
    0x20, 0x00, 0x20, 0x00, 0x20, 0x00, 0x20, 0x00, 0x20, 0x00, 0x20, 0x00,
    0x20, 0x00, 0x20, 0x00, 0x20, 0x00, 0x20, 0x00, 0x20, 0x00, 0x20, 0x00,
    0x20, 0x00, 0x20, 0x00, 0x20, 0x00, 0x20, 0x00, 0x20, 0x00, 0x00, 0x00,
    0x2f, 0x84, 0x71, 0x8c, 0xc6, 0x39, 0x89, 0x52, 0x69, 0x4a, 0x68, 0x4a,
    0x86, 0x31, 0x03, 0x19, 0x00, 0x00, 0x20, 0x00, 0x20, 0x00, 0x20, 0x00,
    0x20, 0x00, 0x20, 0x00, 0x20, 0x00, 0x20, 0x00, 0x20, 0x00, 0x20, 0x00,
    0x20, 0x00, 0x00, 0x00, 0xc5, 0x39, 0x06, 0x3a, 0x85, 0x31, 0xd2, 0x9c,
    0x10, 0x84, 0xaf, 0x7b, 0x4b, 0x63, 0x00, 0x00, 0xba, 0xce, 0x92, 0x8c,
    0x00, 0x00, 0x85, 0x29, 0x40, 0x08, 0x60, 0x08, 0x60, 0x08, 0x60, 0x08,
    0x60, 0x08, 0x60, 0x08, 0x60, 0x08, 0x60, 0x08, 0x60, 0x08, 0x60, 0x08,
    0x60, 0x08, 0x60, 0x08, 0x60, 0x08, 0x60, 0x08, 0x60, 0x08, 0x60, 0x08,
    0x60, 0x08, 0x60, 0x08, 0x60, 0x08, 0x60, 0x08, 0x60, 0x08, 0x60, 0x08,
    0x60, 0x08, 0x60, 0x08, 0x60, 0x08, 0x60, 0x08, 0x60, 0x08, 0x60, 0x08,
    0x60, 0x08, 0x60, 0x08, 0x60, 0x08, 0x40, 0x08, 0x65, 0x21, 0x20, 0x00,
    0x65, 0x21, 0xa1, 0x08, 0xee, 0x7b, 0x50, 0x8c, 0x88, 0x4a, 0xd6, 0xbd,
    0x0a, 0x63, 0x40, 0x00, 0x04, 0x19, 0x63, 0x10, 0x20, 0x08, 0x40, 0x08,
    0x60, 0x00, 0x40, 0x08, 0x41, 0x00, 0x41, 0x00, 0x40, 0x00, 0x61, 0x08,
    0x83, 0x10, 0x62, 0x10, 0xa4, 0x10, 0x81, 0x08, 0x03, 0x19, 0xe3, 0x10,
    0x40, 0x08, 0xc4, 0x10, 0xc2, 0x08, 0xc3, 0x18, 0xc4, 0x10, 0x81, 0x08,
    0x23, 0x21, 0x40, 0x00, 0x04, 0x11, 0xe4, 0x10, 0x84, 0x10, 0x81, 0x08,
    0x23, 0x19, 0xe3, 0x10, 0xc2, 0x10, 0xa1, 0x08, 0x64, 0x10, 0xa2, 0x18,
    0x40, 0x00, 0x40, 0x08, 0x40, 0x08, 0x61, 0x08, 0xa1, 0x10, 0x60, 0x08,
    0x60, 0x08, 0x60, 0x08, 0x60, 0x08, 0x60, 0x08, 0x60, 0x08, 0x60, 0x08,
    0x60, 0x08, 0x60, 0x08, 0x60, 0x08, 0x60, 0x08, 0x60, 0x08, 0x60, 0x08,
    0x60, 0x08, 0x60, 0x08, 0x81, 0x08, 0x44, 0x21, 0xa3, 0x18, 0x44, 0x21,
    0x24, 0x21, 0x04, 0x21, 0x23, 0x21, 0xe2, 0x18, 0xe2, 0x18, 0xe2, 0x18,
    0xe2, 0x18, 0xe2, 0x18, 0x80, 0x08, 0x44, 0x29, 0xa9, 0x52, 0x60, 0x08,
    0x64, 0x29, 0x00, 0x00, 0x69, 0x4a, 0xa5, 0x18, 0x47, 0x31, 0x13, 0x9d,
    0x9a, 0xc6, 0x00, 0x00, 0x20, 0x00, 0x20, 0x00, 0x20, 0x00, 0x20, 0x00,
    0x20, 0x00, 0x20, 0x00, 0x20, 0x00, 0x20, 0x00, 0x63, 0x18, 0x49, 0x48,
    0x20, 0x00, 0x20, 0x00, 0x20, 0x00, 0x20, 0x00, 0x20, 0x00, 0x20, 0x00,
    0x20, 0x00, 0x20, 0x00, 0x20, 0x00, 0x20, 0x00, 0x20, 0x00, 0x20, 0x00,
    0x20, 0x00, 0x20, 0x00, 0x20, 0x00, 0x20, 0x00, 0x20, 0x00, 0x20, 0x00,
    0x20, 0x00, 0x20, 0x00, 0x20, 0x00, 0x20, 0x00, 0x20, 0x00, 0x20, 0x00,
    0x20, 0x00, 0x20, 0x00, 0x20, 0x00, 0x20, 0x00, 0x20, 0x00, 0x20, 0x00,
    0x20, 0x00, 0x20, 0x00, 0x20, 0x00, 0x20, 0x00, 0x20, 0x00, 0x20, 0x00,
    0x20, 0x00, 0x20, 0x00, 0x20, 0x00, 0x20, 0x00, 0x20, 0x00, 0x20, 0x00,
    0x20, 0x00, 0x20, 0x00, 0x20, 0x00, 0x20, 0x00, 0x20, 0x00, 0x20, 0x00,
    0x20, 0x00, 0x20, 0x00, 0x20, 0x00, 0x20, 0x00, 0x20, 0x00, 0x20, 0x00,
    0x20, 0x00, 0x00, 0x00, 0x06, 0x32, 0x89, 0x52, 0x64, 0x29, 0x00, 0x00,
    0x20, 0x00, 0x20, 0x00, 0x20, 0x00, 0x20, 0x00, 0x20, 0x00, 0x20, 0x00,
    0x20, 0x00, 0x20, 0x00, 0x20, 0x00, 0x20, 0x00, 0x20, 0x00, 0x20, 0x00,
    0x20, 0x00, 0x20, 0x00, 0x20, 0x00, 0x20, 0x00, 0x20, 0x00, 0x20, 0x00,
    0x00, 0x00, 0x00, 0x00, 0x00, 0x00, 0x00, 0x00, 0x61, 0x08, 0xe3, 0x18,
    0xc6, 0x31, 0x00, 0x00, 0x20, 0x00, 0x20, 0x00, 0x20, 0x00, 0x20, 0x00,
    0x20, 0x00, 0x20, 0x00, 0x20, 0x00, 0x20, 0x00, 0x20, 0x00, 0x20, 0x00,
    0x20, 0x00, 0x00, 0x00, 0xc5, 0x39, 0xe6, 0x39, 0xa5, 0x31, 0xd2, 0x9c,
    0x10, 0x84, 0xaf, 0x7b, 0x4c, 0x63, 0x00, 0x00, 0xba, 0xce, 0x91, 0x84,
    0x00, 0x00, 0x65, 0x29, 0x40, 0x00, 0x60, 0x08, 0x60, 0x08, 0x60, 0x08,
    0x60, 0x08, 0x60, 0x08, 0x60, 0x08, 0x60, 0x08, 0x60, 0x08, 0x60, 0x08,
    0x60, 0x08, 0x60, 0x08, 0x60, 0x08, 0x60, 0x08, 0x60, 0x08, 0x60, 0x08,
    0x60, 0x08, 0x60, 0x08, 0x60, 0x08, 0x60, 0x08, 0x60, 0x08, 0x60, 0x08,
    0x60, 0x08, 0x60, 0x08, 0x60, 0x08, 0x60, 0x08, 0x60, 0x08, 0x60, 0x08,
    0x60, 0x08, 0x60, 0x08, 0x60, 0x08, 0x40, 0x00, 0x65, 0x21, 0x20, 0x00,
    0x24, 0x19, 0x4c, 0x63, 0x16, 0xbe, 0x33, 0xa5, 0x89, 0x4a, 0x13, 0xa5,
    0x2b, 0x63, 0x00, 0x00, 0x64, 0x10, 0x64, 0x18, 0x06, 0x21, 0xc5, 0x18,
    0xe4, 0x10, 0xa1, 0x08, 0x64, 0x18, 0x84, 0x18, 0x06, 0x21, 0xc5, 0x20,
    0x84, 0x10, 0x63, 0x18, 0xc4, 0x18, 0x81, 0x08, 0x04, 0x19, 0xe3, 0x10,
    0x20, 0x00, 0xe4, 0x10, 0x24, 0x19, 0x00, 0x00, 0x04, 0x19, 0x81, 0x08,
    0x04, 0x19, 0x40, 0x00, 0x25, 0x11, 0x24, 0x19, 0x64, 0x18, 0xc3, 0x10,
    0x44, 0x19, 0x61, 0x00, 0xe3, 0x10, 0xe3, 0x10, 0x83, 0x10, 0x82, 0x08,
    0x24, 0x19, 0xc3, 0x08, 0x04, 0x11, 0xc3, 0x10, 0xc2, 0x10, 0x40, 0x08,
    0x60, 0x08, 0x60, 0x08, 0x60, 0x08, 0x60, 0x08, 0x60, 0x08, 0x60, 0x08,
    0x60, 0x08, 0x60, 0x08, 0x60, 0x08, 0x60, 0x08, 0x60, 0x08, 0x60, 0x08,
    0x60, 0x08, 0x60, 0x08, 0x60, 0x08, 0xe4, 0x18, 0xe3, 0x18, 0x64, 0x21,
    0x24, 0x19, 0x45, 0x21, 0x23, 0x21, 0xe2, 0x18, 0xe2, 0x18, 0xe2, 0x18,
    0xe2, 0x18, 0xe2, 0x18, 0x81, 0x10, 0x80, 0x08, 0x40, 0x08, 0x40, 0x08,
    0x85, 0x29, 0x20, 0x00, 0xc7, 0x39, 0x18, 0xb6, 0x26, 0x29, 0x13, 0x9d,
    0xba, 0xc6, 0x00, 0x00, 0x20, 0x00, 0x20, 0x00, 0x20, 0x00, 0x20, 0x00,
    0x20, 0x00, 0x20, 0x00, 0x20, 0x00, 0x20, 0x00, 0x6c, 0x68, 0x41, 0x08,
    0x20, 0x00, 0x20, 0x00, 0x20, 0x00, 0x20, 0x00, 0x20, 0x00, 0x20, 0x00,
    0x20, 0x00, 0x20, 0x00, 0x20, 0x00, 0x20, 0x00, 0x20, 0x00, 0x20, 0x00,
    0x20, 0x00, 0x20, 0x00, 0x20, 0x00, 0x20, 0x00, 0x20, 0x00, 0x20, 0x00,
    0x20, 0x00, 0x20, 0x00, 0x20, 0x00, 0x20, 0x00, 0x20, 0x00, 0x20, 0x00,
    0x20, 0x00, 0x20, 0x00, 0x20, 0x00, 0x20, 0x00, 0x20, 0x00, 0x20, 0x00,
    0x20, 0x00, 0x20, 0x00, 0x20, 0x00, 0x20, 0x00, 0x20, 0x00, 0x20, 0x00,
    0x20, 0x00, 0x20, 0x00, 0x20, 0x00, 0x20, 0x00, 0x20, 0x00, 0x20, 0x00,
    0x20, 0x00, 0x20, 0x00, 0x20, 0x00, 0x20, 0x00, 0x20, 0x00, 0x20, 0x00,
    0x20, 0x00, 0x20, 0x00, 0x20, 0x00, 0x20, 0x00, 0x20, 0x00, 0x20, 0x00,
    0x20, 0x00, 0x00, 0x00, 0x07, 0x3a, 0x89, 0x52, 0x64, 0x29, 0x00, 0x00,
    0x00, 0x00, 0x20, 0x00, 0x20, 0x00, 0x20, 0x00, 0x20, 0x00, 0x20, 0x00,
    0x20, 0x00, 0x20, 0x00, 0x20, 0x00, 0x20, 0x00, 0x20, 0x00, 0x20, 0x00,
    0x20, 0x00, 0x20, 0x00, 0x20, 0x00, 0x20, 0x00, 0x20, 0x00, 0x20, 0x00,
    0x20, 0x00, 0x20, 0x00, 0x20, 0x00, 0x20, 0x00, 0x00, 0x00, 0x00, 0x00,
    0x00, 0x00, 0x20, 0x00, 0x20, 0x00, 0x20, 0x00, 0x20, 0x00, 0x20, 0x00,
    0x20, 0x00, 0x20, 0x00, 0x20, 0x00, 0x20, 0x00, 0x20, 0x00, 0x20, 0x00,
    0x20, 0x00, 0x00, 0x00, 0xc6, 0x31, 0xe6, 0x39, 0xa5, 0x31, 0xd2, 0x9c,
    0x10, 0x84, 0xcf, 0x7b, 0x4b, 0x63, 0x00, 0x00, 0xba, 0xce, 0x91, 0x84,
    0x00, 0x00, 0x65, 0x29, 0x20, 0x00, 0x40, 0x08, 0x40, 0x08, 0x40, 0x08,
    0x40, 0x08, 0x40, 0x08, 0x40, 0x08, 0x40, 0x08, 0x40, 0x08, 0x40, 0x08,
    0x60, 0x08, 0x40, 0x08, 0x40, 0x08, 0x60, 0x08, 0x40, 0x08, 0x60, 0x08,
    0x40, 0x08, 0x60, 0x08, 0x60, 0x08, 0x40, 0x08, 0x60, 0x08, 0x60, 0x08,
    0x40, 0x08, 0x60, 0x08, 0x60, 0x08, 0x40, 0x08, 0x60, 0x08, 0x60, 0x08,
    0x40, 0x08, 0x60, 0x08, 0x60, 0x08, 0x20, 0x00, 0x65, 0x21, 0x20, 0x00,
    0x24, 0x19, 0x89, 0x4a, 0x16, 0xc6, 0xb1, 0x94, 0xa9, 0x52, 0xd1, 0x94,
    0x4b, 0x63, 0x00, 0x00, 0x83, 0x10, 0xa4, 0x10, 0x05, 0x19, 0xa4, 0x18,
    0x05, 0x19, 0x81, 0x10, 0xa4, 0x10, 0xc4, 0x18, 0x05, 0x21, 0xa4, 0x10,
    0xa4, 0x18, 0x83, 0x18, 0xa4, 0x10, 0x20, 0x00, 0xc2, 0x08, 0x45, 0x19,
    0x60, 0x00, 0xa4, 0x18, 0x04, 0x11, 0x61, 0x08, 0xa4, 0x18, 0x40, 0x00,
    0x03, 0x11, 0x20, 0x08, 0x04, 0x19, 0x04, 0x19, 0xc5, 0x20, 0x04, 0x19,
    0x81, 0x10, 0xc3, 0x10, 0x61, 0x08, 0xc2, 0x10, 0x81, 0x00, 0xe3, 0x10,
    0x45, 0x19, 0xe3, 0x18, 0xa2, 0x08, 0x04, 0x11, 0xc2, 0x10, 0x40, 0x08,
    0x60, 0x08, 0x40, 0x08, 0x40, 0x08, 0x40, 0x08, 0x40, 0x08, 0x40, 0x08,
    0x40, 0x08, 0x40, 0x08, 0x40, 0x08, 0x40, 0x08, 0x40, 0x08, 0x40, 0x08,
    0x40, 0x08, 0x40, 0x08, 0x60, 0x08, 0x44, 0x21, 0xe3, 0x18, 0x44, 0x21,
    0x24, 0x21, 0x25, 0x21, 0x03, 0x19, 0xc2, 0x18, 0xe2, 0x18, 0xe2, 0x18,
    0xe2, 0x18, 0xe2, 0x18, 0x60, 0x08, 0xe6, 0x39, 0x0a, 0x5b, 0x80, 0x08,
    0x65, 0x21, 0x00, 0x00, 0xe7, 0x39, 0x00, 0x00, 0x01, 0x00, 0x53, 0xa5,
    0x9a, 0xc6, 0x00, 0x00, 0x20, 0x00, 0x20, 0x00, 0x20, 0x00, 0x20, 0x00,
    0x20, 0x00, 0x20, 0x00, 0x20, 0x00, 0x00, 0x00, 0x10, 0x89, 0x00, 0x00,
    0x20, 0x00, 0x20, 0x00, 0x20, 0x00, 0x20, 0x00, 0x20, 0x00, 0x20, 0x00,
    0x20, 0x00, 0x20, 0x00, 0x20, 0x00, 0x20, 0x00, 0x20, 0x00, 0x20, 0x00,
    0x20, 0x00, 0x20, 0x00, 0x20, 0x00, 0x20, 0x00, 0x20, 0x00, 0x20, 0x00,
    0x20, 0x00, 0x20, 0x00, 0x20, 0x00, 0x20, 0x00, 0x20, 0x00, 0x20, 0x00,
    0x20, 0x00, 0x20, 0x00, 0x20, 0x00, 0x20, 0x00, 0x20, 0x00, 0x20, 0x00,
    0x20, 0x00, 0x20, 0x00, 0x20, 0x00, 0x20, 0x00, 0x20, 0x00, 0x20, 0x00,
    0x20, 0x00, 0x20, 0x00, 0x20, 0x00, 0x20, 0x00, 0x20, 0x00, 0x20, 0x00,
    0x20, 0x00, 0x20, 0x00, 0x20, 0x00, 0x20, 0x00, 0x20, 0x00, 0x20, 0x00,
    0x20, 0x00, 0x20, 0x00, 0x20, 0x00, 0x20, 0x00, 0x20, 0x00, 0x20, 0x00,
    0x20, 0x00, 0x00, 0x00, 0x07, 0x3a, 0x88, 0x52, 0x64, 0x29, 0x40, 0x00,
    0x40, 0x00, 0x40, 0x00, 0x40, 0x00, 0x40, 0x00, 0x40, 0x00, 0x40, 0x00,
    0x40, 0x00, 0x40, 0x08, 0x40, 0x00, 0x40, 0x00, 0x40, 0x08, 0x40, 0x00,
    0x40, 0x08, 0x40, 0x08, 0x40, 0x00, 0x40, 0x08, 0x40, 0x00, 0x40, 0x00,
    0x40, 0x08, 0x40, 0x00, 0x40, 0x08, 0x40, 0x08, 0x40, 0x00, 0x40, 0x08,
    0x40, 0x08, 0x40, 0x08, 0x40, 0x00, 0x40, 0x08, 0x40, 0x08, 0x40, 0x00,
    0x40, 0x08, 0x40, 0x08, 0x40, 0x00, 0x40, 0x08, 0x40, 0x08, 0x40, 0x00,
    0x40, 0x08, 0x20, 0x00, 0xc5, 0x31, 0x06, 0x3a, 0x85, 0x31, 0xd2, 0x9c,
    0x10, 0x84, 0xaf, 0x7b, 0x4b, 0x63, 0x00, 0x00, 0xba, 0xce, 0x92, 0x8c,
    0x60, 0x08, 0xc6, 0x31, 0xc1, 0x10, 0xe2, 0x18, 0xe2, 0x18, 0xe2, 0x18,
    0xe2, 0x18, 0xe2, 0x18, 0xe2, 0x18, 0xe2, 0x18, 0xe2, 0x18, 0xe2, 0x18,
    0xe2, 0x18, 0xe2, 0x18, 0xe2, 0x18, 0xe2, 0x18, 0xe2, 0x18, 0xe2, 0x18,
    0xe2, 0x18, 0xe2, 0x18, 0xe2, 0x18, 0xe2, 0x18, 0xe2, 0x18, 0xe2, 0x18,
    0xe2, 0x18, 0xe2, 0x18, 0xe2, 0x18, 0xe2, 0x18, 0xe2, 0x18, 0xe2, 0x18,
    0xe2, 0x18, 0xe2, 0x18, 0xe2, 0x18, 0xc2, 0x18, 0xc6, 0x31, 0xc1, 0x10,
    0xc6, 0x31, 0x80, 0x10, 0xea, 0x5a, 0xea, 0x5a, 0x85, 0x31, 0x2b, 0x63,
    0xe6, 0x39, 0xc1, 0x10, 0x02, 0x19, 0x02, 0x19, 0x02, 0x19, 0xe2, 0x18,
    0x03, 0x21, 0xe2, 0x18, 0x02, 0x19, 0x02, 0x19, 0x02, 0x19, 0x03, 0x19,
    0xe2, 0x18, 0x02, 0x19, 0x02, 0x19, 0xe2, 0x18, 0x23, 0x21, 0xe2, 0x18,
    0x23, 0x21, 0xe2, 0x18, 0xe2, 0x18, 0x03, 0x21, 0xe2, 0x18, 0xe2, 0x18,
    0x23, 0x21, 0xc2, 0x18, 0x03, 0x19, 0x02, 0x19, 0xe2, 0x18, 0x02, 0x19,
    0xe2, 0x18, 0x03, 0x19, 0x02, 0x21, 0x25, 0x21, 0xe3, 0x20, 0x02, 0x21,
    0x03, 0x21, 0xe2, 0x18, 0x03, 0x19, 0x03, 0x19, 0x24, 0x21, 0xe2, 0x18,
    0xe2, 0x18, 0xe2, 0x18, 0xe2, 0x18, 0xe2, 0x18, 0xe2, 0x18, 0xe2, 0x18,
    0xe2, 0x18, 0xe2, 0x18, 0xe2, 0x18, 0xe2, 0x18, 0xe2, 0x18, 0xe2, 0x18,
    0xe2, 0x18, 0xe2, 0x18, 0x02, 0x19, 0x44, 0x29, 0x23, 0x21, 0x23, 0x21,
    0x24, 0x21, 0x23, 0x21, 0x23, 0x21, 0x23, 0x21, 0x23, 0x21, 0x23, 0x21,
    0x23, 0x21, 0x23, 0x21, 0xe2, 0x18, 0x84, 0x29, 0x48, 0x42, 0xe2, 0x18,
    0xc6, 0x31, 0xa1, 0x10, 0xaa, 0x52, 0x88, 0x39, 0x87, 0x39, 0x33, 0x9d,
    0x99, 0xc6, 0x00, 0x00, 0x00, 0x00, 0x00, 0x00, 0x00, 0x00, 0x00, 0x00,
    0x00, 0x00, 0x00, 0x00, 0x00, 0x00, 0x00, 0x00, 0x6e, 0x70, 0x20, 0x00,
    0x20, 0x00, 0x20, 0x00, 0x20, 0x00, 0x20, 0x00, 0x20, 0x00, 0x20, 0x00,
    0x20, 0x00, 0x20, 0x00, 0x20, 0x00, 0x20, 0x00, 0x20, 0x00, 0x20, 0x00,
    0x20, 0x00, 0x20, 0x00, 0x20, 0x00, 0x20, 0x00, 0x20, 0x00, 0x20, 0x00,
    0x20, 0x00, 0x20, 0x00, 0x20, 0x00, 0x20, 0x00, 0x20, 0x00, 0x20, 0x00,
    0x20, 0x00, 0x20, 0x00, 0x20, 0x00, 0x20, 0x00, 0x20, 0x00, 0x20, 0x00,
    0x20, 0x00, 0x20, 0x00, 0x20, 0x00, 0x20, 0x00, 0x20, 0x00, 0x20, 0x00,
    0x20, 0x00, 0x20, 0x00, 0x20, 0x00, 0x20, 0x00, 0x20, 0x00, 0x20, 0x00,
    0x20, 0x00, 0x20, 0x00, 0x20, 0x00, 0x20, 0x00, 0x20, 0x00, 0x20, 0x00,
    0x20, 0x00, 0x20, 0x00, 0x20, 0x00, 0x20, 0x00, 0x20, 0x00, 0x20, 0x00,
    0x20, 0x00, 0x00, 0x00, 0x07, 0x3a, 0x89, 0x52, 0x44, 0x29, 0x40, 0x00,
    0x60, 0x08, 0xc2, 0x18, 0xc1, 0x18, 0xc2, 0x18, 0xc2, 0x18, 0xc1, 0x18,
    0xa1, 0x10, 0xa1, 0x10, 0xa1, 0x10, 0xa1, 0x10, 0xc2, 0x18, 0xa1, 0x10,
    0xa1, 0x10, 0xa1, 0x10, 0xc2, 0x18, 0xa1, 0x10, 0xa1, 0x10, 0xa1, 0x10,
    0xc1, 0x18, 0xc1, 0x10, 0xa1, 0x10, 0xa1, 0x10, 0xa1, 0x10, 0xc2, 0x18,
    0xa1, 0x10, 0xa1, 0x10, 0xa1, 0x10, 0xc2, 0x18, 0xa1, 0x10, 0xa1, 0x10,
    0xa1, 0x10, 0xc1, 0x10, 0xa1, 0x10, 0xa1, 0x10, 0xa1, 0x10, 0xc1, 0x10,
    0x60, 0x08, 0x20, 0x00, 0xc5, 0x39, 0x06, 0x3a, 0x85, 0x31, 0xd2, 0x9c,
    0x10, 0x84, 0xaf, 0x7b, 0x4c, 0x6b, 0x00, 0x00, 0xba, 0xce, 0xb2, 0x8c,
    0x03, 0x21, 0x44, 0x29, 0x64, 0x29, 0x64, 0x29, 0x64, 0x29, 0x64, 0x29,
    0x64, 0x29, 0x64, 0x29, 0x64, 0x29, 0x64, 0x29, 0x64, 0x29, 0x64, 0x29,
    0x64, 0x29, 0x64, 0x29, 0x64, 0x29, 0x64, 0x29, 0x64, 0x29, 0x64, 0x29,
    0x64, 0x29, 0x64, 0x29, 0x64, 0x29, 0x64, 0x29, 0x64, 0x29, 0x64, 0x29,
    0x64, 0x29, 0x64, 0x29, 0x64, 0x29, 0x64, 0x29, 0x64, 0x29, 0x64, 0x29,
    0x64, 0x29, 0x64, 0x29, 0x64, 0x29, 0x64, 0x29, 0x44, 0x29, 0x64, 0x29,
    0x44, 0x29, 0x64, 0x29, 0x23, 0x21, 0x23, 0x21, 0x43, 0x21, 0x23, 0x21,
    0x44, 0x29, 0x64, 0x29, 0x64, 0x29, 0x64, 0x29, 0x64, 0x29, 0x64, 0x29,
    0x64, 0x29, 0x64, 0x29, 0x64, 0x29, 0x64, 0x29, 0x64, 0x29, 0x64, 0x29,
    0x64, 0x29, 0x64, 0x29, 0x64, 0x29, 0x64, 0x29, 0x64, 0x29, 0x64, 0x29,
    0x64, 0x29, 0x64, 0x29, 0x64, 0x29, 0x64, 0x29, 0x64, 0x29, 0x64, 0x29,
    0x64, 0x29, 0x64, 0x29, 0x64, 0x29, 0x64, 0x29, 0x64, 0x29, 0x64, 0x29,
    0x64, 0x29, 0x64, 0x29, 0x64, 0x29, 0x64, 0x29, 0x64, 0x29, 0x64, 0x29,
    0x64, 0x29, 0x64, 0x29, 0x64, 0x29, 0x64, 0x29, 0x64, 0x29, 0x64, 0x29,
    0x64, 0x29, 0x64, 0x29, 0x64, 0x29, 0x64, 0x29, 0x64, 0x29, 0x64, 0x29,
    0x64, 0x29, 0x64, 0x29, 0x64, 0x29, 0x64, 0x29, 0x64, 0x29, 0x64, 0x29,
    0x64, 0x29, 0x64, 0x29, 0x64, 0x29, 0x64, 0x29, 0x64, 0x29, 0x64, 0x29,
    0x64, 0x29, 0x64, 0x29, 0x64, 0x29, 0x64, 0x29, 0x64, 0x29, 0x64, 0x29,
    0x64, 0x29, 0x64, 0x29, 0x64, 0x29, 0x44, 0x29, 0x44, 0x29, 0x64, 0x29,
    0x43, 0x29, 0x64, 0x29, 0x43, 0x21, 0x63, 0x29, 0xe2, 0x18, 0xb2, 0x8c,
    0xba, 0xce, 0xf2, 0x98, 0x73, 0xa9, 0x73, 0xa9, 0x93, 0xa1, 0xb2, 0xa1,
    0xd2, 0x99, 0xd2, 0x99, 0xd2, 0x99, 0xd4, 0xa9, 0xc9, 0x50, 0x00, 0x00,
    0x20, 0x00, 0x20, 0x00, 0x20, 0x00, 0x20, 0x00, 0x20, 0x00, 0x20, 0x00,
    0x20, 0x00, 0x20, 0x00, 0x20, 0x00, 0x20, 0x00, 0x20, 0x00, 0x20, 0x00,
    0x20, 0x00, 0x20, 0x00, 0x20, 0x00, 0x20, 0x00, 0x20, 0x00, 0x20, 0x00,
    0x20, 0x00, 0x20, 0x00, 0x20, 0x00, 0x20, 0x00, 0x20, 0x00, 0x20, 0x00,
    0x20, 0x00, 0x20, 0x00, 0x20, 0x00, 0x20, 0x00, 0x20, 0x00, 0x20, 0x00,
    0x20, 0x00, 0x20, 0x00, 0x20, 0x00, 0x20, 0x00, 0x20, 0x00, 0x20, 0x00,
    0x20, 0x00, 0x20, 0x00, 0x20, 0x00, 0x20, 0x00, 0x20, 0x00, 0x20, 0x00,
    0x20, 0x00, 0x20, 0x00, 0x20, 0x00, 0x20, 0x00, 0x20, 0x00, 0x20, 0x00,
    0x20, 0x00, 0x20, 0x00, 0x20, 0x00, 0x20, 0x00, 0x20, 0x00, 0x20, 0x00,
    0x20, 0x00, 0x00, 0x00, 0x07, 0x3a, 0x89, 0x52, 0x64, 0x29, 0x40, 0x00,
    0x80, 0x08, 0x23, 0x21, 0x02, 0x21, 0x02, 0x19, 0x03, 0x21, 0x02, 0x19,
    0x44, 0x21, 0x89, 0x52, 0x89, 0x4a, 0x27, 0x42, 0x81, 0x10, 0x89, 0x4a,
    0x68, 0x4a, 0xa9, 0x52, 0xa1, 0x10, 0x27, 0x42, 0x69, 0x4a, 0x89, 0x4a,
    0x44, 0x29, 0x64, 0x29, 0xa9, 0x4a, 0x89, 0x4a, 0xe6, 0x39, 0xc2, 0x10,
    0xa9, 0x4a, 0x89, 0x4a, 0x68, 0x4a, 0x80, 0x08, 0x48, 0x42, 0x89, 0x4a,
    0x89, 0x4a, 0xe2, 0x18, 0xa6, 0x31, 0x48, 0x42, 0x68, 0x4a, 0xa5, 0x31,
    0x60, 0x08, 0x40, 0x00, 0xc6, 0x39, 0xe6, 0x39, 0xa5, 0x31, 0xd2, 0x9c,
    0x10, 0x84, 0xaf, 0x7b, 0x4b, 0x63, 0x00, 0x00, 0xba, 0xce, 0x91, 0x84,
    0x00, 0x00, 0x40, 0x00, 0x40, 0x08, 0x40, 0x00, 0x40, 0x00, 0x40, 0x08,
    0x40, 0x00, 0x40, 0x00, 0x40, 0x08, 0x40, 0x00, 0x40, 0x00, 0x40, 0x00,
    0x40, 0x00, 0x40, 0x00, 0x40, 0x00, 0x40, 0x00, 0x40, 0x00, 0x40, 0x00,
    0x40, 0x00, 0x40, 0x00, 0x40, 0x00, 0x40, 0x00, 0x40, 0x00, 0x40, 0x00,
    0x40, 0x00, 0x40, 0x00, 0x40, 0x00, 0x40, 0x00, 0x40, 0x00, 0x40, 0x00,
    0x40, 0x00, 0x40, 0x00, 0x40, 0x00, 0x40, 0x08, 0x40, 0x00, 0x40, 0x08,
    0x40, 0x00, 0x40, 0x00, 0x40, 0x08, 0x40, 0x00, 0x40, 0x08, 0x40, 0x00,
    0x40, 0x08, 0x40, 0x08, 0x40, 0x08, 0x40, 0x08, 0x40, 0x08, 0x40, 0x00,
    0x40, 0x08, 0x40, 0x00, 0x40, 0x08, 0x40, 0x08, 0x40, 0x00, 0x40, 0x08,
    0x40, 0x08, 0x40, 0x00, 0x40, 0x08, 0x40, 0x08, 0x40, 0x00, 0x40, 0x08,
    0x40, 0x00, 0x40, 0x08, 0x40, 0x00, 0x40, 0x08, 0x40, 0x00, 0x40, 0x00,
    0x40, 0x08, 0x40, 0x00, 0x40, 0x08, 0x40, 0x08, 0x40, 0x08, 0x40, 0x08,
    0x40, 0x00, 0x40, 0x08, 0x40, 0x08, 0x40, 0x00, 0x40, 0x00, 0x40, 0x08,
    0x40, 0x00, 0x40, 0x08, 0x40, 0x08, 0x40, 0x08, 0x40, 0x00, 0x40, 0x00,
    0x40, 0x08, 0x40, 0x00, 0x40, 0x00, 0x40, 0x08, 0x40, 0x00, 0x40, 0x00,
    0x40, 0x08, 0x40, 0x00, 0x40, 0x00, 0x40, 0x08, 0x40, 0x00, 0x40, 0x00,
    0x40, 0x08, 0x40, 0x00, 0x40, 0x00, 0x40, 0x00, 0x40, 0x08, 0x40, 0x00,
    0x40, 0x00, 0x40, 0x08, 0x40, 0x00, 0x40, 0x00, 0x40, 0x00, 0x40, 0x00,
    0x40, 0x00, 0x40, 0x08, 0x40, 0x00, 0x40, 0x08, 0x40, 0x00, 0x40, 0x08,
    0x40, 0x08, 0x40, 0x00, 0x40, 0x08, 0x40, 0x00, 0x00, 0x00, 0x91, 0x8c,
    0xba, 0xce, 0x00, 0x00, 0x00, 0x00, 0x00, 0x00, 0x01, 0x08, 0x00, 0x08,
    0x01, 0x08, 0x01, 0x08, 0x01, 0x08, 0x01, 0x08, 0x00, 0x00, 0x20, 0x00,
    0x20, 0x00, 0x20, 0x00, 0x20, 0x00, 0x20, 0x00, 0x20, 0x00, 0x20, 0x00,
    0x20, 0x00, 0x20, 0x00, 0x20, 0x00, 0x20, 0x00, 0x20, 0x00, 0x20, 0x00,
    0x20, 0x00, 0x20, 0x00, 0x20, 0x00, 0x20, 0x00, 0x20, 0x00, 0x20, 0x00,
    0x20, 0x00, 0x20, 0x00, 0x20, 0x00, 0x20, 0x00, 0x20, 0x00, 0x20, 0x00,
    0x20, 0x00, 0x20, 0x00, 0x20, 0x00, 0x20, 0x00, 0x20, 0x00, 0x20, 0x00,
    0x20, 0x00, 0x20, 0x00, 0x20, 0x00, 0x20, 0x00, 0x20, 0x00, 0x20, 0x00,
    0x20, 0x00, 0x20, 0x00, 0x20, 0x00, 0x20, 0x00, 0x20, 0x00, 0x20, 0x00,
    0x20, 0x00, 0x20, 0x00, 0x20, 0x00, 0x20, 0x00, 0x20, 0x00, 0x20, 0x00,
    0x20, 0x00, 0x20, 0x00, 0x20, 0x00, 0x20, 0x00, 0x20, 0x00, 0x20, 0x00,
    0x20, 0x00, 0x00, 0x00, 0x07, 0x3a, 0x89, 0x52, 0x44, 0x29, 0x40, 0x00,
    0x60, 0x08, 0xe2, 0x18, 0xe2, 0x18, 0xe2, 0x18, 0xe2, 0x18, 0xa1, 0x10,
    0x89, 0x4a, 0x65, 0x21, 0x00, 0x00, 0xeb, 0x52, 0x43, 0x21, 0x20, 0x00,
    0x00, 0x00, 0x00, 0x00, 0xc2, 0x10, 0x45, 0x21, 0xc2, 0x18, 0x00, 0x00,
    0xa2, 0x08, 0xeb, 0x52, 0xc3, 0x10, 0x00, 0x00, 0xcb, 0x52, 0x64, 0x29,
    0x49, 0x3a, 0x00, 0x00, 0xcb, 0x52, 0x81, 0x08, 0x8e, 0x63, 0x00, 0x00,
    0x28, 0x3a, 0x23, 0x21, 0x0c, 0x5b, 0xce, 0x6b, 0xb0, 0x63, 0x89, 0x42,
    0x40, 0x08, 0x40, 0x00, 0xc6, 0x31, 0xe6, 0x39, 0xa5, 0x31, 0xd2, 0x9c,
    0x10, 0x84, 0xaf, 0x7b, 0x4c, 0x63, 0x00, 0x00, 0xba, 0xce, 0x92, 0x8c,
    0x00, 0x00, 0x60, 0x08, 0x60, 0x08, 0x60, 0x08, 0x60, 0x08, 0x60, 0x08,
    0x60, 0x08, 0x60, 0x08, 0x60, 0x08, 0x60, 0x08, 0x60, 0x08, 0x60, 0x08,
    0x60, 0x08, 0x60, 0x08, 0x60, 0x08, 0x60, 0x08, 0x60, 0x08, 0x60, 0x08,
    0x60, 0x08, 0x60, 0x08, 0x60, 0x08, 0x60, 0x08, 0x60, 0x08, 0x60, 0x08,
    0x60, 0x08, 0x60, 0x08, 0x60, 0x08, 0x60, 0x08, 0x60, 0x08, 0x60, 0x08,
    0x60, 0x08, 0x60, 0x08, 0x60, 0x08, 0x60, 0x08, 0x60, 0x08, 0x60, 0x08,
    0x60, 0x08, 0x60, 0x08, 0x60, 0x08, 0x60, 0x08, 0x60, 0x08, 0x60, 0x08,
    0x60, 0x08, 0x60, 0x08, 0x60, 0x08, 0x60, 0x08, 0x60, 0x08, 0x60, 0x08,
    0x60, 0x08, 0x60, 0x08, 0x60, 0x08, 0x60, 0x08, 0x60, 0x08, 0x60, 0x08,
    0x60, 0x08, 0x60, 0x08, 0x60, 0x08, 0x60, 0x08, 0x60, 0x08, 0x60, 0x08,
    0x60, 0x08, 0x60, 0x08, 0x60, 0x08, 0x60, 0x08, 0x60, 0x08, 0x60, 0x08,
    0x60, 0x08, 0x60, 0x08, 0x60, 0x08, 0x60, 0x08, 0x60, 0x08, 0x60, 0x08,
    0x60, 0x08, 0x60, 0x08, 0x60, 0x08, 0x60, 0x08, 0x60, 0x08, 0x60, 0x08,
    0x60, 0x08, 0x60, 0x08, 0x60, 0x08, 0x60, 0x08, 0x60, 0x08, 0x60, 0x08,
    0x60, 0x08, 0x60, 0x08, 0x60, 0x08, 0x60, 0x08, 0x60, 0x08, 0x60, 0x08,
    0x60, 0x08, 0x60, 0x08, 0x60, 0x08, 0x60, 0x08, 0x60, 0x08, 0x60, 0x08,
    0x60, 0x08, 0x60, 0x08, 0x60, 0x08, 0x60, 0x08, 0x60, 0x08, 0x60, 0x08,
    0x60, 0x08, 0x60, 0x08, 0x60, 0x08, 0x60, 0x08, 0x60, 0x08, 0x60, 0x08,
    0x60, 0x08, 0x60, 0x08, 0x60, 0x08, 0x60, 0x08, 0x60, 0x08, 0x60, 0x08,
    0x60, 0x08, 0x60, 0x08, 0x60, 0x08, 0x60, 0x08, 0x00, 0x00, 0xb1, 0x8c,
    0xba, 0xce, 0x00, 0x00, 0x20, 0x00, 0x20, 0x00, 0x20, 0x00, 0x20, 0x00,
    0x20, 0x00, 0x20, 0x00, 0x20, 0x00, 0x20, 0x00, 0x20, 0x00, 0x20, 0x00,
    0x20, 0x00, 0x20, 0x00, 0x20, 0x00, 0x20, 0x00, 0x20, 0x00, 0x20, 0x00,
    0x20, 0x00, 0x20, 0x00, 0x20, 0x00, 0x20, 0x00, 0x20, 0x00, 0x20, 0x00,
    0x20, 0x00, 0x20, 0x00, 0x20, 0x00, 0x20, 0x00, 0x20, 0x00, 0x20, 0x00,
    0x20, 0x00, 0x20, 0x00, 0x20, 0x00, 0x20, 0x00, 0x20, 0x00, 0x20, 0x00,
    0x20, 0x00, 0x20, 0x00, 0x20, 0x00, 0x20, 0x00, 0x20, 0x00, 0x20, 0x00,
    0x20, 0x00, 0x20, 0x00, 0x20, 0x00, 0x20, 0x00, 0x20, 0x00, 0x20, 0x00,
    0x20, 0x00, 0x20, 0x00, 0x20, 0x00, 0x20, 0x00, 0x20, 0x00, 0x20, 0x00,
    0x20, 0x00, 0x20, 0x00, 0x20, 0x00, 0x20, 0x00, 0x20, 0x00, 0x20, 0x00,
    0x20, 0x00, 0x20, 0x00, 0x20, 0x00, 0x20, 0x00, 0x20, 0x00, 0x20, 0x00,
    0x20, 0x00, 0x00, 0x00, 0x07, 0x3a, 0x89, 0x52, 0x44, 0x29, 0x40, 0x00,
    0x60, 0x08, 0xe2, 0x18, 0xe2, 0x18, 0xe2, 0x18, 0xe2, 0x18, 0xc1, 0x18,
    0xc6, 0x31, 0x28, 0x42, 0xf7, 0xbd, 0x41, 0x00, 0x64, 0x21, 0x00, 0x00,
    0xff, 0xff, 0x81, 0x08, 0xa1, 0x10, 0x24, 0x19, 0xae, 0x73, 0x61, 0x08,
    0x81, 0x08, 0x85, 0x29, 0xa6, 0x31, 0x48, 0x42, 0x65, 0x29, 0x85, 0x29,
    0x00, 0x00, 0x10, 0x74, 0x20, 0x00, 0xe2, 0x18, 0xc6, 0x31, 0x13, 0xa5,
    0xae, 0x73, 0xc2, 0x10, 0xeb, 0x52, 0x6c, 0x5b, 0x1c, 0x10, 0x69, 0x42,
    0x40, 0x08, 0x20, 0x00, 0xc5, 0x39, 0xe6, 0x39, 0x85, 0x31, 0xd2, 0x9c,
    0x10, 0x84, 0xcf, 0x7b, 0x4b, 0x63, 0x00, 0x00, 0xba, 0xce, 0x91, 0x84,
    0x00, 0x00, 0x60, 0x08, 0x60, 0x08, 0x60, 0x08, 0x60, 0x08, 0x60, 0x08,
    0x60, 0x08, 0x60, 0x08, 0x60, 0x08, 0x60, 0x08, 0x60, 0x08, 0x60, 0x08,
    0x60, 0x08, 0x60, 0x08, 0x60, 0x08, 0x60, 0x08, 0x60, 0x08, 0x60, 0x08,
    0x60, 0x08, 0x60, 0x08, 0x60, 0x08, 0x60, 0x08, 0x60, 0x08, 0x60, 0x08,
    0x60, 0x08, 0x60, 0x08, 0x60, 0x08, 0x60, 0x08, 0x60, 0x08, 0x60, 0x08,
    0x60, 0x08, 0x60, 0x08, 0x60, 0x08, 0x60, 0x08, 0x60, 0x08, 0x60, 0x08,
    0x60, 0x08, 0x60, 0x08, 0x60, 0x08, 0x60, 0x08, 0x60, 0x08, 0x60, 0x08,
    0x60, 0x08, 0x60, 0x08, 0x60, 0x08, 0x60, 0x08, 0x60, 0x08, 0x60, 0x08,
    0x60, 0x08, 0x60, 0x08, 0x60, 0x08, 0x60, 0x08, 0x60, 0x08, 0x60, 0x08,
    0x60, 0x08, 0x60, 0x08, 0x60, 0x08, 0x60, 0x08, 0x60, 0x08, 0x60, 0x08,
    0x60, 0x08, 0x60, 0x08, 0x60, 0x08, 0x60, 0x08, 0x60, 0x08, 0x60, 0x08,
    0x60, 0x08, 0x60, 0x08, 0x60, 0x08, 0x60, 0x08, 0x60, 0x08, 0x60, 0x08,
    0x60, 0x08, 0x60, 0x08, 0x60, 0x08, 0x60, 0x08, 0x60, 0x08, 0x60, 0x08,
    0x60, 0x08, 0x60, 0x08, 0x60, 0x08, 0x60, 0x08, 0x60, 0x08, 0x60, 0x08,
    0x60, 0x08, 0x60, 0x08, 0x60, 0x08, 0x60, 0x08, 0x60, 0x08, 0x60, 0x08,
    0x60, 0x08, 0x60, 0x08, 0x60, 0x08, 0x60, 0x08, 0x60, 0x08, 0x60, 0x08,
    0x60, 0x08, 0x60, 0x08, 0x60, 0x08, 0x60, 0x08, 0x60, 0x08, 0x60, 0x08,
    0x60, 0x08, 0x60, 0x08, 0x60, 0x08, 0x60, 0x08, 0x60, 0x08, 0x60, 0x08,
    0x60, 0x08, 0x60, 0x08, 0x60, 0x08, 0x60, 0x08, 0x60, 0x08, 0x60, 0x08,
    0x60, 0x08, 0x60, 0x08, 0x60, 0x08, 0x60, 0x08, 0x00, 0x00, 0x92, 0x8c,
    0xba, 0xc6, 0x00, 0x00, 0x20, 0x00, 0x20, 0x00, 0x20, 0x00, 0x20, 0x00,
    0x20, 0x00, 0x20, 0x00, 0x20, 0x00, 0x20, 0x00, 0x20, 0x00, 0x20, 0x00,
    0x20, 0x00, 0x20, 0x00, 0x20, 0x00, 0x20, 0x00, 0x20, 0x00, 0x20, 0x00,
    0x20, 0x00, 0x20, 0x00, 0x20, 0x00, 0x20, 0x00, 0x20, 0x00, 0x20, 0x00,
    0x20, 0x00, 0x20, 0x00, 0x20, 0x00, 0x20, 0x00, 0x20, 0x00, 0x20, 0x00,
    0x20, 0x00, 0x20, 0x00, 0x20, 0x00, 0x20, 0x00, 0x20, 0x00, 0x20, 0x00,
    0x20, 0x00, 0x20, 0x00, 0x20, 0x00, 0x20, 0x00, 0x20, 0x00, 0x20, 0x00,
    0x20, 0x00, 0x20, 0x00, 0x20, 0x00, 0x20, 0x00, 0x20, 0x00, 0x20, 0x00,
    0x20, 0x00, 0x20, 0x00, 0x20, 0x00, 0x20, 0x00, 0x20, 0x00, 0x20, 0x00,
    0x20, 0x00, 0x20, 0x00, 0x20, 0x00, 0x20, 0x00, 0x20, 0x00, 0x20, 0x00,
    0x20, 0x00, 0x20, 0x00, 0x20, 0x00, 0x20, 0x00, 0x20, 0x00, 0x20, 0x00,
    0x20, 0x00, 0x00, 0x00, 0x07, 0x3a, 0x89, 0x52, 0x63, 0x29, 0x40, 0x00,
    0x60, 0x08, 0xe2, 0x18, 0xe2, 0x18, 0xe2, 0x18, 0xe2, 0x18, 0xc2, 0x18,
    0x65, 0x21, 0x89, 0x4a, 0x78, 0xd6, 0x00, 0x00, 0x24, 0x21, 0xca, 0x5a,
    0x50, 0x8c, 0xeb, 0x5a, 0x80, 0x08, 0x45, 0x21, 0x7c, 0xf7, 0x12, 0x9d,
    0x20, 0x00, 0xe2, 0x18, 0x34, 0xa5, 0x58, 0xce, 0x65, 0x21, 0x03, 0x19,
    0x89, 0x4a, 0xff, 0xff, 0xe3, 0x18, 0xe2, 0x18, 0x00, 0x00, 0xdd, 0xff,
    0xa2, 0x10, 0xa1, 0x08, 0xea, 0x4a, 0xcb, 0x98, 0x0d, 0x5a, 0x48, 0x3a,
    0x60, 0x08, 0x40, 0x00, 0xc5, 0x31, 0x06, 0x3a, 0xa5, 0x31, 0xd2, 0x9c,
    0x10, 0x84, 0xaf, 0x7b, 0x4b, 0x63, 0x00, 0x00, 0xba, 0xce, 0x92, 0x84,
    0x00, 0x00, 0x60, 0x08, 0x60, 0x08, 0x60, 0x08, 0x60, 0x08, 0x60, 0x08,
    0x60, 0x08, 0x60, 0x08, 0x60, 0x08, 0x60, 0x08, 0x60, 0x08, 0x60, 0x08,
    0x60, 0x08, 0x60, 0x08, 0x60, 0x08, 0x60, 0x08, 0x60, 0x08, 0x60, 0x08,
    0x60, 0x08, 0x60, 0x08, 0x60, 0x08, 0x60, 0x08, 0x60, 0x08, 0x60, 0x08,
    0x60, 0x08, 0x60, 0x08, 0x60, 0x08, 0x60, 0x08, 0x60, 0x08, 0x60, 0x08,
    0x60, 0x08, 0x60, 0x08, 0x60, 0x08, 0x60, 0x08, 0x60, 0x08, 0x60, 0x08,
    0x60, 0x08, 0x60, 0x08, 0x60, 0x08, 0x60, 0x08, 0x60, 0x08, 0x60, 0x08,
    0x60, 0x08, 0x60, 0x08, 0x60, 0x08, 0x60, 0x08, 0x60, 0x08, 0x60, 0x08,
    0x60, 0x08, 0x60, 0x08, 0x60, 0x08, 0x60, 0x08, 0x60, 0x08, 0x60, 0x08,
    0x60, 0x08, 0x60, 0x08, 0x60, 0x08, 0x60, 0x08, 0x60, 0x08, 0x60, 0x08,
    0x60, 0x08, 0x60, 0x08, 0x60, 0x08, 0x60, 0x08, 0x60, 0x08, 0x60, 0x08,
    0x60, 0x08, 0x60, 0x08, 0x60, 0x08, 0x60, 0x08, 0x60, 0x08, 0x60, 0x08,
    0x60, 0x08, 0x60, 0x08, 0x60, 0x08, 0x60, 0x08, 0x60, 0x08, 0x60, 0x08,
    0x60, 0x08, 0x60, 0x08, 0x60, 0x08, 0x60, 0x08, 0x60, 0x08, 0x60, 0x08,
    0x60, 0x08, 0x60, 0x08, 0x60, 0x08, 0x60, 0x08, 0x60, 0x08, 0x60, 0x08,
    0x60, 0x08, 0x60, 0x08, 0x60, 0x08, 0x60, 0x08, 0x60, 0x08, 0x60, 0x08,
    0x60, 0x08, 0x60, 0x08, 0x60, 0x08, 0x60, 0x08, 0x60, 0x08, 0x60, 0x08,
    0x60, 0x08, 0x60, 0x08, 0x60, 0x08, 0x60, 0x08, 0x60, 0x08, 0x60, 0x08,
    0x60, 0x08, 0x60, 0x08, 0x60, 0x08, 0x60, 0x08, 0x60, 0x08, 0x60, 0x08,
    0x60, 0x08, 0x60, 0x08, 0x60, 0x08, 0x60, 0x08, 0x00, 0x00, 0x91, 0x8c,
    0x9a, 0xce, 0x00, 0x00, 0x00, 0x00, 0x20, 0x00, 0x00, 0x00, 0x20, 0x00,
    0x20, 0x00, 0x00, 0x00, 0x20, 0x00, 0x20, 0x00, 0x00, 0x00, 0x20, 0x00,
    0x00, 0x00, 0x00, 0x00, 0x20, 0x00, 0x00, 0x00, 0x00, 0x00, 0x20, 0x00,
    0x00, 0x00, 0x00, 0x00, 0x20, 0x00, 0x00, 0x00, 0x00, 0x00, 0x20, 0x00,
    0x00, 0x00, 0x00, 0x00, 0x20, 0x00, 0x00, 0x00, 0x00, 0x00, 0x20, 0x00,
    0x00, 0x00, 0x00, 0x00, 0x20, 0x00, 0x00, 0x00, 0x00, 0x00, 0x20, 0x00,
    0x00, 0x00, 0x00, 0x00, 0x20, 0x00, 0x00, 0x00, 0x00, 0x00, 0x20, 0x00,
    0x00, 0x00, 0x20, 0x00, 0x20, 0x00, 0x00, 0x00, 0x20, 0x00, 0x20, 0x00,
    0x00, 0x00, 0x20, 0x00, 0x20, 0x00, 0x20, 0x00, 0x20, 0x00, 0x20, 0x00,
    0x20, 0x00, 0x20, 0x00, 0x20, 0x00, 0x20, 0x00, 0x20, 0x00, 0x20, 0x00,
    0x20, 0x00, 0x20, 0x00, 0x20, 0x00, 0x20, 0x00, 0x00, 0x00, 0x20, 0x00,
    0x20, 0x00, 0x00, 0x00, 0xe7, 0x39, 0x89, 0x52, 0x64, 0x29, 0x40, 0x00,
    0x60, 0x08, 0xe2, 0x18, 0xe2, 0x18, 0xe2, 0x18, 0xe2, 0x18, 0xc1, 0x18,
    0x28, 0x3a, 0x00, 0x00, 0x00, 0x00, 0xe3, 0x10, 0x64, 0x29, 0x00, 0x00,
    0x2f, 0x84, 0x00, 0x00, 0xc2, 0x10, 0xc3, 0x10, 0xce, 0x7b, 0x03, 0x21,
    0x61, 0x08, 0xe7, 0x39, 0x00, 0x00, 0x00, 0x00, 0x24, 0x19, 0x85, 0x29,
    0x00, 0x00, 0x69, 0x4a, 0x61, 0x00, 0xe2, 0x18, 0x69, 0x42, 0xc6, 0x39,
    0x6d, 0x6b, 0xc2, 0x10, 0x48, 0x42, 0x84, 0xa8, 0x48, 0x32, 0xc6, 0x29,
    0x60, 0x08, 0x20, 0x00, 0xc6, 0x39, 0xe6, 0x39, 0xa5, 0x31, 0xd2, 0x9c,
    0x10, 0x84, 0xaf, 0x7b, 0x4c, 0x6b, 0x00, 0x00, 0xba, 0xce, 0x91, 0x8c,
    0x00, 0x00, 0x60, 0x08, 0x60, 0x08, 0x60, 0x08, 0x60, 0x08, 0x60, 0x08,
    0x60, 0x08, 0x60, 0x08, 0x60, 0x08, 0x60, 0x08, 0x60, 0x08, 0x60, 0x08,
    0x60, 0x08, 0x60, 0x08, 0x60, 0x08, 0x60, 0x08, 0x60, 0x08, 0x60, 0x08,
    0x60, 0x08, 0x60, 0x08, 0x60, 0x08, 0x60, 0x08, 0x60, 0x08, 0x60, 0x08,
    0x60, 0x08, 0x60, 0x08, 0x60, 0x08, 0x60, 0x08, 0x60, 0x08, 0x60, 0x08,
    0x60, 0x08, 0x60, 0x08, 0x60, 0x08, 0x60, 0x08, 0x60, 0x08, 0x60, 0x08,
    0x60, 0x08, 0x60, 0x08, 0x60, 0x08, 0x60, 0x08, 0x60, 0x08, 0x60, 0x08,
    0x60, 0x08, 0x60, 0x08, 0x60, 0x08, 0x60, 0x08, 0x60, 0x08, 0x60, 0x08,
    0x60, 0x08, 0x60, 0x08, 0x60, 0x08, 0x60, 0x08, 0x60, 0x08, 0x60, 0x08,
    0x60, 0x08, 0x60, 0x08, 0x60, 0x08, 0x60, 0x08, 0x60, 0x08, 0x60, 0x08,
    0x60, 0x08, 0x60, 0x08, 0x60, 0x08, 0x60, 0x08, 0x60, 0x08, 0x60, 0x08,
    0x60, 0x08, 0x60, 0x08, 0x60, 0x08, 0x60, 0x08, 0x60, 0x08, 0x60, 0x08,
    0x60, 0x08, 0x60, 0x08, 0x60, 0x08, 0x60, 0x08, 0x60, 0x08, 0x60, 0x08,
    0x60, 0x08, 0x60, 0x08, 0x60, 0x08, 0x60, 0x08, 0x60, 0x08, 0x60, 0x08,
    0x60, 0x08, 0x60, 0x08, 0x60, 0x08, 0x60, 0x08, 0x60, 0x08, 0x60, 0x08,
    0x60, 0x08, 0x60, 0x08, 0x60, 0x08, 0x60, 0x08, 0x60, 0x08, 0x60, 0x08,
    0x60, 0x08, 0x60, 0x08, 0x60, 0x08, 0x60, 0x08, 0x60, 0x08, 0x60, 0x08,
    0x60, 0x08, 0x60, 0x08, 0x60, 0x08, 0x60, 0x08, 0x60, 0x08, 0x60, 0x08,
    0x60, 0x08, 0x60, 0x08, 0x60, 0x08, 0x60, 0x08, 0x60, 0x08, 0x60, 0x08,
    0x60, 0x08, 0x60, 0x08, 0x60, 0x08, 0x60, 0x08, 0x00, 0x00, 0xb1, 0x8c,
    0xba, 0xc6, 0x00, 0x00, 0x20, 0x00, 0x20, 0x00, 0x20, 0x00, 0x20, 0x00,
    0x20, 0x00, 0x20, 0x00, 0x20, 0x00, 0x20, 0x00, 0x20, 0x00, 0x20, 0x00,
    0x20, 0x00, 0x20, 0x00, 0x20, 0x00, 0x20, 0x00, 0x20, 0x00, 0x20, 0x00,
    0x20, 0x00, 0x20, 0x00, 0x20, 0x00, 0x20, 0x00, 0x20, 0x00, 0x20, 0x00,
    0x20, 0x00, 0x20, 0x00, 0x20, 0x00, 0x20, 0x00, 0x20, 0x00, 0x20, 0x00,
    0x20, 0x00, 0x20, 0x00, 0x20, 0x00, 0x20, 0x00, 0x20, 0x00, 0x20, 0x00,
    0x20, 0x00, 0x20, 0x00, 0x20, 0x00, 0x20, 0x00, 0x20, 0x00, 0x20, 0x00,
    0x20, 0x00, 0x20, 0x00, 0x20, 0x00, 0x20, 0x00, 0x20, 0x00, 0x20, 0x00,
    0x20, 0x00, 0x20, 0x00, 0x20, 0x00, 0x00, 0x00, 0x20, 0x00, 0x20, 0x00,
    0x00, 0x00, 0x20, 0x00, 0x20, 0x00, 0x20, 0x00, 0x00, 0x00, 0x20, 0x00,
    0x20, 0x00, 0x00, 0x00, 0x20, 0x00, 0x20, 0x00, 0x20, 0x00, 0x20, 0x00,
    0x20, 0x00, 0x00, 0x00, 0x28, 0x42, 0x89, 0x52, 0x44, 0x29, 0x40, 0x00,
    0x60, 0x08, 0xe2, 0x18, 0xe2, 0x18, 0xe2, 0x18, 0xe2, 0x18, 0xc1, 0x10,
    0xc6, 0x31, 0xe3, 0x10, 0x61, 0x00, 0x45, 0x19, 0x23, 0x21, 0xa2, 0x08,
    0x20, 0x00, 0x61, 0x00, 0xa1, 0x10, 0x65, 0x21, 0x00, 0x00, 0x21, 0x00,
    0xc2, 0x10, 0xa6, 0x29, 0xc3, 0x08, 0x82, 0x08, 0x64, 0x21, 0x44, 0x21,
    0x04, 0x11, 0x20, 0x00, 0x45, 0x19, 0xc1, 0x10, 0xc7, 0x29, 0x20, 0x00,
    0xa3, 0x08, 0xc2, 0x10, 0xa6, 0x29, 0x44, 0x09, 0x24, 0x19, 0x45, 0x19,
    0x60, 0x08, 0x20, 0x00, 0xc5, 0x39, 0xe6, 0x39, 0x85, 0x31, 0xd2, 0x9c,
    0x10, 0x84, 0xcf, 0x7b, 0x6c, 0x6a, 0x71, 0x89, 0xbb, 0xce, 0x91, 0x84,
    0x00, 0x00, 0x60, 0x08, 0x60, 0x08, 0x60, 0x08, 0x60, 0x08, 0x60, 0x08,
    0x60, 0x08, 0x60, 0x08, 0x60, 0x08, 0x60, 0x08, 0x60, 0x08, 0x60, 0x08,
    0x60, 0x08, 0x60, 0x08, 0x60, 0x08, 0x60, 0x08, 0x60, 0x08, 0x60, 0x08,
    0x60, 0x08, 0x60, 0x08, 0x60, 0x08, 0x60, 0x08, 0x60, 0x08, 0x60, 0x08,
    0x60, 0x08, 0x60, 0x08, 0x60, 0x08, 0x60, 0x08, 0x60, 0x08, 0x60, 0x08,
    0x60, 0x08, 0x60, 0x08, 0x60, 0x08, 0x60, 0x08, 0x60, 0x08, 0x60, 0x08,
    0x60, 0x08, 0x60, 0x08, 0x60, 0x08, 0x60, 0x08, 0x60, 0x08, 0x60, 0x08,
    0x60, 0x08, 0x60, 0x08, 0x60, 0x08, 0x60, 0x08, 0x60, 0x08, 0x60, 0x08,
    0x60, 0x08, 0x60, 0x08, 0x60, 0x08, 0x60, 0x08, 0x60, 0x08, 0x60, 0x08,
    0x60, 0x08, 0x60, 0x08, 0x60, 0x08, 0x60, 0x08, 0x60, 0x08, 0x60, 0x08,
    0x60, 0x08, 0x60, 0x08, 0x60, 0x08, 0x60, 0x08, 0x60, 0x08, 0x60, 0x08,
    0x60, 0x08, 0x60, 0x08, 0x60, 0x08, 0x60, 0x08, 0x60, 0x08, 0x60, 0x08,
    0x60, 0x08, 0x60, 0x08, 0x60, 0x08, 0x60, 0x08, 0x60, 0x08, 0x60, 0x08,
    0x60, 0x08, 0x60, 0x08, 0x60, 0x08, 0x60, 0x08, 0x60, 0x08, 0x60, 0x08,
    0x60, 0x08, 0x60, 0x08, 0x60, 0x08, 0x60, 0x08, 0x60, 0x08, 0x60, 0x08,
    0x60, 0x08, 0x60, 0x08, 0x60, 0x08, 0x60, 0x08, 0x60, 0x08, 0x60, 0x08,
    0x60, 0x08, 0x60, 0x08, 0x60, 0x08, 0x60, 0x08, 0x60, 0x08, 0x60, 0x08,
    0x60, 0x08, 0x60, 0x08, 0x60, 0x08, 0x60, 0x08, 0x60, 0x08, 0x60, 0x08,
    0x60, 0x08, 0x60, 0x08, 0x60, 0x08, 0x60, 0x08, 0x60, 0x08, 0x60, 0x08,
    0x60, 0x08, 0x60, 0x08, 0x60, 0x08, 0x60, 0x08, 0x00, 0x00, 0x91, 0x8c,
    0xbb, 0xce, 0xee, 0x7b, 0x50, 0x84, 0x50, 0x84, 0x30, 0x84, 0x50, 0x84,
    0x4f, 0x84, 0x30, 0x84, 0x50, 0x8c, 0x2f, 0x84, 0x50, 0x84, 0x50, 0x8c,
    0x4f, 0x84, 0x50, 0x84, 0x50, 0x84, 0x50, 0x84, 0x50, 0x84, 0x50, 0x84,
    0x50, 0x84, 0x50, 0x84, 0x50, 0x84, 0x50, 0x84, 0x50, 0x84, 0x50, 0x84,
    0x50, 0x84, 0x50, 0x84, 0x50, 0x84, 0x50, 0x84, 0x50, 0x84, 0x50, 0x84,
    0x50, 0x84, 0x50, 0x84, 0x50, 0x84, 0x50, 0x84, 0x50, 0x84, 0x50, 0x84,
    0x50, 0x84, 0x50, 0x84, 0x50, 0x84, 0x50, 0x84, 0x50, 0x84, 0x50, 0x84,
    0x30, 0x84, 0x50, 0x84, 0x30, 0x84, 0x50, 0x84, 0x30, 0x84, 0x50, 0x84,
    0x50, 0x84, 0x30, 0x84, 0x50, 0x84, 0x50, 0x84, 0x30, 0x84, 0x50, 0x84,
    0x50, 0x84, 0x30, 0x84, 0x50, 0x84, 0x30, 0x84, 0x50, 0x84, 0x50, 0x84,
    0x30, 0x84, 0x50, 0x84, 0x50, 0x84, 0x30, 0x84, 0x30, 0x84, 0x30, 0x84,
    0x30, 0x84, 0x30, 0x84, 0x4f, 0x84, 0x06, 0x42, 0x64, 0x29, 0x40, 0x00,
    0x80, 0x10, 0x23, 0x21, 0x02, 0x21, 0x03, 0x19, 0x02, 0x19, 0x03, 0x21,
    0xe2, 0x18, 0x24, 0x29, 0xa4, 0x28, 0x83, 0x28, 0x22, 0x18, 0xa4, 0x28,
    0xa4, 0x28, 0xc4, 0x28, 0x22, 0x18, 0x83, 0x20, 0xc4, 0x28, 0xc4, 0x28,
    0x62, 0x20, 0x42, 0x18, 0xa4, 0x28, 0xc4, 0x28, 0x63, 0x20, 0x02, 0x18,
    0xc3, 0x28, 0xa4, 0x28, 0x84, 0x28, 0x22, 0x18, 0x63, 0x20, 0xa4, 0x28,
    0xa3, 0x28, 0x42, 0x18, 0x62, 0x20, 0x84, 0x28, 0x84, 0x28, 0x83, 0x20,
    0x40, 0x10, 0x40, 0x00, 0xc5, 0x31, 0xe6, 0x39, 0xa5, 0x31, 0xd2, 0x9c,
    0x10, 0x84, 0xef, 0x7b, 0xc5, 0x31, 0x00, 0x00, 0xba, 0xce, 0x91, 0x84,
    0x00, 0x00, 0x60, 0x08, 0x60, 0x08, 0x60, 0x08, 0x60, 0x08, 0x60, 0x08,
    0x60, 0x08, 0x60, 0x08, 0x60, 0x08, 0x60, 0x08, 0x60, 0x08, 0x60, 0x08,
    0x60, 0x08, 0x60, 0x08, 0x60, 0x08, 0x60, 0x08, 0x60, 0x08, 0x60, 0x08,
    0x60, 0x08, 0x60, 0x08, 0x60, 0x08, 0x60, 0x08, 0x60, 0x08, 0x60, 0x08,
    0x60, 0x08, 0x60, 0x08, 0x60, 0x08, 0x60, 0x08, 0x60, 0x08, 0x60, 0x08,
    0x60, 0x08, 0x60, 0x08, 0x60, 0x08, 0x60, 0x08, 0x60, 0x08, 0x60, 0x08,
    0x60, 0x08, 0x60, 0x08, 0x60, 0x08, 0x60, 0x08, 0x60, 0x08, 0x60, 0x08,
    0x60, 0x08, 0x60, 0x08, 0x60, 0x08, 0x60, 0x08, 0x60, 0x08, 0x60, 0x08,
    0x60, 0x08, 0x60, 0x08, 0x60, 0x08, 0x60, 0x08, 0x60, 0x08, 0x60, 0x08,
    0x60, 0x08, 0x60, 0x08, 0x60, 0x08, 0x60, 0x08, 0x60, 0x08, 0x60, 0x08,
    0x60, 0x08, 0x60, 0x08, 0x60, 0x08, 0x60, 0x08, 0x60, 0x08, 0x60, 0x08,
    0x60, 0x08, 0x60, 0x08, 0x60, 0x08, 0x60, 0x08, 0x60, 0x08, 0x60, 0x08,
    0x60, 0x08, 0x60, 0x08, 0x60, 0x08, 0x60, 0x08, 0x60, 0x08, 0x60, 0x08,
    0x60, 0x08, 0x60, 0x08, 0x60, 0x08, 0x60, 0x08, 0x60, 0x08, 0x60, 0x08,
    0x60, 0x08, 0x60, 0x08, 0x60, 0x08, 0x60, 0x08, 0x60, 0x08, 0x60, 0x08,
    0x60, 0x08, 0x60, 0x08, 0x60, 0x08, 0x60, 0x08, 0x60, 0x08, 0x60, 0x08,
    0x60, 0x08, 0x60, 0x08, 0x60, 0x08, 0x60, 0x08, 0x60, 0x08, 0x60, 0x08,
    0x60, 0x08, 0x60, 0x08, 0x60, 0x08, 0x60, 0x08, 0x60, 0x08, 0x60, 0x08,
    0x60, 0x08, 0x60, 0x08, 0x60, 0x08, 0x60, 0x08, 0x60, 0x08, 0x60, 0x08,
    0x60, 0x08, 0x60, 0x08, 0x60, 0x08, 0x60, 0x08, 0x00, 0x00, 0xb2, 0x8c,
    0x9a, 0xce, 0x00, 0x00, 0x00, 0x00, 0x00, 0x00, 0x00, 0x00, 0x00, 0x00,
    0x00, 0x00, 0x00, 0x00, 0x00, 0x00, 0x00, 0x00, 0x00, 0x00, 0x00, 0x00,
    0x00, 0x00, 0x00, 0x00, 0x00, 0x00, 0x00, 0x00, 0x00, 0x00, 0x00, 0x00,
    0x00, 0x00, 0x00, 0x00, 0x00, 0x00, 0x00, 0x00, 0x00, 0x00, 0x00, 0x00,
    0x00, 0x00, 0x00, 0x00, 0x00, 0x00, 0x00, 0x00, 0x00, 0x00, 0x00, 0x00,
    0x00, 0x00, 0x00, 0x00, 0x00, 0x00, 0x00, 0x00, 0x00, 0x00, 0x00, 0x00,
    0x00, 0x00, 0x00, 0x00, 0x00, 0x00, 0x00, 0x00, 0x00, 0x00, 0x00, 0x00,
    0x00, 0x00, 0x00, 0x00, 0x00, 0x00, 0x00, 0x00, 0x00, 0x00, 0x00, 0x00,
    0x00, 0x00, 0x00, 0x00, 0x00, 0x00, 0x00, 0x00, 0x00, 0x00, 0x00, 0x00,
    0x00, 0x00, 0x00, 0x00, 0x00, 0x00, 0x00, 0x00, 0x00, 0x00, 0x00, 0x00,
    0x00, 0x00, 0x00, 0x00, 0x00, 0x00, 0x00, 0x00, 0x00, 0x00, 0x00, 0x00,
    0x00, 0x00, 0x00, 0x00, 0x00, 0x00, 0x06, 0x42, 0x64, 0x29, 0x40, 0x00,
    0x60, 0x08, 0x40, 0x08, 0x20, 0x00, 0x20, 0x00, 0x40, 0x00, 0x20, 0x00,
    0x00, 0x00, 0x22, 0x1a, 0xa0, 0x07, 0x20, 0x07, 0xe1, 0x0d, 0x20, 0x07,
    0x20, 0x07, 0xe1, 0x15, 0x40, 0x07, 0x61, 0x0e, 0x61, 0x06, 0x63, 0x06,
    0x20, 0x0e, 0x00, 0x07, 0x40, 0x07, 0xc1, 0x0d, 0x20, 0x07, 0x40, 0x07,
    0xc1, 0x0d, 0x40, 0x07, 0xe0, 0x06, 0x00, 0x0e, 0x40, 0x07, 0xa0, 0x06,
    0x61, 0x0e, 0x40, 0x07, 0xe1, 0x0d, 0x20, 0x07, 0x40, 0x07, 0x61, 0x0e,
    0xa0, 0x09, 0x00, 0x00, 0xe6, 0x39, 0x28, 0x42, 0xc6, 0x39, 0xd2, 0x9c,
    0x10, 0x84, 0xf0, 0x7b, 0xc6, 0x31, 0x00, 0x00, 0xba, 0xce, 0x92, 0x8c,
    0x00, 0x00, 0x60, 0x08, 0x60, 0x08, 0x60, 0x08, 0x60, 0x08, 0x60, 0x08,
    0x60, 0x08, 0x60, 0x08, 0x60, 0x08, 0x60, 0x08, 0x60, 0x08, 0x60, 0x08,
    0x60, 0x08, 0x60, 0x08, 0x60, 0x08, 0x60, 0x08, 0x60, 0x08, 0x60, 0x08,
    0x60, 0x08, 0x60, 0x08, 0x60, 0x08, 0x60, 0x08, 0x60, 0x08, 0x60, 0x08,
    0x60, 0x08, 0x60, 0x08, 0x60, 0x08, 0x60, 0x08, 0x60, 0x08, 0x60, 0x08,
    0x60, 0x08, 0x60, 0x08, 0x60, 0x08, 0x60, 0x08, 0x60, 0x08, 0x60, 0x08,
    0x60, 0x08, 0x60, 0x08, 0x60, 0x08, 0x60, 0x08, 0x60, 0x08, 0x60, 0x08,
    0x60, 0x08, 0x60, 0x08, 0x60, 0x08, 0x60, 0x08, 0x60, 0x08, 0x60, 0x08,
    0x60, 0x08, 0x60, 0x08, 0x60, 0x08, 0x60, 0x08, 0x60, 0x08, 0x60, 0x08,
    0x60, 0x08, 0x60, 0x08, 0x60, 0x08, 0x60, 0x08, 0x60, 0x08, 0x60, 0x08,
    0x60, 0x08, 0x60, 0x08, 0x60, 0x08, 0x60, 0x08, 0x60, 0x08, 0x60, 0x08,
    0x60, 0x08, 0x60, 0x08, 0x60, 0x08, 0x60, 0x08, 0x60, 0x08, 0x60, 0x08,
    0x60, 0x08, 0x60, 0x08, 0x60, 0x08, 0x60, 0x08, 0x60, 0x08, 0x60, 0x08,
    0x60, 0x08, 0x60, 0x08, 0x60, 0x08, 0x60, 0x08, 0x60, 0x08, 0x60, 0x08,
    0x60, 0x08, 0x60, 0x08, 0x60, 0x08, 0x60, 0x08, 0x60, 0x08, 0x60, 0x08,
    0x60, 0x08, 0x60, 0x08, 0x60, 0x08, 0x60, 0x08, 0x60, 0x08, 0x60, 0x08,
    0x60, 0x08, 0x60, 0x08, 0x60, 0x08, 0x60, 0x08, 0x60, 0x08, 0x60, 0x08,
    0x60, 0x08, 0x60, 0x08, 0x60, 0x08, 0x60, 0x08, 0x60, 0x08, 0x60, 0x08,
    0x60, 0x08, 0x60, 0x08, 0x60, 0x08, 0x60, 0x08, 0x60, 0x08, 0x60, 0x08,
    0x60, 0x08, 0x60, 0x08, 0x60, 0x08, 0x60, 0x08, 0x00, 0x00, 0x91, 0x8c,
    0xba, 0xce, 0x00, 0x00, 0x20, 0x00, 0x20, 0x00, 0x20, 0x00, 0x20, 0x00,
    0x20, 0x00, 0x20, 0x00, 0x20, 0x00, 0x20, 0x00, 0x20, 0x00, 0x20, 0x00,
    0x20, 0x00, 0x20, 0x00, 0x20, 0x00, 0x20, 0x00, 0x20, 0x00, 0x20, 0x00,
    0x20, 0x00, 0x20, 0x00, 0x00, 0x00, 0x00, 0x00, 0x20, 0x00, 0x20, 0x00,
    0x20, 0x00, 0x20, 0x00, 0x20, 0x00, 0x20, 0x00, 0x20, 0x00, 0x20, 0x00,
    0x20, 0x00, 0x20, 0x00, 0x20, 0x00, 0x20, 0x00, 0x20, 0x00, 0x20, 0x00,
    0x20, 0x00, 0x20, 0x00, 0x20, 0x00, 0x20, 0x00, 0x20, 0x00, 0x20, 0x00,
    0x20, 0x00, 0x20, 0x00, 0x20, 0x00, 0x20, 0x00, 0x20, 0x00, 0x20, 0x00,
    0x20, 0x00, 0x20, 0x00, 0x20, 0x00, 0x20, 0x00, 0x20, 0x00, 0x20, 0x00,
    0x20, 0x00, 0x20, 0x00, 0x20, 0x00, 0x20, 0x00, 0x20, 0x00, 0x20, 0x00,
    0x20, 0x00, 0x00, 0x00, 0x61, 0x00, 0x89, 0x22, 0x08, 0x1a, 0x89, 0x1a,
    0xe8, 0x19, 0x8e, 0x33, 0x00, 0x00, 0x07, 0x42, 0x64, 0x29, 0x40, 0x00,
    0x60, 0x08, 0x40, 0x08, 0x03, 0x19, 0xe2, 0x18, 0x03, 0x21, 0x23, 0x21,
    0x00, 0x08, 0x63, 0x22, 0xa0, 0x07, 0x20, 0x07, 0x41, 0x16, 0x00, 0x07,
    0x40, 0x07, 0x41, 0x16, 0x00, 0x07, 0xc1, 0x16, 0x46, 0x05, 0x2e, 0x03,
    0xc0, 0x0e, 0x21, 0x0f, 0x00, 0x07, 0x41, 0x16, 0x40, 0x07, 0x20, 0x07,
    0x41, 0x16, 0x20, 0x07, 0x21, 0x0f, 0x81, 0x0e, 0xe0, 0x06, 0xe0, 0x06,
    0xa1, 0x16, 0x00, 0x07, 0x21, 0x16, 0x60, 0x07, 0x00, 0x07, 0xe1, 0x16,
    0xa0, 0x09, 0x00, 0x00, 0x68, 0x4a, 0x0b, 0x4a, 0xc9, 0x41, 0x33, 0xa5,
    0x10, 0x84, 0xcf, 0x7b, 0x47, 0x42, 0xe2, 0x00, 0x9a, 0xc6, 0x91, 0x8c,
    0x00, 0x00, 0x60, 0x08, 0x60, 0x08, 0x60, 0x08, 0x60, 0x08, 0x60, 0x08,
    0x60, 0x08, 0x60, 0x08, 0x60, 0x08, 0x60, 0x08, 0x60, 0x08, 0x60, 0x08,
    0x60, 0x08, 0x60, 0x08, 0x60, 0x08, 0x60, 0x08, 0x60, 0x08, 0x60, 0x08,
    0x60, 0x08, 0x60, 0x08, 0x60, 0x08, 0x60, 0x08, 0x60, 0x08, 0x60, 0x08,
    0x60, 0x08, 0x60, 0x08, 0x60, 0x08, 0x60, 0x08, 0x60, 0x08, 0x60, 0x08,
    0x60, 0x08, 0x60, 0x08, 0x60, 0x08, 0x60, 0x08, 0x60, 0x08, 0x60, 0x08,
    0x60, 0x08, 0x60, 0x08, 0x60, 0x08, 0x60, 0x08, 0x60, 0x08, 0x60, 0x08,
    0x60, 0x08, 0x60, 0x08, 0x60, 0x08, 0x60, 0x08, 0x60, 0x08, 0x60, 0x08,
    0x60, 0x08, 0x60, 0x08, 0x60, 0x08, 0x60, 0x08, 0x60, 0x08, 0x60, 0x08,
    0x60, 0x08, 0x60, 0x08, 0x60, 0x08, 0x60, 0x08, 0x60, 0x08, 0x60, 0x08,
    0x60, 0x08, 0x60, 0x08, 0x60, 0x08, 0x60, 0x08, 0x60, 0x08, 0x60, 0x08,
    0x60, 0x08, 0x60, 0x08, 0x60, 0x08, 0x60, 0x08, 0x60, 0x08, 0x60, 0x08,
    0x60, 0x08, 0x60, 0x08, 0x60, 0x08, 0x60, 0x08, 0x60, 0x08, 0x60, 0x08,
    0x60, 0x08, 0x60, 0x08, 0x60, 0x08, 0x60, 0x08, 0x60, 0x08, 0x60, 0x08,
    0x60, 0x08, 0x60, 0x08, 0x60, 0x08, 0x60, 0x08, 0x60, 0x08, 0x60, 0x08,
    0x60, 0x08, 0x60, 0x08, 0x60, 0x08, 0x60, 0x08, 0x60, 0x08, 0x60, 0x08,
    0x60, 0x08, 0x60, 0x08, 0x60, 0x08, 0x60, 0x08, 0x60, 0x08, 0x60, 0x08,
    0x60, 0x08, 0x60, 0x08, 0x60, 0x08, 0x60, 0x08, 0x60, 0x08, 0x60, 0x08,
    0x60, 0x08, 0x60, 0x08, 0x60, 0x08, 0x60, 0x08, 0x60, 0x08, 0x60, 0x08,
    0x60, 0x08, 0x60, 0x08, 0x60, 0x08, 0x60, 0x08, 0x00, 0x00, 0xb1, 0x8c,
    0xba, 0xc6, 0x00, 0x00, 0x20, 0x00, 0x20, 0x00, 0x20, 0x00, 0x20, 0x00,
    0x20, 0x00, 0x20, 0x00, 0x20, 0x00, 0x20, 0x00, 0x20, 0x00, 0x20, 0x00,
    0x20, 0x00, 0x20, 0x00, 0x20, 0x00, 0x20, 0x00, 0x20, 0x00, 0x20, 0x00,
    0x20, 0x00, 0x00, 0x00, 0xc2, 0x10, 0x00, 0x00, 0x20, 0x00, 0x20, 0x00,
    0x20, 0x00, 0x20, 0x00, 0x20, 0x00, 0x20, 0x00, 0x20, 0x00, 0x20, 0x00,
    0x20, 0x00, 0x20, 0x00, 0x20, 0x00, 0x20, 0x00, 0x20, 0x00, 0x20, 0x00,
    0x20, 0x00, 0x20, 0x00, 0x20, 0x00, 0x20, 0x00, 0x20, 0x00, 0x20, 0x00,
    0x20, 0x00, 0x20, 0x00, 0x20, 0x00, 0x20, 0x00, 0x20, 0x00, 0x20, 0x00,
    0x20, 0x00, 0x20, 0x00, 0x20, 0x00, 0x20, 0x00, 0x20, 0x00, 0x20, 0x00,
    0x20, 0x00, 0x20, 0x00, 0x20, 0x00, 0x20, 0x00, 0x20, 0x00, 0x20, 0x00,
    0x20, 0x00, 0x00, 0x00, 0x69, 0x22, 0x89, 0x12, 0x49, 0x1a, 0x49, 0x1a,
    0x0c, 0x23, 0x10, 0x24, 0x00, 0x00, 0x27, 0x42, 0x64, 0x29, 0x40, 0x08,
    0x60, 0x08, 0x00, 0x00, 0xf0, 0x73, 0xce, 0x73, 0x92, 0x8c, 0xf3, 0x94,
    0x40, 0x10, 0x83, 0x1a, 0x40, 0x06, 0xe0, 0x04, 0xa1, 0x0e, 0x01, 0x0d,
    0xa0, 0x05, 0x81, 0x16, 0x60, 0x04, 0xe1, 0x15, 0xc8, 0x04, 0x6a, 0x09,
    0xc0, 0x0e, 0x81, 0x0e, 0x00, 0x04, 0xa1, 0x0e, 0xc0, 0x05, 0xe0, 0x04,
    0xa1, 0x0e, 0xe0, 0x0c, 0x81, 0x0d, 0xe0, 0x06, 0xe0, 0x0b, 0x40, 0x06,
    0xc2, 0x16, 0xa0, 0x03, 0x41, 0x16, 0xa0, 0x06, 0x00, 0x04, 0x01, 0x0f,
    0xa0, 0x01, 0x00, 0x00, 0x07, 0x42, 0x67, 0x31, 0x26, 0x29, 0x13, 0xa5,
    0x10, 0x84, 0x8e, 0x7b, 0x74, 0x5d, 0x00, 0x00, 0xba, 0xce, 0x91, 0x84,
    0x00, 0x00, 0x60, 0x08, 0x60, 0x08, 0x60, 0x08, 0x60, 0x08, 0x60, 0x08,
    0x60, 0x08, 0x60, 0x08, 0x60, 0x08, 0x60, 0x08, 0x60, 0x08, 0x60, 0x08,
    0x60, 0x08, 0x60, 0x08, 0x60, 0x08, 0x60, 0x08, 0x60, 0x08, 0x60, 0x08,
    0x60, 0x08, 0x60, 0x08, 0x60, 0x08, 0x60, 0x08, 0x60, 0x08, 0x60, 0x08,
    0x60, 0x08, 0x60, 0x08, 0x60, 0x08, 0x60, 0x08, 0x60, 0x08, 0x60, 0x08,
    0x60, 0x08, 0x60, 0x08, 0x60, 0x08, 0x60, 0x08, 0x60, 0x08, 0x60, 0x08,
    0x60, 0x08, 0x60, 0x08, 0x60, 0x08, 0x60, 0x08, 0x60, 0x08, 0x60, 0x08,
    0x60, 0x08, 0x60, 0x08, 0x60, 0x08, 0x60, 0x08, 0x60, 0x08, 0x60, 0x08,
    0x60, 0x08, 0x60, 0x08, 0x60, 0x08, 0x60, 0x08, 0x60, 0x08, 0x60, 0x08,
    0x60, 0x08, 0x60, 0x08, 0x60, 0x08, 0x60, 0x08, 0x60, 0x08, 0x60, 0x08,
    0x60, 0x08, 0x60, 0x08, 0x60, 0x08, 0x60, 0x08, 0x60, 0x08, 0x60, 0x08,
    0x60, 0x08, 0x60, 0x08, 0x60, 0x08, 0x60, 0x08, 0x60, 0x08, 0x60, 0x08,
    0x60, 0x08, 0x60, 0x08, 0x60, 0x08, 0x60, 0x08, 0x60, 0x08, 0x60, 0x08,
    0x60, 0x08, 0x60, 0x08, 0x60, 0x08, 0x60, 0x08, 0x60, 0x08, 0x60, 0x08,
    0x60, 0x08, 0x60, 0x08, 0x60, 0x08, 0x60, 0x08, 0x60, 0x08, 0x60, 0x08,
    0x60, 0x08, 0x60, 0x08, 0x60, 0x08, 0x60, 0x08, 0x60, 0x08, 0x60, 0x08,
    0x60, 0x08, 0x60, 0x08, 0x60, 0x08, 0x60, 0x08, 0x60, 0x08, 0x60, 0x08,
    0x60, 0x08, 0x60, 0x08, 0x60, 0x08, 0x60, 0x08, 0x60, 0x08, 0x60, 0x08,
    0x60, 0x08, 0x60, 0x08, 0x60, 0x08, 0x60, 0x08, 0x60, 0x08, 0x60, 0x08,
    0x60, 0x08, 0x60, 0x08, 0x60, 0x08, 0x60, 0x08, 0x00, 0x00, 0x92, 0x8c,
    0xba, 0xce, 0x00, 0x00, 0x20, 0x00, 0x20, 0x00, 0x00, 0x00, 0x20, 0x00,
    0x20, 0x00, 0x20, 0x00, 0x20, 0x00, 0x20, 0x00, 0x20, 0x00, 0x20, 0x00,
    0x20, 0x00, 0x20, 0x00, 0x20, 0x00, 0x20, 0x00, 0x20, 0x00, 0x20, 0x00,
    0x20, 0x00, 0x00, 0x00, 0xce, 0x03, 0x00, 0x00, 0x20, 0x00, 0x20, 0x00,
    0x20, 0x00, 0x20, 0x00, 0x20, 0x00, 0x20, 0x00, 0x20, 0x00, 0x20, 0x00,
    0x20, 0x00, 0x20, 0x00, 0x20, 0x00, 0x20, 0x00, 0x20, 0x00, 0x20, 0x00,
    0x00, 0x00, 0x00, 0x00, 0x20, 0x00, 0x20, 0x00, 0x20, 0x00, 0x20, 0x00,
    0x20, 0x00, 0x20, 0x00, 0x20, 0x00, 0x20, 0x00, 0x20, 0x00, 0x20, 0x00,
    0x20, 0x00, 0x20, 0x00, 0x20, 0x00, 0x20, 0x00, 0x00, 0x00, 0x20, 0x00,
    0x20, 0x00, 0x20, 0x00, 0x20, 0x00, 0x20, 0x00, 0x20, 0x00, 0x20, 0x00,
    0x20, 0x00, 0x20, 0x00, 0x00, 0x00, 0xa6, 0x11, 0xa6, 0x09, 0xc7, 0x09,
    0xc7, 0x09, 0x8a, 0x1a, 0x89, 0x02, 0xc9, 0x3a, 0x44, 0x29, 0x40, 0x08,
    0x60, 0x08, 0x60, 0x08, 0x20, 0x00, 0x20, 0x00, 0x00, 0x00, 0x00, 0x00,
    0x20, 0x08, 0x23, 0x22, 0x22, 0x17, 0xc2, 0x16, 0x63, 0x25, 0xc2, 0x16,
    0xc2, 0x16, 0x43, 0x1d, 0xe2, 0x0e, 0x22, 0x1e, 0x2a, 0x0c, 0x2c, 0x03,
    0xe1, 0x15, 0x63, 0x0e, 0xc2, 0x06, 0x63, 0x15, 0xa2, 0x06, 0xc2, 0x06,
    0x43, 0x15, 0xc2, 0x06, 0x83, 0x06, 0x82, 0x05, 0xe2, 0x06, 0x22, 0x06,
    0xe3, 0x0d, 0x02, 0x07, 0x63, 0x0d, 0xc2, 0x06, 0x02, 0x07, 0x23, 0x0e,
    0x80, 0x09, 0x00, 0x00, 0xc6, 0x39, 0x52, 0x84, 0xe9, 0x39, 0xf2, 0x9c,
    0x10, 0x84, 0x8e, 0x7b, 0x53, 0x55, 0x00, 0x00, 0xba, 0xce, 0x92, 0x8c,
    0x00, 0x00, 0x60, 0x08, 0x60, 0x08, 0x60, 0x08, 0x60, 0x08, 0x60, 0x08,
    0x60, 0x08, 0x60, 0x08, 0x60, 0x08, 0x60, 0x08, 0x60, 0x08, 0x60, 0x08,
    0x60, 0x08, 0x60, 0x08, 0x60, 0x08, 0x60, 0x08, 0x60, 0x08, 0x60, 0x08,
    0x60, 0x08, 0x60, 0x08, 0x60, 0x08, 0x60, 0x08, 0x60, 0x08, 0x60, 0x08,
    0x60, 0x08, 0x60, 0x08, 0x60, 0x08, 0x60, 0x08, 0x60, 0x08, 0x60, 0x08,
    0x60, 0x08, 0x60, 0x08, 0x60, 0x08, 0x60, 0x08, 0x60, 0x08, 0x60, 0x08,
    0x60, 0x08, 0x60, 0x08, 0x60, 0x08, 0x60, 0x08, 0x60, 0x08, 0x60, 0x08,
    0x60, 0x08, 0x60, 0x08, 0x60, 0x08, 0x60, 0x08, 0x60, 0x08, 0x60, 0x08,
    0x60, 0x08, 0x60, 0x08, 0x60, 0x08, 0x60, 0x08, 0x60, 0x08, 0x60, 0x08,
    0x60, 0x08, 0x60, 0x08, 0x60, 0x08, 0x60, 0x08, 0x60, 0x08, 0x60, 0x08,
    0x60, 0x08, 0x60, 0x08, 0x60, 0x08, 0x60, 0x08, 0x60, 0x08, 0x60, 0x08,
    0x60, 0x08, 0x60, 0x08, 0x60, 0x08, 0x60, 0x08, 0x60, 0x08, 0x60, 0x08,
    0x60, 0x08, 0x60, 0x08, 0x60, 0x08, 0x60, 0x08, 0x60, 0x08, 0x60, 0x08,
    0x60, 0x08, 0x60, 0x08, 0x60, 0x08, 0x60, 0x08, 0x60, 0x08, 0x60, 0x08,
    0x60, 0x08, 0x60, 0x08, 0x60, 0x08, 0x60, 0x08, 0x60, 0x08, 0x60, 0x08,
    0x60, 0x08, 0x60, 0x08, 0x60, 0x08, 0x60, 0x08, 0x60, 0x08, 0x60, 0x08,
    0x60, 0x08, 0x60, 0x08, 0x60, 0x08, 0x60, 0x08, 0x60, 0x08, 0x60, 0x08,
    0x60, 0x08, 0x60, 0x08, 0x60, 0x08, 0x60, 0x08, 0x60, 0x08, 0x60, 0x08,
    0x60, 0x08, 0x60, 0x08, 0x60, 0x08, 0x60, 0x08, 0x60, 0x08, 0x60, 0x08,
    0x60, 0x08, 0x60, 0x08, 0x60, 0x08, 0x60, 0x08, 0x00, 0x00, 0x92, 0x8c,
    0x9a, 0xce, 0x00, 0x00, 0x00, 0x00, 0x00, 0x00, 0x65, 0x11, 0x00, 0x00,
    0x00, 0x00, 0x00, 0x00, 0x00, 0x00, 0x00, 0x00, 0x00, 0x00, 0x00, 0x00,
    0x00, 0x00, 0x00, 0x00, 0x00, 0x00, 0x00, 0x00, 0x00, 0x00, 0x00, 0x00,
    0x00, 0x00, 0x00, 0x00, 0x6d, 0x03, 0x00, 0x00, 0x00, 0x00, 0x00, 0x00,
    0x00, 0x00, 0x00, 0x00, 0x00, 0x00, 0x00, 0x00, 0x00, 0x00, 0x00, 0x00,
    0x00, 0x00, 0x00, 0x00, 0x00, 0x00, 0x00, 0x00, 0x00, 0x00, 0x00, 0x00,
    0x44, 0x11, 0x00, 0x00, 0x00, 0x00, 0x00, 0x00, 0x00, 0x00, 0x00, 0x00,
    0x00, 0x00, 0x00, 0x00, 0x00, 0x00, 0x00, 0x00, 0x00, 0x00, 0x00, 0x00,
    0x00, 0x00, 0x00, 0x00, 0x00, 0x00, 0x00, 0x00, 0x44, 0x11, 0x00, 0x00,
    0x00, 0x00, 0x00, 0x00, 0x00, 0x00, 0x00, 0x00, 0x00, 0x00, 0x00, 0x00,
    0x00, 0x00, 0x00, 0x00, 0x00, 0x00, 0x00, 0x00, 0x00, 0x00, 0x00, 0x00,
    0x00, 0x00, 0x00, 0x00, 0x69, 0x02, 0xa9, 0x42, 0x44, 0x29, 0x20, 0x00,
    0x60, 0x08, 0xc1, 0x10, 0xa1, 0x10, 0xc1, 0x10, 0xa1, 0x10, 0xc1, 0x10,
    0x81, 0x10, 0x23, 0x22, 0x00, 0x07, 0xa0, 0x06, 0xc1, 0x25, 0x40, 0x2f,
    0x40, 0x27, 0xe2, 0x55, 0x40, 0x5f, 0xa1, 0x5e, 0x87, 0x4c, 0x4a, 0x3b,
    0x60, 0x7e, 0x20, 0xb7, 0x40, 0xb7, 0xe2, 0xa5, 0x40, 0xdf, 0x40, 0xdf,
    0xe2, 0xb5, 0x40, 0xd7, 0x20, 0xd7, 0x01, 0xb6, 0x40, 0xdf, 0xa0, 0xc6,
    0x02, 0xce, 0xa0, 0xe6, 0x62, 0xb5, 0xa0, 0xe5, 0xc0, 0xe5, 0xe2, 0xcc,
    0x00, 0x29, 0x00, 0x00, 0x07, 0x42, 0x00, 0x00, 0x00, 0x00, 0x53, 0xa5,
    0x10, 0x84, 0x8e, 0x7b, 0x33, 0x45, 0xa5, 0x01, 0xbb, 0xc6, 0x91, 0x8c,
    0x00, 0x00, 0x60, 0x08, 0x60, 0x08, 0x60, 0x08, 0x60, 0x08, 0x60, 0x08,
    0x60, 0x08, 0x60, 0x08, 0x60, 0x08, 0x60, 0x08, 0x60, 0x08, 0x60, 0x08,
    0x60, 0x08, 0x60, 0x08, 0x60, 0x08, 0x60, 0x08, 0x60, 0x08, 0x60, 0x08,
    0x60, 0x08, 0x60, 0x08, 0x60, 0x08, 0x60, 0x08, 0x60, 0x08, 0x60, 0x08,
    0x60, 0x08, 0x60, 0x08, 0x60, 0x08, 0x60, 0x08, 0x60, 0x08, 0x60, 0x08,
    0x60, 0x08, 0x60, 0x08, 0x60, 0x08, 0x60, 0x08, 0x60, 0x08, 0x60, 0x08,
    0x60, 0x08, 0x60, 0x08, 0x60, 0x08, 0x60, 0x08, 0x60, 0x08, 0x60, 0x08,
    0x60, 0x08, 0x60, 0x08, 0x60, 0x08, 0x60, 0x08, 0x60, 0x08, 0x60, 0x08,
    0x60, 0x08, 0x60, 0x08, 0x60, 0x08, 0x60, 0x08, 0x60, 0x08, 0x60, 0x08,
    0x60, 0x08, 0x60, 0x08, 0x60, 0x08, 0x60, 0x08, 0x60, 0x08, 0x60, 0x08,
    0x60, 0x08, 0x60, 0x08, 0x60, 0x08, 0x60, 0x08, 0x60, 0x08, 0x60, 0x08,
    0x60, 0x08, 0x60, 0x08, 0x60, 0x08, 0x60, 0x08, 0x60, 0x08, 0x60, 0x08,
    0x60, 0x08, 0x60, 0x08, 0x60, 0x08, 0x60, 0x08, 0x60, 0x08, 0x60, 0x08,
    0x60, 0x08, 0x60, 0x08, 0x60, 0x08, 0x60, 0x08, 0x60, 0x08, 0x60, 0x08,
    0x60, 0x08, 0x60, 0x08, 0x60, 0x08, 0x60, 0x08, 0x60, 0x08, 0x60, 0x08,
    0x60, 0x08, 0x60, 0x08, 0x60, 0x08, 0x60, 0x08, 0x60, 0x08, 0x60, 0x08,
    0x60, 0x08, 0x60, 0x08, 0x60, 0x08, 0x60, 0x08, 0x60, 0x08, 0x60, 0x08,
    0x60, 0x08, 0x60, 0x08, 0x60, 0x08, 0x60, 0x08, 0x60, 0x08, 0x60, 0x08,
    0x60, 0x08, 0x60, 0x08, 0x60, 0x08, 0x60, 0x08, 0x60, 0x08, 0x60, 0x08,
    0x60, 0x08, 0x60, 0x08, 0x60, 0x08, 0x60, 0x08, 0x00, 0x00, 0x91, 0x8c,
    0xba, 0xce, 0x27, 0x02, 0x89, 0x12, 0x68, 0x12, 0x0e, 0x1c, 0x68, 0x12,
    0x89, 0x12, 0x89, 0x12, 0x89, 0x12, 0x89, 0x12, 0x89, 0x12, 0x89, 0x12,
    0x89, 0x12, 0x89, 0x12, 0x89, 0x12, 0x89, 0x12, 0x89, 0x12, 0x89, 0x12,
    0x89, 0x12, 0x48, 0x12, 0x33, 0x0d, 0x89, 0x12, 0x89, 0x12, 0x89, 0x12,
    0x89, 0x12, 0x89, 0x12, 0x89, 0x12, 0x89, 0x12, 0x89, 0x12, 0x89, 0x12,
    0x89, 0x12, 0x89, 0x12, 0x89, 0x12, 0x89, 0x12, 0x89, 0x12, 0x68, 0x12,
    0xee, 0x1b, 0x89, 0x12, 0x89, 0x12, 0x89, 0x12, 0x89, 0x12, 0x89, 0x12,
    0x89, 0x12, 0x89, 0x12, 0x89, 0x12, 0x89, 0x12, 0x89, 0x12, 0x89, 0x12,
    0x89, 0x12, 0x89, 0x12, 0xa9, 0x12, 0x69, 0x12, 0xee, 0x1b, 0x89, 0x12,
    0x89, 0x12, 0x89, 0x12, 0x89, 0x12, 0xa9, 0x12, 0x89, 0x12, 0x89, 0x12,
    0xa9, 0x12, 0x89, 0x12, 0x89, 0x12, 0xa9, 0x12, 0x89, 0x12, 0x89, 0x12,
    0x89, 0x12, 0x68, 0x12, 0xb1, 0x04, 0x48, 0x3a, 0x43, 0x21, 0xc1, 0x10,
    0xc2, 0x18, 0xc1, 0x10, 0xc1, 0x10, 0xc2, 0x10, 0xc1, 0x18, 0xc1, 0x10,
    0x81, 0x10, 0x44, 0x22, 0x81, 0x16, 0x21, 0x0e, 0x43, 0x2d, 0xa2, 0x36,
    0xa1, 0x36, 0x83, 0x55, 0xc1, 0x66, 0x23, 0x66, 0x47, 0x54, 0x8a, 0x4b,
    0xe2, 0x7d, 0x83, 0xbe, 0xa2, 0xb6, 0x84, 0x9d, 0xa2, 0xd6, 0xa2, 0xce,
    0x84, 0xad, 0xa2, 0xd6, 0x83, 0xce, 0xa3, 0xad, 0xc2, 0xd6, 0x22, 0xbe,
    0x84, 0xc5, 0x22, 0xde, 0x04, 0xb5, 0x42, 0xd5, 0x62, 0xd5, 0x84, 0xc4,
    0x62, 0x39, 0x81, 0x08, 0x27, 0x42, 0x86, 0x31, 0x45, 0x29, 0x13, 0xa5,
    0x10, 0x84, 0x8e, 0x73, 0x0f, 0x8c, 0x95, 0xb5, 0xba, 0xce, 0x71, 0x84,
    0x00, 0x00, 0x60, 0x08, 0x60, 0x08, 0x60, 0x08, 0x60, 0x08, 0x60, 0x08,
    0x60, 0x08, 0x60, 0x08, 0x60, 0x08, 0x60, 0x08, 0x60, 0x08, 0x60, 0x08,
    0x60, 0x08, 0x60, 0x08, 0x60, 0x08, 0x60, 0x08, 0x60, 0x08, 0x60, 0x08,
    0x60, 0x08, 0x60, 0x08, 0x60, 0x08, 0x60, 0x08, 0x60, 0x08, 0x60, 0x08,
    0x60, 0x08, 0x60, 0x08, 0x60, 0x08, 0x60, 0x08, 0x60, 0x08, 0x60, 0x08,
    0x60, 0x08, 0x60, 0x08, 0x60, 0x08, 0x60, 0x08, 0x60, 0x08, 0x60, 0x08,
    0x60, 0x08, 0x60, 0x08, 0x60, 0x08, 0x60, 0x08, 0x60, 0x08, 0x60, 0x08,
    0x60, 0x08, 0x60, 0x08, 0x60, 0x08, 0x60, 0x08, 0x60, 0x08, 0x60, 0x08,
    0x60, 0x08, 0x60, 0x08, 0x60, 0x08, 0x60, 0x08, 0x60, 0x08, 0x60, 0x08,
    0x60, 0x08, 0x60, 0x08, 0x60, 0x08, 0x60, 0x08, 0x60, 0x08, 0x60, 0x08,
    0x60, 0x08, 0x60, 0x08, 0x60, 0x08, 0x60, 0x08, 0x60, 0x08, 0x60, 0x08,
    0x60, 0x08, 0x60, 0x08, 0x60, 0x08, 0x60, 0x08, 0x60, 0x08, 0x60, 0x08,
    0x60, 0x08, 0x60, 0x08, 0x60, 0x08, 0x60, 0x08, 0x60, 0x08, 0x60, 0x08,
    0x60, 0x08, 0x60, 0x08, 0x60, 0x08, 0x60, 0x08, 0x60, 0x08, 0x60, 0x08,
    0x60, 0x08, 0x60, 0x08, 0x60, 0x08, 0x60, 0x08, 0x60, 0x08, 0x60, 0x08,
    0x60, 0x08, 0x60, 0x08, 0x60, 0x08, 0x60, 0x08, 0x60, 0x08, 0x60, 0x08,
    0x60, 0x08, 0x60, 0x08, 0x60, 0x08, 0x60, 0x08, 0x60, 0x08, 0x60, 0x08,
    0x60, 0x08, 0x60, 0x08, 0x60, 0x08, 0x60, 0x08, 0x60, 0x08, 0x60, 0x08,
    0x60, 0x08, 0x60, 0x08, 0x60, 0x08, 0x60, 0x08, 0x60, 0x08, 0x60, 0x08,
    0x60, 0x08, 0x60, 0x08, 0x60, 0x08, 0x60, 0x08, 0x00, 0x00, 0x91, 0x8c,
    0xda, 0xce, 0x74, 0xb5, 0x95, 0xbd, 0xb5, 0xbd, 0x95, 0xbd, 0x95, 0xbd,
    0xb5, 0xbd, 0xb5, 0xbd, 0xb5, 0xbd, 0xb5, 0xbd, 0xb5, 0xbd, 0xb5, 0xbd,
    0x95, 0xbd, 0xb5, 0xbd, 0xb5, 0xbd, 0x95, 0xbd, 0xb5, 0xbd, 0xb5, 0xbd,
    0x95, 0xbd, 0xb5, 0xbd, 0x54, 0xbd, 0x95, 0xbd, 0xb5, 0xbd, 0xb5, 0xbd,
    0x95, 0xbd, 0xb5, 0xbd, 0xb5, 0xbd, 0x95, 0xbd, 0xb5, 0xbd, 0x95, 0xbd,
    0xb5, 0xbd, 0x95, 0xbd, 0xb5, 0xbd, 0xb5, 0xbd, 0x95, 0xbd, 0xb5, 0xbd,
    0x95, 0xbd, 0x95, 0xbd, 0xb5, 0xbd, 0xb5, 0xbd, 0x95, 0xbd, 0xb5, 0xbd,
    0xb5, 0xbd, 0xb5, 0xbd, 0xb5, 0xbd, 0xb5, 0xbd, 0xb5, 0xbd, 0xb5, 0xbd,
    0xb5, 0xbd, 0x95, 0xbd, 0xb5, 0xbd, 0x95, 0xbd, 0x95, 0xbd, 0xb5, 0xbd,
    0x95, 0xbd, 0xb5, 0xbd, 0xb5, 0xbd, 0x95, 0xbd, 0xb5, 0xbd, 0xb5, 0xbd,
    0x95, 0xbd, 0xb5, 0xbd, 0xb5, 0xbd, 0x95, 0xbd, 0xb5, 0xbd, 0xb5, 0xbd,
    0x95, 0xbd, 0xb5, 0xbd, 0x95, 0xc5, 0x6c, 0x6b, 0xb1, 0x94, 0xf6, 0xbd,
    0xd6, 0xbd, 0xd6, 0xbd, 0xd6, 0xbd, 0xd6, 0xbd, 0xd6, 0xbd, 0xd6, 0xbd,
    0xd6, 0xbd, 0x96, 0xbd, 0x36, 0xbd, 0x36, 0xbd, 0x56, 0xb5, 0x16, 0xb5,
    0x36, 0xb5, 0x56, 0xb5, 0x16, 0xb5, 0x36, 0xb5, 0x75, 0xb5, 0x75, 0xb5,
    0x36, 0xad, 0x35, 0xad, 0x36, 0xad, 0x36, 0xad, 0x16, 0xa5, 0x36, 0xa5,
    0x55, 0xad, 0x36, 0xa5, 0x36, 0xa5, 0x36, 0xad, 0x16, 0xa5, 0x36, 0xad,
    0x56, 0xa5, 0x36, 0xa5, 0x56, 0xad, 0x56, 0xa5, 0x56, 0xa5, 0x76, 0xad,
    0xb6, 0xb5, 0xd6, 0xbd, 0xb5, 0xb5, 0xb5, 0xb5, 0xb6, 0xb5, 0x74, 0xad,
    0x10, 0x84, 0xf0, 0x83, 0x40, 0x00, 0x14, 0x9d, 0x38, 0xbe, 0x91, 0x84,
    0x00, 0x00, 0x60, 0x08, 0x60, 0x08, 0x60, 0x08, 0x60, 0x08, 0x60, 0x08,
    0x60, 0x08, 0x60, 0x08, 0x60, 0x08, 0x60, 0x08, 0x60, 0x08, 0x60, 0x08,
    0x60, 0x08, 0x60, 0x08, 0x60, 0x08, 0x60, 0x08, 0x60, 0x08, 0x60, 0x08,
    0x60, 0x08, 0x60, 0x08, 0x60, 0x08, 0x60, 0x08, 0x60, 0x08, 0x60, 0x08,
    0x60, 0x08, 0x60, 0x08, 0x60, 0x08, 0x60, 0x08, 0x60, 0x08, 0x60, 0x08,
    0x60, 0x08, 0x60, 0x08, 0x60, 0x08, 0x60, 0x08, 0x60, 0x08, 0x60, 0x08,
    0x60, 0x08, 0x60, 0x08, 0x60, 0x08, 0x60, 0x08, 0x60, 0x08, 0x60, 0x08,
    0x60, 0x08, 0x60, 0x08, 0x60, 0x08, 0x60, 0x08, 0x60, 0x08, 0x60, 0x08,
    0x60, 0x08, 0x60, 0x08, 0x60, 0x08, 0x60, 0x08, 0x60, 0x08, 0x60, 0x08,
    0x60, 0x08, 0x60, 0x08, 0x60, 0x08, 0x60, 0x08, 0x60, 0x08, 0x60, 0x08,
    0x60, 0x08, 0x60, 0x08, 0x60, 0x08, 0x60, 0x08, 0x60, 0x08, 0x60, 0x08,
    0x60, 0x08, 0x60, 0x08, 0x60, 0x08, 0x60, 0x08, 0x60, 0x08, 0x60, 0x08,
    0x60, 0x08, 0x60, 0x08, 0x60, 0x08, 0x60, 0x08, 0x60, 0x08, 0x60, 0x08,
    0x60, 0x08, 0x60, 0x08, 0x60, 0x08, 0x60, 0x08, 0x60, 0x08, 0x60, 0x08,
    0x60, 0x08, 0x60, 0x08, 0x60, 0x08, 0x60, 0x08, 0x60, 0x08, 0x60, 0x08,
    0x60, 0x08, 0x60, 0x08, 0x60, 0x08, 0x60, 0x08, 0x60, 0x08, 0x60, 0x08,
    0x60, 0x08, 0x60, 0x08, 0x60, 0x08, 0x60, 0x08, 0x60, 0x08, 0x60, 0x08,
    0x60, 0x08, 0x60, 0x08, 0x60, 0x08, 0x60, 0x08, 0x60, 0x08, 0x60, 0x08,
    0x60, 0x08, 0x60, 0x08, 0x60, 0x08, 0x60, 0x08, 0x60, 0x08, 0x60, 0x08,
    0x60, 0x08, 0x60, 0x08, 0x60, 0x08, 0x60, 0x08, 0x00, 0x00, 0xb2, 0x8c,
    0x9a, 0xc6, 0x00, 0x00, 0x00, 0x00, 0x00, 0x00, 0x00, 0x00, 0x00, 0x00,
    0x00, 0x00, 0x00, 0x00, 0x00, 0x00, 0x00, 0x00, 0x00, 0x00, 0x00, 0x00,
    0x00, 0x00, 0x00, 0x00, 0x00, 0x00, 0x00, 0x00, 0x00, 0x00, 0x00, 0x00,
    0x00, 0x00, 0x00, 0x00, 0x00, 0x00, 0x00, 0x00, 0x00, 0x00, 0x00, 0x00,
    0x00, 0x00, 0x00, 0x00, 0x00, 0x00, 0x00, 0x00, 0x00, 0x00, 0x00, 0x00,
    0x00, 0x00, 0x00, 0x00, 0x00, 0x00, 0x00, 0x00, 0x00, 0x00, 0x00, 0x00,
    0x00, 0x00, 0x00, 0x00, 0x00, 0x00, 0x00, 0x00, 0x00, 0x00, 0x00, 0x00,
    0x00, 0x00, 0x00, 0x00, 0x00, 0x00, 0x00, 0x00, 0x00, 0x00, 0x00, 0x00,
    0x00, 0x00, 0x00, 0x00, 0x00, 0x00, 0x00, 0x00, 0x00, 0x00, 0x00, 0x00,
    0x00, 0x00, 0x00, 0x00, 0x00, 0x00, 0x00, 0x00, 0x00, 0x00, 0x00, 0x00,
    0x00, 0x00, 0x00, 0x00, 0x00, 0x00, 0x00, 0x00, 0x00, 0x00, 0x00, 0x00,
    0x00, 0x00, 0x00, 0x00, 0x00, 0x00, 0x00, 0x00, 0x00, 0x00, 0x00, 0x00,
    0x00, 0x00, 0x00, 0x00, 0x00, 0x00, 0x00, 0x00, 0x00, 0x00, 0x00, 0x00,
    0x00, 0x00, 0x00, 0x00, 0x00, 0x00, 0x00, 0x00, 0x00, 0x00, 0x00, 0x00,
    0x00, 0x00, 0x00, 0x00, 0x00, 0x00, 0x00, 0x00, 0x00, 0x00, 0x00, 0x00,
    0x00, 0x00, 0x00, 0x00, 0x00, 0x00, 0x00, 0x00, 0x00, 0x00, 0x00, 0x00,
    0x00, 0x00, 0x00, 0x00, 0x00, 0x00, 0x00, 0x00, 0x00, 0x00, 0x00, 0x00,
    0x00, 0x00, 0x00, 0x00, 0x00, 0x00, 0x00, 0x00, 0x00, 0x00, 0x00, 0x00,
    0x00, 0x00, 0x00, 0x00, 0x00, 0x00, 0x00, 0x00, 0x00, 0x00, 0x00, 0x00,
    0x10, 0x84, 0xcf, 0x7b, 0x27, 0x42, 0x43, 0x21, 0xba, 0xce, 0x91, 0x84,
    0x00, 0x00, 0x40, 0x08, 0x40, 0x08, 0x60, 0x08, 0x40, 0x08, 0x60, 0x08,
    0x40, 0x08, 0x60, 0x08, 0x60, 0x08, 0x40, 0x08, 0x60, 0x08, 0x60, 0x08,
    0x60, 0x08, 0x60, 0x08, 0x40, 0x08, 0x60, 0x08, 0x60, 0x08, 0x40, 0x08,
    0x60, 0x08, 0x60, 0x08, 0x40, 0x08, 0x60, 0x08, 0x40, 0x08, 0x60, 0x08,
    0x40, 0x08, 0x40, 0x08, 0x60, 0x08, 0x40, 0x08, 0x40, 0x08, 0x60, 0x08,
    0x40, 0x08, 0x40, 0x08, 0x60, 0x08, 0x40, 0x08, 0x40, 0x08, 0x60, 0x08,
    0x40, 0x08, 0x40, 0x08, 0x60, 0x08, 0x40, 0x08, 0x40, 0x08, 0x60, 0x08,
    0x40, 0x08, 0x40, 0x08, 0x60, 0x08, 0x40, 0x08, 0x40, 0x08, 0x40, 0x08,
    0x60, 0x08, 0x40, 0x08, 0x40, 0x08, 0x40, 0x08, 0x60, 0x08, 0x40, 0x08,
    0x40, 0x08, 0x40, 0x08, 0x60, 0x08, 0x40, 0x08, 0x40, 0x08, 0x40, 0x08,
    0x60, 0x08, 0x40, 0x08, 0x40, 0x08, 0x60, 0x08, 0x40, 0x08, 0x40, 0x08,
    0x60, 0x08, 0x40, 0x08, 0x40, 0x08, 0x60, 0x08, 0x40, 0x08, 0x60, 0x08,
    0x40, 0x08, 0x60, 0x08, 0x40, 0x08, 0x60, 0x08, 0x40, 0x08, 0x60, 0x08,
    0x40, 0x08, 0x40, 0x08, 0x60, 0x08, 0x40, 0x08, 0x40, 0x08, 0x60, 0x08,
    0x40, 0x08, 0x40, 0x08, 0x60, 0x08, 0x40, 0x08, 0x60, 0x08, 0x60, 0x08,
    0x40, 0x08, 0x60, 0x08, 0x60, 0x08, 0x60, 0x08, 0x60, 0x08, 0x60, 0x08,
    0x60, 0x08, 0x40, 0x08, 0x60, 0x08, 0x60, 0x08, 0x40, 0x08, 0x60, 0x08,
    0x60, 0x08, 0x40, 0x08, 0x40, 0x08, 0x60, 0x08, 0x40, 0x08, 0x40, 0x08,
    0x60, 0x08, 0x40, 0x08, 0x40, 0x08, 0x60, 0x08, 0x40, 0x08, 0x40, 0x08,
    0x60, 0x08, 0x40, 0x08, 0x40, 0x08, 0x60, 0x08, 0x00, 0x00, 0x91, 0x8c,
    0xba, 0xce, 0xc5, 0x39, 0x48, 0x42, 0x48, 0x42, 0x47, 0x4a, 0x48, 0x42,
    0x48, 0x4a, 0x47, 0x4a, 0x48, 0x42, 0x47, 0x4a, 0x48, 0x4a, 0x47, 0x4a,
    0x48, 0x4a, 0x47, 0x4a, 0x47, 0x4a, 0x48, 0x4a, 0x47, 0x4a, 0x47, 0x4a,
    0x48, 0x4a, 0x47, 0x42, 0x48, 0x4a, 0x47, 0x4a, 0x47, 0x42, 0x48, 0x4a,
    0x47, 0x4a, 0x48, 0x42, 0x48, 0x4a, 0x47, 0x4a, 0x47, 0x42, 0x47, 0x42,
    0x48, 0x4a, 0x88, 0x52, 0x07, 0x42, 0x89, 0x52, 0x48, 0x4a, 0x27, 0x42,
    0x68, 0x4a, 0x07, 0x42, 0x07, 0x42, 0x68, 0x4a, 0xc6, 0x39, 0x68, 0x4a,
    0x06, 0x42, 0x47, 0x42, 0x07, 0x42, 0x48, 0x4a, 0x47, 0x4a, 0x48, 0x4a,
    0x48, 0x4a, 0x47, 0x42, 0x48, 0x4a, 0x47, 0x4a, 0x47, 0x42, 0x47, 0x42,
    0x48, 0x4a, 0x48, 0x4a, 0x47, 0x42, 0x48, 0x4a, 0x48, 0x4a, 0x47, 0x42,
    0x48, 0x4a, 0x48, 0x4a, 0x47, 0x42, 0x48, 0x4a, 0x48, 0x4a, 0x47, 0x42,
    0x48, 0x4a, 0x48, 0x4a, 0x48, 0x42, 0x48, 0x4a, 0x48, 0x4a, 0x48, 0x4a,
    0x27, 0x42, 0x68, 0x4a, 0x48, 0x4a, 0x27, 0x42, 0x48, 0x4a, 0x27, 0x42,
    0x68, 0x4a, 0x47, 0x42, 0x48, 0x4a, 0x48, 0x4a, 0x68, 0x4a, 0x26, 0x42,
    0x27, 0x42, 0x47, 0x42, 0x27, 0x42, 0x68, 0x4a, 0x68, 0x4a, 0x27, 0x42,
    0x07, 0x42, 0x47, 0x4a, 0x06, 0x3a, 0x68, 0x4a, 0x68, 0x4a, 0x68, 0x4a,
    0x47, 0x42, 0x68, 0x4a, 0x89, 0x52, 0x88, 0x4a, 0x47, 0x4a, 0x27, 0x42,
    0x89, 0x52, 0x06, 0x42, 0x47, 0x42, 0x47, 0x42, 0x47, 0x4a, 0x47, 0x42,
    0x47, 0x42, 0x48, 0x4a, 0x47, 0x42, 0x68, 0x4a, 0x47, 0x42, 0xa9, 0x52,
    0x10, 0x84, 0xcf, 0x7b, 0xa9, 0x52, 0x00, 0x00, 0xba, 0xce, 0xb2, 0x8c,
    0x80, 0x10, 0xe2, 0x18, 0xe2, 0x18, 0xe2, 0x18, 0xe2, 0x18, 0xe2, 0x18,
    0xe2, 0x18, 0xe2, 0x18, 0xe2, 0x18, 0xe2, 0x18, 0xe2, 0x18, 0xe2, 0x18,
    0xe2, 0x18, 0xe2, 0x18, 0xe2, 0x18, 0xe2, 0x18, 0xe2, 0x18, 0xe2, 0x18,
    0xe2, 0x18, 0xe2, 0x18, 0xe2, 0x18, 0xe2, 0x18, 0xe2, 0x18, 0xe2, 0x18,
    0xe2, 0x18, 0xe2, 0x18, 0xe2, 0x18, 0xe2, 0x18, 0xe2, 0x18, 0xe2, 0x18,
    0xe2, 0x18, 0xe2, 0x18, 0xe2, 0x18, 0xe2, 0x18, 0xe2, 0x18, 0xe2, 0x18,
    0xe2, 0x18, 0xe2, 0x18, 0xe2, 0x18, 0xe2, 0x18, 0xe2, 0x18, 0xe2, 0x18,
    0xe2, 0x18, 0xe2, 0x18, 0xe2, 0x18, 0xe2, 0x18, 0xe2, 0x18, 0xe2, 0x18,
    0xe2, 0x18, 0xe2, 0x18, 0xe2, 0x18, 0xe2, 0x18, 0xe2, 0x18, 0xe2, 0x18,
    0xe2, 0x18, 0xe2, 0x18, 0xe2, 0x18, 0xe2, 0x18, 0xe2, 0x18, 0xe2, 0x18,
    0xe2, 0x18, 0xe2, 0x18, 0xe2, 0x18, 0xe2, 0x18, 0xe2, 0x18, 0xe2, 0x18,
    0xe2, 0x18, 0xe2, 0x18, 0xe2, 0x18, 0xe2, 0x18, 0xe2, 0x18, 0xe2, 0x18,
    0xe2, 0x18, 0xe2, 0x18, 0xe2, 0x18, 0xe2, 0x18, 0xe2, 0x18, 0xe2, 0x18,
    0xe2, 0x18, 0xe2, 0x18, 0xe2, 0x18, 0xe2, 0x18, 0xe2, 0x18, 0xe2, 0x18,
    0xe2, 0x18, 0xe2, 0x18, 0xe2, 0x18, 0xe2, 0x18, 0xe2, 0x18, 0xe2, 0x18,
    0xe2, 0x18, 0xe2, 0x18, 0xe2, 0x18, 0xe2, 0x18, 0xe2, 0x18, 0xe2, 0x18,
    0xe2, 0x18, 0xe2, 0x18, 0xe2, 0x18, 0xe2, 0x18, 0xe2, 0x18, 0xe2, 0x18,
    0xe2, 0x18, 0xe2, 0x18, 0xe2, 0x18, 0xe2, 0x18, 0xe2, 0x18, 0xe2, 0x18,
    0xe2, 0x18, 0xe2, 0x18, 0xe2, 0x18, 0xe2, 0x18, 0xe2, 0x18, 0xe2, 0x18,
    0xe2, 0x18, 0xe2, 0x18, 0xe2, 0x18, 0xe2, 0x18, 0x80, 0x08, 0xd2, 0x8c,
    0x9a, 0xc6, 0x00, 0x00, 0x20, 0x00, 0x20, 0x00, 0x20, 0x00, 0x20, 0x00,
    0x20, 0x00, 0x20, 0x00, 0x20, 0x00, 0x20, 0x00, 0x20, 0x00, 0x20, 0x00,
    0x20, 0x00, 0x20, 0x00, 0x20, 0x00, 0x20, 0x00, 0x20, 0x00, 0x20, 0x00,
    0x20, 0x00, 0x20, 0x00, 0x20, 0x00, 0x20, 0x00, 0x20, 0x00, 0x20, 0x00,
    0x20, 0x00, 0x20, 0x00, 0x20, 0x00, 0x20, 0x00, 0x00, 0x00, 0xce, 0x73,
    0x10, 0x7c, 0x71, 0x84, 0xdb, 0xd6, 0x65, 0x21, 0x34, 0x9d, 0xb2, 0x8c,
    0x65, 0x29, 0x34, 0x9d, 0xcf, 0x6b, 0x30, 0x7c, 0x75, 0xa5, 0xeb, 0x52,
    0x85, 0x29, 0xd3, 0x8c, 0x07, 0x3a, 0x00, 0x00, 0x20, 0x00, 0x20, 0x00,
    0x20, 0x00, 0x20, 0x00, 0x20, 0x00, 0x20, 0x00, 0x44, 0x29, 0xa1, 0x10,
    0xe2, 0x18, 0x60, 0x08, 0x20, 0x00, 0x20, 0x00, 0x20, 0x00, 0x20, 0x00,
    0x20, 0x00, 0x20, 0x00, 0x20, 0x00, 0x20, 0x00, 0x20, 0x00, 0x20, 0x00,
    0x20, 0x00, 0x20, 0x00, 0x20, 0x00, 0x20, 0x00, 0x20, 0x00, 0x00, 0x00,
    0x03, 0x19, 0xf4, 0x94, 0x30, 0x7c, 0xef, 0x73, 0x14, 0x95, 0x00, 0x00,
    0xeb, 0x5a, 0x8e, 0x6b, 0xd2, 0x8c, 0xae, 0x6b, 0x07, 0x3a, 0x59, 0xbe,
    0x6d, 0x6b, 0x00, 0x00, 0x44, 0x21, 0xd2, 0x8c, 0x10, 0x74, 0x96, 0xad,
    0x14, 0x95, 0x00, 0x00, 0x68, 0x42, 0x51, 0x84, 0x31, 0x7c, 0x30, 0x7c,
    0x50, 0x84, 0x49, 0x42, 0x71, 0x8c, 0x30, 0x7c, 0xca, 0x52, 0xa5, 0x29,
    0xcf, 0x6b, 0xaa, 0x4a, 0x10, 0x74, 0x00, 0x00, 0x20, 0x00, 0x20, 0x00,
    0x20, 0x00, 0x00, 0x00, 0xc6, 0x39, 0x27, 0x31, 0x47, 0x31, 0xaf, 0x7b,
    0x10, 0x84, 0xcf, 0x7b, 0xa9, 0x52, 0x00, 0x00, 0xbb, 0xce, 0x10, 0x7c,
    0x20, 0x00, 0xa1, 0x10, 0xa1, 0x10, 0xa1, 0x10, 0xa1, 0x10, 0xa1, 0x10,
    0xa1, 0x10, 0xa1, 0x10, 0xa1, 0x10, 0xa1, 0x10, 0xa1, 0x10, 0xa1, 0x10,
    0xa1, 0x10, 0xa1, 0x10, 0xa1, 0x10, 0xa1, 0x10, 0xa1, 0x10, 0xa1, 0x10,
    0xa1, 0x10, 0xa1, 0x10, 0xa1, 0x10, 0xa1, 0x10, 0xa1, 0x10, 0xa1, 0x10,
    0xa1, 0x10, 0xa1, 0x10, 0xa1, 0x10, 0xa1, 0x10, 0xa1, 0x10, 0xa1, 0x10,
    0xa1, 0x10, 0xa1, 0x10, 0xa1, 0x10, 0xa1, 0x10, 0xa1, 0x10, 0xa1, 0x10,
    0xa1, 0x10, 0xa1, 0x10, 0xa1, 0x10, 0xa1, 0x10, 0xa1, 0x10, 0xa1, 0x10,
    0xa1, 0x10, 0xa1, 0x10, 0xa1, 0x10, 0xa1, 0x10, 0xa1, 0x10, 0xa1, 0x10,
    0xa1, 0x10, 0xa1, 0x10, 0xa1, 0x10, 0xa1, 0x10, 0xa1, 0x10, 0xa1, 0x10,
    0xa1, 0x10, 0xa1, 0x10, 0xa1, 0x10, 0xa1, 0x10, 0xa1, 0x10, 0xa1, 0x10,
    0xa1, 0x10, 0xa1, 0x10, 0xa1, 0x10, 0xa1, 0x10, 0xa1, 0x10, 0xa1, 0x10,
    0xa1, 0x10, 0xa1, 0x10, 0xa1, 0x10, 0xa1, 0x08, 0xa1, 0x10, 0xa1, 0x10,
    0xa1, 0x08, 0xa1, 0x10, 0xa1, 0x10, 0xa1, 0x08, 0xa1, 0x10, 0xa1, 0x10,
    0xa1, 0x08, 0xa1, 0x10, 0xa1, 0x10, 0xa1, 0x08, 0xa1, 0x10, 0xa1, 0x10,
    0xa1, 0x10, 0xa1, 0x10, 0xa1, 0x10, 0xa1, 0x10, 0x80, 0x08, 0x81, 0x10,
    0x81, 0x08, 0x80, 0x10, 0x81, 0x10, 0x81, 0x08, 0x80, 0x10, 0x81, 0x10,
    0x81, 0x08, 0xa1, 0x10, 0x81, 0x10, 0x80, 0x10, 0x81, 0x08, 0x81, 0x10,
    0x80, 0x10, 0xa1, 0x08, 0x81, 0x10, 0x80, 0x10, 0xa1, 0x08, 0x81, 0x10,
    0xa1, 0x10, 0x80, 0x08, 0xa1, 0x10, 0x81, 0x10, 0x80, 0x08, 0xa1, 0x10,
    0x81, 0x10, 0x80, 0x08, 0xa1, 0x10, 0x81, 0x10, 0x20, 0x00, 0x0f, 0x7c,
    0xba, 0xce, 0x00, 0x00, 0x60, 0x08, 0x60, 0x08, 0x60, 0x08, 0x60, 0x08,
    0x60, 0x08, 0x60, 0x08, 0x60, 0x08, 0x60, 0x08, 0x60, 0x08, 0x60, 0x08,
    0x60, 0x08, 0x60, 0x08, 0x60, 0x08, 0x60, 0x08, 0x60, 0x08, 0x60, 0x08,
    0x60, 0x08, 0x60, 0x08, 0x60, 0x08, 0x60, 0x08, 0x60, 0x08, 0x60, 0x08,
    0x60, 0x08, 0x60, 0x08, 0x60, 0x08, 0x60, 0x08, 0x00, 0x00, 0xef, 0x7b,
    0xeb, 0x52, 0xf7, 0xb5, 0x96, 0xad, 0x44, 0x21, 0xb7, 0xad, 0x8a, 0x42,
    0x91, 0x8c, 0x8d, 0x6b, 0x1c, 0xdf, 0x28, 0x3a, 0x10, 0x7c, 0x18, 0xbe,
    0x00, 0x00, 0x51, 0x84, 0x2b, 0x5b, 0x00, 0x00, 0x60, 0x08, 0x60, 0x08,
    0x60, 0x08, 0x60, 0x08, 0x60, 0x08, 0x40, 0x00, 0x64, 0x29, 0xe2, 0x18,
    0x02, 0x19, 0x81, 0x10, 0x60, 0x08, 0x60, 0x08, 0x60, 0x08, 0x60, 0x08,
    0x60, 0x08, 0x60, 0x08, 0x60, 0x08, 0x60, 0x08, 0x60, 0x08, 0x60, 0x08,
    0x60, 0x08, 0x60, 0x08, 0x60, 0x08, 0x60, 0x08, 0x60, 0x08, 0x60, 0x08,
    0x00, 0x00, 0x18, 0xb6, 0x13, 0x9d, 0x2c, 0x5b, 0x51, 0x84, 0x00, 0x00,
    0x07, 0x3a, 0x30, 0x7c, 0x48, 0x42, 0xef, 0x7b, 0x68, 0x42, 0xdb, 0xd6,
    0x4d, 0x63, 0x00, 0x00, 0x00, 0x00, 0x38, 0xbe, 0xb2, 0x94, 0x10, 0x7c,
    0x39, 0xbe, 0x00, 0x00, 0xae, 0x73, 0xaa, 0x4a, 0x14, 0x9d, 0xb2, 0x8c,
    0xa6, 0x29, 0x96, 0xad, 0xd3, 0x94, 0x8d, 0x6b, 0x40, 0x00, 0xc2, 0x10,
    0x30, 0x7c, 0x4c, 0x63, 0xae, 0x6b, 0x00, 0x00, 0x60, 0x08, 0x60, 0x08,
    0x60, 0x08, 0x40, 0x00, 0xc6, 0x39, 0xd0, 0x73, 0xcf, 0x73, 0x0c, 0x63,
    0x10, 0x84, 0xcf, 0x7b, 0xa9, 0x52, 0x00, 0x00, 0xba, 0xce, 0xef, 0x73,
    0x00, 0x00, 0x60, 0x08, 0x60, 0x08, 0x60, 0x08, 0x60, 0x08, 0x60, 0x08,
    0x60, 0x08, 0x60, 0x08, 0x60, 0x08, 0x60, 0x08, 0x60, 0x08, 0x60, 0x08,
    0x60, 0x08, 0x60, 0x08, 0x60, 0x08, 0x60, 0x08, 0x60, 0x08, 0x60, 0x08,
    0x60, 0x08, 0x60, 0x08, 0x60, 0x08, 0x60, 0x08, 0x60, 0x08, 0x60, 0x08,
    0x60, 0x08, 0x60, 0x08, 0x60, 0x08, 0x60, 0x08, 0x60, 0x08, 0x60, 0x08,
    0x60, 0x08, 0x60, 0x08, 0x60, 0x08, 0x60, 0x08, 0x60, 0x08, 0x60, 0x08,
    0x60, 0x08, 0x60, 0x08, 0x60, 0x08, 0x60, 0x08, 0x60, 0x08, 0x60, 0x08,
    0x60, 0x08, 0x60, 0x08, 0x60, 0x08, 0x60, 0x08, 0x60, 0x08, 0x60, 0x08,
    0x60, 0x08, 0x60, 0x08, 0x60, 0x08, 0x60, 0x08, 0x60, 0x08, 0x60, 0x08,
    0x60, 0x08, 0x60, 0x08, 0x60, 0x08, 0x60, 0x08, 0x60, 0x08, 0x60, 0x08,
    0x60, 0x08, 0x60, 0x08, 0x60, 0x08, 0x60, 0x08, 0x60, 0x08, 0x60, 0x00,
    0x40, 0x08, 0x80, 0x08, 0x80, 0x08, 0x60, 0x08, 0x60, 0x08, 0x40, 0x08,
    0x60, 0x08, 0x80, 0x08, 0x80, 0x08, 0x80, 0x08, 0x60, 0x08, 0x60, 0x08,
    0x80, 0x08, 0x80, 0x08, 0x60, 0x08, 0x40, 0x00, 0x40, 0x00, 0x40, 0x08,
    0x80, 0x08, 0x80, 0x08, 0x60, 0x08, 0x60, 0x00, 0xa1, 0x08, 0x81, 0x08,
    0x81, 0x08, 0xa1, 0x08, 0x81, 0x08, 0x81, 0x08, 0xa1, 0x08, 0x81, 0x08,
    0xa1, 0x08, 0x60, 0x08, 0x81, 0x08, 0x81, 0x08, 0xa1, 0x08, 0x81, 0x08,
    0xa1, 0x08, 0x81, 0x08, 0x81, 0x08, 0xa1, 0x08, 0xa1, 0x08, 0x81, 0x08,
    0x60, 0x08, 0xa1, 0x08, 0x81, 0x08, 0x81, 0x08, 0xa1, 0x08, 0x81, 0x08,
    0x81, 0x08, 0xa1, 0x08, 0x81, 0x08, 0xa1, 0x08, 0x00, 0x00, 0x0f, 0x7c,
    0xba, 0xce, 0x00, 0x00, 0x60, 0x08, 0x60, 0x08, 0x60, 0x08, 0x60, 0x08,
    0x60, 0x08, 0x60, 0x08, 0x60, 0x08, 0x60, 0x08, 0x60, 0x08, 0x60, 0x08,
    0x60, 0x08, 0x60, 0x08, 0x60, 0x08, 0x60, 0x08, 0x60, 0x08, 0x60, 0x08,
    0x60, 0x08, 0x60, 0x08, 0x60, 0x08, 0x60, 0x08, 0x60, 0x08, 0x60, 0x08,
    0x60, 0x08, 0x60, 0x08, 0x60, 0x08, 0x60, 0x08, 0x20, 0x00, 0x69, 0x4a,
    0x00, 0x00, 0xc6, 0x31, 0x92, 0x84, 0x07, 0x3a, 0xae, 0x6b, 0x89, 0x42,
    0x07, 0x3a, 0xe6, 0x39, 0x69, 0x42, 0x8d, 0x63, 0xe7, 0x31, 0xcb, 0x4a,
    0x48, 0x42, 0xeb, 0x52, 0xc2, 0x10, 0x40, 0x08, 0x60, 0x08, 0x60, 0x08,
    0x60, 0x08, 0x60, 0x08, 0x60, 0x08, 0x40, 0x08, 0x64, 0x29, 0xe2, 0x18,
    0x02, 0x19, 0x81, 0x10, 0x60, 0x08, 0x60, 0x08, 0x60, 0x08, 0x60, 0x08,
    0x60, 0x08, 0x60, 0x08, 0x60, 0x08, 0x60, 0x08, 0x60, 0x08, 0x60, 0x08,
    0x60, 0x08, 0x60, 0x08, 0x60, 0x08, 0x60, 0x08, 0x60, 0x08, 0x60, 0x08,
    0x80, 0x08, 0xcf, 0x73, 0xe7, 0x39, 0x0b, 0x53, 0x4c, 0x63, 0x23, 0x21,
    0xe6, 0x39, 0xe2, 0x18, 0x10, 0x74, 0x23, 0x21, 0x69, 0x4a, 0x69, 0x42,
    0x8e, 0x6b, 0xa5, 0x31, 0xa6, 0x31, 0xae, 0x6b, 0x08, 0x3a, 0xe2, 0x18,
    0x48, 0x42, 0xc6, 0x31, 0x85, 0x29, 0x6d, 0x63, 0xc7, 0x31, 0xe7, 0x39,
    0xc6, 0x31, 0x89, 0x42, 0xcf, 0x73, 0x07, 0x3a, 0x8a, 0x4a, 0xe3, 0x18,
    0xca, 0x52, 0x8e, 0x6b, 0x69, 0x42, 0x20, 0x00, 0x60, 0x08, 0x60, 0x08,
    0x60, 0x08, 0x40, 0x00, 0xc6, 0x39, 0x05, 0x21, 0xc4, 0x18, 0x8e, 0x73,
    0x10, 0x84, 0xcf, 0x7b, 0xa9, 0x52, 0x00, 0x00, 0xdb, 0xce, 0x0f, 0x74,
    0x00, 0x00, 0x60, 0x08, 0x60, 0x08, 0x60, 0x08, 0x60, 0x08, 0x60, 0x08,
    0x60, 0x08, 0x60, 0x08, 0x60, 0x08, 0x60, 0x08, 0x60, 0x08, 0x60, 0x08,
    0x60, 0x08, 0x60, 0x08, 0x60, 0x08, 0x60, 0x08, 0x60, 0x08, 0x60, 0x08,
    0x60, 0x08, 0x60, 0x08, 0x60, 0x08, 0x60, 0x08, 0x60, 0x08, 0x60, 0x08,
    0x60, 0x08, 0x60, 0x08, 0x60, 0x08, 0x60, 0x08, 0x60, 0x08, 0x60, 0x08,
    0x60, 0x08, 0x60, 0x08, 0x60, 0x08, 0x60, 0x08, 0x60, 0x08, 0x60, 0x08,
    0x60, 0x08, 0x60, 0x08, 0x60, 0x08, 0x60, 0x08, 0x60, 0x08, 0x60, 0x08,
    0x60, 0x08, 0x60, 0x08, 0x60, 0x08, 0x60, 0x08, 0x60, 0x08, 0x60, 0x08,
    0x60, 0x08, 0x60, 0x08, 0x60, 0x08, 0x60, 0x08, 0x60, 0x08, 0x60, 0x08,
    0x60, 0x08, 0x60, 0x08, 0x60, 0x08, 0x60, 0x08, 0x60, 0x08, 0x60, 0x08,
    0x60, 0x08, 0x60, 0x08, 0x60, 0x08, 0x60, 0x08, 0x60, 0x08, 0x60, 0x08,
    0x81, 0x08, 0x48, 0x4a, 0x07, 0x42, 0x0a, 0x5b, 0xea, 0x5a, 0xcd, 0x73,
    0xa5, 0x31, 0x27, 0x42, 0x27, 0x42, 0x48, 0x4a, 0xc2, 0x18, 0xa5, 0x31,
    0x27, 0x42, 0x27, 0x42, 0xe6, 0x39, 0xee, 0x7b, 0xce, 0x7b, 0x2b, 0x63,
    0x07, 0x42, 0x27, 0x42, 0xc6, 0x39, 0x03, 0x19, 0x30, 0x7c, 0xef, 0x73,
    0xef, 0x73, 0xef, 0x73, 0xef, 0x73, 0xef, 0x73, 0xef, 0x73, 0xef, 0x73,
    0x30, 0x7c, 0xc2, 0x10, 0x8e, 0x63, 0xef, 0x73, 0xef, 0x73, 0xef, 0x73,
    0xef, 0x73, 0xef, 0x73, 0xef, 0x73, 0xef, 0x73, 0x10, 0x74, 0xcb, 0x4a,
    0x65, 0x29, 0x30, 0x7c, 0xef, 0x73, 0xef, 0x73, 0xef, 0x73, 0xef, 0x73,
    0xef, 0x73, 0xef, 0x73, 0xef, 0x73, 0x31, 0x7c, 0x20, 0x00, 0x0f, 0x7c,
    0xba, 0xce, 0x00, 0x00, 0x40, 0x00, 0x40, 0x08, 0x40, 0x00, 0x40, 0x00,
    0x40, 0x08, 0x40, 0x00, 0x40, 0x00, 0x40, 0x00, 0x40, 0x00, 0x40, 0x00,
    0x40, 0x00, 0x40, 0x00, 0x40, 0x00, 0x40, 0x00, 0x40, 0x00, 0x40, 0x00,
    0x40, 0x00, 0x40, 0x00, 0x40, 0x00, 0x40, 0x08, 0x40, 0x00, 0x40, 0x00,
    0x40, 0x08, 0x40, 0x00, 0x40, 0x00, 0x40, 0x08, 0x40, 0x00, 0x00, 0x00,
    0x40, 0x00, 0x00, 0x00, 0x00, 0x00, 0x00, 0x00, 0x00, 0x00, 0x00, 0x00,
    0x00, 0x00, 0x00, 0x00, 0x00, 0x00, 0x00, 0x00, 0x00, 0x00, 0x00, 0x00,
    0x00, 0x00, 0x00, 0x00, 0x20, 0x00, 0x40, 0x00, 0x40, 0x00, 0x40, 0x00,
    0x40, 0x00, 0x40, 0x00, 0x40, 0x00, 0x20, 0x00, 0x44, 0x29, 0xc2, 0x18,
    0xe2, 0x18, 0x40, 0x00, 0x40, 0x00, 0x40, 0x00, 0x40, 0x00, 0x40, 0x00,
    0x40, 0x08, 0x40, 0x00, 0x40, 0x00, 0x40, 0x08, 0x40, 0x00, 0x40, 0x00,
    0x40, 0x08, 0x40, 0x00, 0x40, 0x00, 0x40, 0x00, 0x40, 0x00, 0x40, 0x00,
    0x20, 0x00, 0x00, 0x00, 0x00, 0x00, 0x00, 0x00, 0x00, 0x00, 0xa6, 0x29,
    0xa1, 0x10, 0x00, 0x00, 0x00, 0x00, 0x20, 0x00, 0x00, 0x00, 0x00, 0x00,
    0x00, 0x00, 0xe2, 0x10, 0x65, 0x21, 0x00, 0x00, 0x00, 0x00, 0x20, 0x00,
    0x00, 0x00, 0x44, 0x21, 0x03, 0x19, 0x00, 0x00, 0x00, 0x00, 0x00, 0x00,
    0x20, 0x00, 0x00, 0x00, 0x00, 0x00, 0x00, 0x00, 0x00, 0x00, 0x20, 0x00,
    0x00, 0x00, 0x00, 0x00, 0x00, 0x00, 0x40, 0x00, 0x40, 0x08, 0x40, 0x00,
    0x40, 0x08, 0x00, 0x00, 0xc5, 0x31, 0xc8, 0x39, 0x86, 0x31, 0xae, 0x73,
    0x10, 0x84, 0xcf, 0x7b, 0x47, 0x4a, 0x03, 0x21, 0xdb, 0xce, 0xef, 0x73,
    0x00, 0x00, 0x60, 0x08, 0x60, 0x08, 0x60, 0x08, 0x60, 0x08, 0x60, 0x08,
    0x60, 0x08, 0x60, 0x08, 0x60, 0x08, 0x60, 0x08, 0x60, 0x08, 0x60, 0x08,
    0x60, 0x08, 0x60, 0x08, 0x60, 0x08, 0x60, 0x08, 0x60, 0x08, 0x60, 0x08,
    0x60, 0x08, 0x60, 0x08, 0x60, 0x08, 0x60, 0x08, 0x60, 0x08, 0x60, 0x08,
    0x60, 0x08, 0x60, 0x08, 0x60, 0x08, 0x60, 0x08, 0x60, 0x08, 0x60, 0x08,
    0x60, 0x08, 0x60, 0x08, 0x60, 0x08, 0x60, 0x08, 0x60, 0x08, 0x60, 0x08,
    0x60, 0x08, 0x60, 0x08, 0x60, 0x08, 0x60, 0x08, 0x60, 0x08, 0x60, 0x08,
    0x60, 0x08, 0x60, 0x08, 0x60, 0x08, 0x60, 0x08, 0x60, 0x08, 0x60, 0x08,
    0x60, 0x08, 0x60, 0x08, 0x60, 0x08, 0x60, 0x08, 0x60, 0x08, 0x60, 0x08,
    0x60, 0x08, 0x60, 0x08, 0x60, 0x08, 0x60, 0x08, 0x60, 0x08, 0x60, 0x08,
    0x60, 0x08, 0x60, 0x08, 0x60, 0x08, 0x60, 0x08, 0x60, 0x08, 0x60, 0x08,
    0x80, 0x08, 0xc6, 0x39, 0x64, 0x29, 0xce, 0x7b, 0xd5, 0xb5, 0x13, 0xa5,
    0xf2, 0x9c, 0xa5, 0x31, 0x85, 0x31, 0xc5, 0x31, 0xa1, 0x10, 0x64, 0x29,
    0xa5, 0x31, 0x64, 0x29, 0xad, 0x73, 0xb5, 0xb5, 0x94, 0xad, 0x94, 0xad,
    0x0a, 0x63, 0x84, 0x29, 0x64, 0x29, 0x03, 0x19, 0x8e, 0x6b, 0x4c, 0x5b,
    0x4d, 0x5b, 0x4d, 0x5b, 0x4d, 0x63, 0x4d, 0x5b, 0x4d, 0x5b, 0x4d, 0x5b,
    0x6d, 0x63, 0xa2, 0x08, 0x2c, 0x53, 0x6d, 0x63, 0x4d, 0x5b, 0x4d, 0x5b,
    0x4d, 0x5b, 0x4d, 0x5b, 0x2c, 0x5b, 0x4d, 0x5b, 0x6d, 0x63, 0x69, 0x42,
    0x44, 0x21, 0x8e, 0x63, 0x4d, 0x5b, 0x4d, 0x5b, 0x4c, 0x5b, 0x2c, 0x5b,
    0x4d, 0x5b, 0x4d, 0x5b, 0x4d, 0x5b, 0xae, 0x6b, 0x00, 0x00, 0x0f, 0x74,
    0xbb, 0xce, 0x44, 0x29, 0xc6, 0x39, 0xc6, 0x39, 0xc6, 0x39, 0xc6, 0x39,
    0xc5, 0x39, 0xc6, 0x39, 0xc6, 0x39, 0xc6, 0x39, 0xc6, 0x39, 0xc6, 0x39,
    0xc6, 0x39, 0xc6, 0x39, 0xc6, 0x39, 0xc6, 0x39, 0xc6, 0x39, 0xc6, 0x39,
    0xc6, 0x39, 0xc6, 0x39, 0xc6, 0x39, 0xc6, 0x39, 0xc6, 0x39, 0xc6, 0x39,
    0xc6, 0x39, 0xc6, 0x39, 0xc6, 0x39, 0xc5, 0x39, 0xc6, 0x39, 0xc6, 0x39,
    0xc5, 0x31, 0xa5, 0x31, 0xa5, 0x31, 0xa5, 0x31, 0xa5, 0x31, 0xa5, 0x31,
    0xc5, 0x31, 0xc5, 0x31, 0xc6, 0x39, 0xa5, 0x31, 0xa5, 0x31, 0xc6, 0x39,
    0xc6, 0x39, 0xc5, 0x31, 0xc6, 0x39, 0xa5, 0x31, 0xc6, 0x39, 0xc6, 0x39,
    0xc6, 0x39, 0xc6, 0x39, 0xe6, 0x39, 0x64, 0x29, 0x84, 0x29, 0xc5, 0x31,
    0xa5, 0x31, 0xc5, 0x39, 0xc6, 0x39, 0xc6, 0x39, 0xc5, 0x39, 0xc6, 0x39,
    0xc6, 0x39, 0xc5, 0x39, 0xc6, 0x39, 0xc6, 0x39, 0xc5, 0x39, 0xc6, 0x39,
    0xc5, 0x39, 0xc6, 0x39, 0xc5, 0x39, 0xc5, 0x39, 0xc6, 0x39, 0xc5, 0x39,
    0xc6, 0x39, 0xc6, 0x39, 0xc5, 0x39, 0xc6, 0x39, 0xc6, 0x39, 0xa5, 0x31,
    0xc5, 0x31, 0xc5, 0x39, 0xc5, 0x31, 0xa5, 0x31, 0xc6, 0x39, 0xc5, 0x31,
    0xa5, 0x31, 0xa5, 0x31, 0xa5, 0x31, 0xa5, 0x31, 0xc6, 0x39, 0xc5, 0x31,
    0xa5, 0x31, 0xa5, 0x31, 0x84, 0x31, 0xa5, 0x31, 0xc6, 0x31, 0xc6, 0x39,
    0xc5, 0x31, 0xa5, 0x31, 0xa5, 0x31, 0xa5, 0x31, 0xc5, 0x39, 0xc6, 0x39,
    0xc5, 0x31, 0xc6, 0x31, 0xa5, 0x31, 0xc6, 0x39, 0xc6, 0x39, 0xc6, 0x39,
    0xc6, 0x39, 0xc5, 0x31, 0x07, 0x42, 0xd0, 0x73, 0xd0, 0x7b, 0x0c, 0x63,
    0x10, 0x84, 0xcf, 0x7b, 0x88, 0x4a, 0x00, 0x00, 0xba, 0xce, 0x0f, 0x7c,
    0x00, 0x00, 0x60, 0x08, 0x60, 0x08, 0x60, 0x08, 0x60, 0x08, 0x60, 0x08,
    0x60, 0x08, 0x60, 0x08, 0x60, 0x08, 0x60, 0x08, 0x60, 0x08, 0x60, 0x08,
    0x60, 0x08, 0x60, 0x08, 0x60, 0x08, 0x60, 0x08, 0x60, 0x08, 0x60, 0x08,
    0x60, 0x08, 0x60, 0x08, 0x60, 0x08, 0x60, 0x08, 0x60, 0x08, 0x60, 0x08,
    0x60, 0x08, 0x60, 0x08, 0x60, 0x08, 0x60, 0x08, 0x60, 0x08, 0x60, 0x08,
    0x60, 0x08, 0x60, 0x08, 0x60, 0x08, 0x60, 0x08, 0x60, 0x08, 0x60, 0x08,
    0x60, 0x08, 0x60, 0x08, 0x60, 0x08, 0x60, 0x08, 0x60, 0x08, 0x60, 0x08,
    0x60, 0x08, 0x60, 0x08, 0x60, 0x08, 0x60, 0x08, 0x60, 0x08, 0x60, 0x08,
    0x60, 0x08, 0x60, 0x08, 0x60, 0x08, 0x60, 0x08, 0x60, 0x08, 0x60, 0x08,
    0x60, 0x08, 0x60, 0x08, 0x60, 0x08, 0x60, 0x08, 0x60, 0x08, 0x60, 0x08,
    0x60, 0x08, 0x60, 0x08, 0x60, 0x08, 0x60, 0x08, 0x60, 0x08, 0x60, 0x08,
    0x81, 0x08, 0x85, 0x31, 0x23, 0x21, 0xad, 0x73, 0x74, 0xad, 0xd1, 0x94,
    0xd2, 0x9c, 0xea, 0x5a, 0x43, 0x21, 0x85, 0x29, 0xa1, 0x10, 0x44, 0x29,
    0x64, 0x29, 0x03, 0x21, 0x90, 0x8c, 0xf2, 0x9c, 0x12, 0xa5, 0x33, 0xa5,
    0xca, 0x52, 0x43, 0x21, 0x43, 0x29, 0x03, 0x19, 0x0c, 0x5b, 0x31, 0x74,
    0xeb, 0x52, 0xeb, 0x52, 0xcb, 0x4a, 0xeb, 0x52, 0xeb, 0x52, 0xeb, 0x4a,
    0xb2, 0x8c, 0x81, 0x08, 0xeb, 0x52, 0x0c, 0x5b, 0xae, 0x6b, 0xcb, 0x4a,
    0xeb, 0x52, 0xaa, 0x4a, 0x31, 0x74, 0x0c, 0x5b, 0x0b, 0x53, 0x49, 0x3a,
    0x64, 0x21, 0x4d, 0x5b, 0x0c, 0x5b, 0x0b, 0x53, 0xaf, 0x6b, 0xcf, 0x6b,
    0x4c, 0x63, 0x0c, 0x53, 0x2c, 0x5b, 0x6d, 0x63, 0x00, 0x00, 0x0f, 0x7c,
    0x9a, 0xc6, 0x00, 0x00, 0x00, 0x00, 0x00, 0x00, 0x00, 0x00, 0x00, 0x00,
    0x00, 0x00, 0x00, 0x00, 0x00, 0x00, 0x00, 0x00, 0x00, 0x00, 0x00, 0x00,
    0x00, 0x00, 0x00, 0x00, 0x00, 0x00, 0x00, 0x00, 0x00, 0x00, 0x00, 0x00,
    0x00, 0x00, 0x00, 0x00, 0x00, 0x00, 0x00, 0x00, 0x00, 0x00, 0x00, 0x00,
    0x00, 0x00, 0x00, 0x00, 0x00, 0x00, 0x00, 0x00, 0x00, 0x00, 0x00, 0x00,
    0x40, 0x08, 0x64, 0x29, 0x64, 0x29, 0xe2, 0x18, 0x64, 0x29, 0x24, 0x21,
    0x60, 0x08, 0xe2, 0x18, 0x00, 0x00, 0x03, 0x19, 0x03, 0x19, 0x00, 0x00,
    0x00, 0x00, 0xe2, 0x18, 0x00, 0x00, 0x23, 0x21, 0x00, 0x00, 0x00, 0x00,
    0x00, 0x00, 0x00, 0x00, 0x00, 0x00, 0x00, 0x00, 0xe2, 0x18, 0x00, 0x00,
    0x20, 0x00, 0x00, 0x00, 0x00, 0x00, 0x00, 0x00, 0x00, 0x00, 0x00, 0x00,
    0x00, 0x00, 0x00, 0x00, 0x00, 0x00, 0x00, 0x00, 0x00, 0x00, 0x00, 0x00,
    0x00, 0x00, 0x00, 0x00, 0x00, 0x00, 0x00, 0x00, 0x00, 0x00, 0x00, 0x00,
    0x00, 0x00, 0x00, 0x00, 0x00, 0x00, 0x00, 0x00, 0x00, 0x00, 0x00, 0x00,
    0x00, 0x00, 0xa1, 0x10, 0x81, 0x08, 0x85, 0x29, 0x00, 0x00, 0x81, 0x10,
    0x81, 0x10, 0xc2, 0x10, 0x20, 0x00, 0x85, 0x29, 0x00, 0x00, 0x81, 0x08,
    0x85, 0x29, 0x80, 0x08, 0x64, 0x29, 0x44, 0x21, 0x00, 0x00, 0x00, 0x00,
    0xe2, 0x18, 0xa1, 0x10, 0xc2, 0x10, 0xa5, 0x31, 0x00, 0x00, 0x00, 0x00,
    0xe2, 0x18, 0x00, 0x00, 0xa1, 0x10, 0x00, 0x00, 0x00, 0x00, 0x00, 0x00,
    0x00, 0x00, 0x00, 0x00, 0x85, 0x31, 0x42, 0x08, 0x83, 0x10, 0x4d, 0x6b,
    0x10, 0x84, 0xaf, 0x73, 0x0f, 0x84, 0x70, 0x8c, 0xdb, 0xce, 0xef, 0x73,
    0x00, 0x00, 0x60, 0x08, 0x60, 0x08, 0x60, 0x08, 0x60, 0x08, 0x60, 0x08,
    0x60, 0x08, 0x60, 0x08, 0x60, 0x08, 0x60, 0x08, 0x60, 0x08, 0x60, 0x08,
    0x60, 0x08, 0x60, 0x08, 0x60, 0x08, 0x60, 0x08, 0x60, 0x08, 0x60, 0x08,
    0x60, 0x08, 0x60, 0x08, 0x60, 0x08, 0x60, 0x08, 0x60, 0x08, 0x60, 0x08,
    0x60, 0x08, 0x60, 0x08, 0x60, 0x08, 0x60, 0x08, 0x60, 0x08, 0x60, 0x08,
    0x60, 0x08, 0x60, 0x08, 0x60, 0x08, 0x60, 0x08, 0x60, 0x08, 0x60, 0x08,
    0x60, 0x08, 0x60, 0x08, 0x60, 0x08, 0x60, 0x08, 0x60, 0x08, 0x60, 0x08,
    0x60, 0x08, 0x60, 0x08, 0x60, 0x08, 0x60, 0x08, 0x60, 0x08, 0x60, 0x08,
    0x60, 0x08, 0x60, 0x08, 0x60, 0x08, 0x60, 0x08, 0x60, 0x08, 0x60, 0x08,
    0x60, 0x08, 0x60, 0x08, 0x60, 0x08, 0x60, 0x08, 0x60, 0x08, 0x60, 0x08,
    0x60, 0x08, 0x60, 0x08, 0x60, 0x08, 0x60, 0x08, 0x60, 0x08, 0x60, 0x08,
    0x81, 0x10, 0x43, 0x21, 0xe2, 0x18, 0x4c, 0x6b, 0xf2, 0x9c, 0x33, 0xa5,
    0xcd, 0x73, 0xb1, 0x94, 0xc2, 0x18, 0x43, 0x29, 0x81, 0x10, 0x23, 0x21,
    0x23, 0x21, 0x23, 0x21, 0x54, 0xad, 0xb1, 0x94, 0xf2, 0x9c, 0x13, 0x9d,
    0xa9, 0x52, 0x03, 0x21, 0x03, 0x19, 0xe2, 0x18, 0x52, 0x6c, 0x33, 0xad,
    0x93, 0x7c, 0xb2, 0x84, 0xb5, 0xad, 0x52, 0x84, 0xf3, 0x8c, 0xd4, 0x8c,
    0xb5, 0xb5, 0x61, 0x00, 0xcb, 0x52, 0x6a, 0x42, 0xff, 0xef, 0x0f, 0x74,
    0x34, 0x9d, 0x34, 0x95, 0x59, 0xb6, 0x92, 0x8c, 0x92, 0x8c, 0x08, 0x3a,
    0x44, 0x21, 0x2c, 0x5b, 0x0b, 0x53, 0xcc, 0x4a, 0xb7, 0xad, 0xfc, 0xc6,
    0x53, 0xad, 0xca, 0x4a, 0xec, 0x52, 0x4d, 0x5b, 0x00, 0x00, 0xef, 0x73,
    0xda, 0xce, 0x70, 0x8c, 0xb1, 0x94, 0xb1, 0x94, 0xb1, 0x94, 0xb1, 0x94,
    0xb1, 0x94, 0xb1, 0x94, 0xb1, 0x94, 0xb1, 0x94, 0xb1, 0x94, 0xb1, 0x94,
    0xb1, 0x94, 0xb1, 0x94, 0xb1, 0x94, 0xb1, 0x94, 0xb1, 0x94, 0xb1, 0x94,
    0xb1, 0x94, 0xb1, 0x94, 0xb1, 0x94, 0xb1, 0x94, 0xb1, 0x94, 0xb1, 0x94,
    0xb1, 0x94, 0xb1, 0x94, 0xb1, 0x94, 0xb1, 0x94, 0xb1, 0x94, 0xb1, 0x94,
    0xd2, 0x94, 0x34, 0xa5, 0x34, 0xa5, 0x13, 0x9d, 0x34, 0xa5, 0x34, 0x9d,
    0xd2, 0x94, 0x13, 0x9d, 0xb2, 0x94, 0x13, 0x9d, 0x13, 0x9d, 0xd1, 0x94,
    0xb1, 0x94, 0x13, 0x9d, 0xb1, 0x94, 0x34, 0x9d, 0xb1, 0x94, 0xb1, 0x94,
    0xb1, 0x94, 0xb1, 0x94, 0xb1, 0x94, 0xb1, 0x94, 0xb1, 0x94, 0xb1, 0x94,
    0xb1, 0x94, 0xb1, 0x94, 0xb1, 0x94, 0xb1, 0x94, 0xb1, 0x94, 0xb1, 0x94,
    0xb1, 0x94, 0xb1, 0x94, 0xb1, 0x94, 0xb1, 0x94, 0xb1, 0x94, 0xb1, 0x94,
    0xb1, 0x94, 0xb1, 0x94, 0xb1, 0x94, 0xb1, 0x94, 0xb1, 0x94, 0xb1, 0x94,
    0xb1, 0x94, 0xb1, 0x94, 0xb1, 0x94, 0xb1, 0x94, 0xb1, 0x94, 0xd2, 0x94,
    0xf2, 0x9c, 0x34, 0xa5, 0x14, 0x9d, 0x75, 0xad, 0x91, 0x94, 0xf2, 0x9c,
    0xf3, 0x9c, 0x13, 0x9d, 0xd2, 0x94, 0x34, 0xa5, 0x91, 0x94, 0xf2, 0x9c,
    0x54, 0xa5, 0xf2, 0x9c, 0x34, 0xa5, 0x34, 0x9d, 0xb1, 0x94, 0xb1, 0x94,
    0x13, 0x9d, 0xf3, 0x9c, 0x13, 0x9d, 0x54, 0xa5, 0xb2, 0x94, 0xb1, 0x94,
    0x13, 0x9d, 0xd2, 0x94, 0x13, 0x9d, 0xb1, 0x94, 0xb1, 0x94, 0xb1, 0x94,
    0xb1, 0x94, 0xb1, 0x94, 0xb1, 0x94, 0xd2, 0x9c, 0xd1, 0x94, 0x13, 0xa5,
    0x10, 0x84, 0xcf, 0x7b, 0x64, 0x29, 0x23, 0x21, 0xba, 0xce, 0xef, 0x73,
    0x00, 0x00, 0x60, 0x08, 0x60, 0x08, 0x60, 0x08, 0x60, 0x08, 0x60, 0x08,
    0x60, 0x08, 0x60, 0x08, 0x60, 0x08, 0x60, 0x08, 0x60, 0x08, 0x60, 0x08,
    0x60, 0x08, 0x60, 0x08, 0x60, 0x08, 0x60, 0x08, 0x60, 0x08, 0x60, 0x08,
    0x60, 0x08, 0x60, 0x08, 0x60, 0x08, 0x60, 0x08, 0x60, 0x08, 0x60, 0x08,
    0x60, 0x08, 0x60, 0x08, 0x60, 0x08, 0x60, 0x08, 0x60, 0x08, 0x60, 0x08,
    0x60, 0x08, 0x60, 0x08, 0x60, 0x08, 0x60, 0x08, 0x60, 0x08, 0x60, 0x08,
    0x60, 0x08, 0x60, 0x08, 0x60, 0x08, 0x60, 0x08, 0x60, 0x08, 0x60, 0x08,
    0x60, 0x08, 0x60, 0x08, 0x60, 0x08, 0x60, 0x08, 0x60, 0x08, 0x60, 0x08,
    0x60, 0x08, 0x60, 0x08, 0x60, 0x08, 0x60, 0x08, 0x60, 0x08, 0x60, 0x08,
    0x60, 0x08, 0x60, 0x08, 0x60, 0x08, 0x60, 0x08, 0x60, 0x08, 0x60, 0x08,
    0x60, 0x08, 0x60, 0x08, 0x60, 0x08, 0x60, 0x08, 0x60, 0x08, 0x60, 0x08,
    0xa1, 0x10, 0x23, 0x21, 0xe2, 0x18, 0xe6, 0x39, 0x94, 0xad, 0x8d, 0x6b,
    0x6c, 0x6b, 0x54, 0xad, 0xa1, 0x10, 0x03, 0x21, 0x81, 0x10, 0x23, 0x21,
    0x02, 0x19, 0x03, 0x21, 0x53, 0xad, 0xca, 0x5a, 0xce, 0x73, 0x94, 0xb5,
    0x06, 0x42, 0xe2, 0x18, 0xe2, 0x18, 0xe2, 0x18, 0x52, 0x6c, 0x8c, 0x73,
    0xd4, 0x8c, 0xda, 0xc6, 0x37, 0xbe, 0x75, 0xad, 0x56, 0x95, 0xf4, 0x8c,
    0x54, 0xb5, 0x41, 0x00, 0x69, 0x42, 0x4e, 0x53, 0x18, 0xae, 0x79, 0xc6,
    0x76, 0xa5, 0xd2, 0x9c, 0x7d, 0xdf, 0xf9, 0xb5, 0x2f, 0x84, 0xa6, 0x29,
    0x44, 0x21, 0xaa, 0x4a, 0x69, 0x42, 0x6a, 0x3a, 0xf3, 0x94, 0xdb, 0xc6,
    0x57, 0xce, 0x08, 0x3a, 0x89, 0x42, 0xaa, 0x4a, 0x20, 0x00, 0x0f, 0x7c,
    0xba, 0xce, 0x23, 0x21, 0x85, 0x31, 0x85, 0x31, 0xa5, 0x31, 0xa5, 0x31,
    0x85, 0x31, 0xa5, 0x31, 0xa5, 0x31, 0x85, 0x31, 0xa5, 0x31, 0xa5, 0x31,
    0xa5, 0x31, 0xa5, 0x31, 0xa5, 0x31, 0xa5, 0x31, 0xa5, 0x31, 0xa5, 0x31,
    0xa5, 0x31, 0xa5, 0x31, 0xa5, 0x31, 0xa5, 0x31, 0xa5, 0x31, 0xa5, 0x31,
    0xa5, 0x31, 0xa5, 0x31, 0xa5, 0x31, 0xa5, 0x31, 0xa5, 0x31, 0x85, 0x31,
    0x85, 0x29, 0x85, 0x29, 0x85, 0x29, 0x85, 0x31, 0x85, 0x29, 0x85, 0x31,
    0x85, 0x31, 0x85, 0x31, 0xa5, 0x31, 0x85, 0x31, 0x85, 0x31, 0xa5, 0x31,
    0x85, 0x31, 0x85, 0x31, 0x85, 0x31, 0x85, 0x29, 0x85, 0x31, 0xa5, 0x31,
    0xa5, 0x31, 0x85, 0x31, 0xa5, 0x31, 0xa5, 0x31, 0x85, 0x31, 0xa5, 0x31,
    0xa5, 0x31, 0x85, 0x31, 0xa5, 0x31, 0xa5, 0x31, 0x85, 0x31, 0xa5, 0x31,
    0xa5, 0x31, 0x85, 0x31, 0xa5, 0x31, 0xa5, 0x31, 0xa5, 0x31, 0x85, 0x29,
    0x85, 0x29, 0x85, 0x31, 0xa5, 0x31, 0x23, 0x21, 0xa5, 0x31, 0xa5, 0x31,
    0xa5, 0x31, 0x23, 0x21, 0xa5, 0x31, 0x85, 0x29, 0xa5, 0x31, 0x03, 0x21,
    0x00, 0x00, 0x00, 0x00, 0x00, 0x00, 0x00, 0x00, 0xc5, 0x31, 0x85, 0x29,
    0xa5, 0x31, 0x23, 0x21, 0x64, 0x29, 0x85, 0x29, 0xa5, 0x31, 0x64, 0x29,
    0x23, 0x21, 0x85, 0x31, 0x65, 0x29, 0x85, 0x31, 0x23, 0x21, 0x85, 0x31,
    0x85, 0x29, 0x85, 0x31, 0x23, 0x21, 0x85, 0x29, 0x85, 0x31, 0xa5, 0x31,
    0x23, 0x21, 0x85, 0x31, 0x85, 0x29, 0x85, 0x31, 0x23, 0x21, 0xa5, 0x31,
    0x85, 0x29, 0x85, 0x31, 0x23, 0x21, 0xa5, 0x31, 0x85, 0x29, 0x85, 0x31,
    0x10, 0x84, 0xaf, 0x7b, 0xed, 0x7b, 0xed, 0x83, 0xdb, 0xce, 0xef, 0x73,
    0x00, 0x00, 0x60, 0x08, 0x60, 0x08, 0x60, 0x08, 0x60, 0x08, 0x60, 0x08,
    0x60, 0x08, 0x60, 0x08, 0x60, 0x08, 0x60, 0x08, 0x60, 0x08, 0x60, 0x08,
    0x60, 0x08, 0x60, 0x08, 0x60, 0x08, 0x60, 0x08, 0x60, 0x08, 0x60, 0x08,
    0x60, 0x08, 0x60, 0x08, 0x60, 0x08, 0x60, 0x08, 0x60, 0x08, 0x60, 0x08,
    0x60, 0x08, 0x60, 0x08, 0x60, 0x08, 0x60, 0x08, 0x60, 0x08, 0x60, 0x08,
    0x60, 0x08, 0x60, 0x08, 0x60, 0x08, 0x60, 0x08, 0x60, 0x08, 0x60, 0x08,
    0x60, 0x08, 0x60, 0x08, 0x60, 0x08, 0x60, 0x08, 0x60, 0x08, 0x60, 0x08,
    0x60, 0x08, 0x60, 0x08, 0x60, 0x08, 0x60, 0x08, 0x60, 0x08, 0x60, 0x08,
    0x60, 0x08, 0x60, 0x08, 0x60, 0x08, 0x60, 0x08, 0x60, 0x08, 0x60, 0x08,
    0x60, 0x08, 0x60, 0x08, 0x60, 0x08, 0x60, 0x08, 0x60, 0x08, 0x60, 0x08,
    0x60, 0x08, 0x60, 0x08, 0x60, 0x08, 0x60, 0x08, 0x60, 0x08, 0x60, 0x08,
    0xa1, 0x10, 0xe2, 0x18, 0xe2, 0x18, 0xc1, 0x10, 0x60, 0x08, 0x81, 0x10,
    0x53, 0xa5, 0x33, 0xa5, 0x60, 0x08, 0xe2, 0x18, 0x80, 0x08, 0x02, 0x19,
    0xc2, 0x18, 0xe2, 0x18, 0x12, 0x9d, 0x0f, 0x7c, 0x20, 0x00, 0x60, 0x08,
    0xc1, 0x10, 0xe2, 0x18, 0xc1, 0x18, 0x03, 0x19, 0x8a, 0x42, 0xfb, 0xd6,
    0xcf, 0x6b, 0xae, 0x6b, 0x6d, 0x63, 0x4d, 0x5b, 0x6d, 0x63, 0xef, 0x73,
    0x2c, 0x63, 0x61, 0x00, 0x08, 0x32, 0xcf, 0x6b, 0x30, 0x7c, 0xfc, 0xce,
    0x6e, 0x73, 0x18, 0xbe, 0xec, 0x52, 0x96, 0xa5, 0x06, 0x3a, 0x66, 0x21,
    0x45, 0x19, 0x08, 0x32, 0x07, 0x32, 0xa6, 0x29, 0x39, 0xbe, 0x72, 0x84,
    0x8d, 0x63, 0xc7, 0x31, 0x07, 0x32, 0x28, 0x3a, 0x00, 0x00, 0xef, 0x73,
    0xba, 0xce, 0xcd, 0x7b, 0x0f, 0x7c, 0x0f, 0x7c, 0x0e, 0x84, 0x0f, 0x7c,
    0x0f, 0x7c, 0x0e, 0x84, 0x0f, 0x7c, 0x0f, 0x7c, 0x0e, 0x84, 0x0e, 0x7c,
    0x0f, 0x84, 0x0e, 0x7c, 0x0f, 0x7c, 0x0e, 0x84, 0x0f, 0x7c, 0x0e, 0x7c,
    0x0f, 0x84, 0x0e, 0x7c, 0x0f, 0x7c, 0x0e, 0x84, 0x0f, 0x7c, 0x0e, 0x7c,
    0x0f, 0x7c, 0x0e, 0x7c, 0x0f, 0x7c, 0x0f, 0x84, 0x0e, 0x7c, 0x0f, 0x84,
    0x0f, 0x84, 0x0e, 0x84, 0x0e, 0x84, 0x0f, 0x7c, 0x0e, 0x84, 0x0f, 0x84,
    0x0f, 0x7c, 0x0e, 0x84, 0x0f, 0x84, 0x0f, 0x7c, 0x0f, 0x84, 0x0f, 0x84,
    0x0f, 0x7c, 0x0f, 0x7c, 0x0f, 0x84, 0x0e, 0x84, 0x0f, 0x7c, 0x0f, 0x84,
    0x0e, 0x7c, 0x0f, 0x84, 0x0f, 0x84, 0x0f, 0x84, 0x0f, 0x84, 0x0f, 0x84,
    0x0f, 0x84, 0x0f, 0x84, 0x0f, 0x7c, 0x0f, 0x84, 0x0f, 0x7c, 0x0f, 0x7c,
    0x0f, 0x84, 0x0e, 0x7c, 0x0f, 0x7c, 0x0f, 0x84, 0x0e, 0x7c, 0xd2, 0x9c,
    0xb1, 0x94, 0xf2, 0x9c, 0xd2, 0x9c, 0xad, 0x73, 0xb1, 0x94, 0x0f, 0x7c,
    0x70, 0x8c, 0xad, 0x73, 0x90, 0x8c, 0xf2, 0x9c, 0xb1, 0x94, 0x4b, 0x6b,
    0x00, 0x00, 0x60, 0x08, 0x60, 0x08, 0x20, 0x00, 0x12, 0x9d, 0xb1, 0x94,
    0x0f, 0x84, 0x0e, 0x7c, 0x70, 0x8c, 0xb1, 0x94, 0x2f, 0x84, 0x90, 0x94,
    0xee, 0x7b, 0x2f, 0x84, 0xf2, 0x9c, 0x90, 0x8c, 0xad, 0x73, 0xb1, 0x94,
    0xd1, 0x94, 0xd1, 0x9c, 0xad, 0x73, 0xb1, 0x94, 0x90, 0x8c, 0xb1, 0x94,
    0x8d, 0x73, 0xb1, 0x94, 0xb1, 0x94, 0xb1, 0x94, 0x8d, 0x73, 0xd2, 0x9c,
    0xd1, 0x94, 0xb1, 0x94, 0xad, 0x73, 0x91, 0x8c, 0xf2, 0x9c, 0x2f, 0x84,
    0x10, 0x84, 0xae, 0x7b, 0xd0, 0x6b, 0xbc, 0x13, 0xbb, 0xce, 0xef, 0x73,
    0x00, 0x00, 0x60, 0x08, 0x60, 0x08, 0x60, 0x08, 0x60, 0x08, 0x60, 0x08,
    0x60, 0x08, 0x60, 0x08, 0x60, 0x08, 0x60, 0x08, 0x60, 0x08, 0x60, 0x08,
    0x60, 0x08, 0x60, 0x08, 0x60, 0x08, 0x60, 0x08, 0x60, 0x08, 0x60, 0x08,
    0x60, 0x08, 0x60, 0x08, 0x60, 0x08, 0x60, 0x08, 0x60, 0x08, 0x60, 0x08,
    0x60, 0x08, 0x60, 0x08, 0x60, 0x08, 0x60, 0x08, 0x60, 0x08, 0x60, 0x08,
    0x60, 0x08, 0x60, 0x08, 0x60, 0x08, 0x60, 0x08, 0x60, 0x08, 0x60, 0x08,
    0x60, 0x08, 0x60, 0x08, 0x60, 0x08, 0x60, 0x08, 0x60, 0x08, 0x60, 0x08,
    0x60, 0x08, 0x60, 0x08, 0x60, 0x08, 0x60, 0x08, 0x60, 0x08, 0x60, 0x08,
    0x60, 0x08, 0x60, 0x08, 0x60, 0x08, 0x60, 0x08, 0x60, 0x08, 0x60, 0x08,
    0x60, 0x08, 0x60, 0x08, 0x60, 0x08, 0x60, 0x08, 0x60, 0x08, 0x60, 0x08,
    0x60, 0x08, 0x60, 0x08, 0x60, 0x08, 0x60, 0x08, 0x60, 0x08, 0x40, 0x08,
    0xa1, 0x10, 0x02, 0x19, 0xe2, 0x18, 0xe2, 0x18, 0xe2, 0x18, 0x80, 0x08,
    0xb1, 0x94, 0xb5, 0xb5, 0x60, 0x08, 0xe2, 0x18, 0x80, 0x08, 0x03, 0x21,
    0xe2, 0x18, 0xe2, 0x18, 0xd5, 0xb5, 0xd2, 0x9c, 0x80, 0x08, 0xe2, 0x18,
    0xe2, 0x18, 0xe2, 0x18, 0xc2, 0x18, 0x23, 0x19, 0x86, 0x21, 0x24, 0x19,
    0x45, 0x19, 0x45, 0x19, 0x45, 0x21, 0x45, 0x19, 0x45, 0x19, 0x45, 0x19,
    0x85, 0x21, 0x82, 0x00, 0xe7, 0x31, 0x45, 0x21, 0x45, 0x21, 0x08, 0x2a,
    0x45, 0x21, 0x49, 0x3a, 0x04, 0x19, 0x6a, 0x42, 0x65, 0x21, 0x24, 0x19,
    0x44, 0x19, 0x86, 0x21, 0x86, 0x21, 0x65, 0x21, 0x45, 0x19, 0x45, 0x19,
    0x45, 0x19, 0x85, 0x21, 0x86, 0x21, 0x86, 0x29, 0x00, 0x00, 0x0f, 0x74,
    0xdb, 0xce, 0x0e, 0x84, 0x50, 0x8c, 0x50, 0x84, 0x4f, 0x8c, 0x50, 0x8c,
    0x50, 0x84, 0x4f, 0x8c, 0x50, 0x8c, 0x50, 0x84, 0x4f, 0x8c, 0x50, 0x8c,
    0x50, 0x84, 0x50, 0x8c, 0x4f, 0x8c, 0x50, 0x8c, 0x50, 0x8c, 0x4f, 0x84,
    0x50, 0x8c, 0x50, 0x8c, 0x4f, 0x84, 0x50, 0x8c, 0x50, 0x8c, 0x4f, 0x8c,
    0x50, 0x8c, 0x50, 0x8c, 0x4f, 0x8c, 0x50, 0x84, 0x50, 0x8c, 0x6f, 0x84,
    0x50, 0x8c, 0x70, 0x8c, 0x4f, 0x84, 0x50, 0x8c, 0x6f, 0x8c, 0x50, 0x84,
    0x6f, 0x84, 0x50, 0x8c, 0x6f, 0x84, 0x4f, 0x8c, 0x50, 0x84, 0x6f, 0x8c,
    0x4f, 0x8c, 0x70, 0x84, 0x4f, 0x8c, 0x50, 0x8c, 0x70, 0x84, 0x4f, 0x8c,
    0x50, 0x8c, 0x4f, 0x84, 0x4f, 0x84, 0x50, 0x84, 0x4f, 0x84, 0x50, 0x8c,
    0x50, 0x84, 0x6f, 0x84, 0x50, 0x8c, 0x4f, 0x8c, 0x4f, 0x8c, 0x50, 0x84,
    0x4f, 0x8c, 0x50, 0x8c, 0x50, 0x84, 0x4f, 0x8c, 0x4f, 0x84, 0xd1, 0x94,
    0x6c, 0x6b, 0xc2, 0x18, 0xca, 0x52, 0x8c, 0x6b, 0x91, 0x94, 0xa6, 0x31,
    0x2b, 0x63, 0xad, 0x73, 0xeb, 0x5a, 0x03, 0x19, 0x12, 0x9d, 0x2b, 0x63,
    0x00, 0x00, 0x60, 0x08, 0x60, 0x08, 0x20, 0x00, 0xd2, 0x9c, 0x4c, 0x6b,
    0x6c, 0x6b, 0x4c, 0x6b, 0x2f, 0x84, 0xad, 0x73, 0xaa, 0x52, 0xad, 0x73,
    0xee, 0x7b, 0xca, 0x52, 0x24, 0x21, 0xea, 0x5a, 0xad, 0x73, 0x0f, 0x7c,
    0xea, 0x5a, 0xaa, 0x52, 0x8c, 0x73, 0x91, 0x94, 0x90, 0x8c, 0x91, 0x8c,
    0x6c, 0x6b, 0xd1, 0x94, 0x68, 0x4a, 0xd1, 0x94, 0x8d, 0x73, 0x89, 0x4a,
    0xca, 0x52, 0x50, 0x8c, 0xad, 0x73, 0x48, 0x4a, 0xc6, 0x39, 0xea, 0x5a,
    0x10, 0x84, 0xae, 0x7b, 0xd0, 0x63, 0x7f, 0x03, 0xbc, 0xce, 0xef, 0x7b,
    0x00, 0x00, 0x60, 0x08, 0x60, 0x08, 0x60, 0x08, 0x60, 0x08, 0x60, 0x08,
    0x60, 0x08, 0x60, 0x08, 0x60, 0x08, 0x60, 0x08, 0x60, 0x08, 0x60, 0x08,
    0x60, 0x08, 0x60, 0x08, 0x60, 0x08, 0x60, 0x08, 0x60, 0x08, 0x60, 0x08,
    0x60, 0x08, 0x60, 0x08, 0x60, 0x08, 0x60, 0x08, 0x60, 0x08, 0x60, 0x08,
    0x60, 0x08, 0x60, 0x08, 0x60, 0x08, 0x60, 0x08, 0x60, 0x08, 0x60, 0x08,
    0x60, 0x08, 0x60, 0x08, 0x60, 0x08, 0x60, 0x08, 0x60, 0x08, 0x60, 0x08,
    0x60, 0x08, 0x60, 0x08, 0x60, 0x08, 0x60, 0x08, 0x60, 0x08, 0x60, 0x08,
    0x60, 0x08, 0x60, 0x08, 0x60, 0x08, 0x60, 0x08, 0x60, 0x08, 0x60, 0x08,
    0x60, 0x08, 0x60, 0x08, 0x60, 0x08, 0x60, 0x08, 0x60, 0x08, 0x60, 0x08,
    0x60, 0x08, 0x60, 0x08, 0x60, 0x08, 0x60, 0x08, 0x60, 0x08, 0x60, 0x08,
    0x60, 0x08, 0x60, 0x08, 0x60, 0x08, 0x60, 0x08, 0x60, 0x08, 0x60, 0x00,
    0x81, 0x10, 0xc2, 0x18, 0xa1, 0x10, 0xa1, 0x10, 0xa1, 0x10, 0x81, 0x10,
    0x84, 0x29, 0x2b, 0x63, 0x60, 0x08, 0xc1, 0x10, 0x81, 0x10, 0xe2, 0x18,
    0xc1, 0x10, 0x60, 0x08, 0x0a, 0x63, 0x85, 0x31, 0xa1, 0x10, 0xa1, 0x10,
    0xa1, 0x10, 0xc1, 0x10, 0xa1, 0x10, 0x03, 0x19, 0xc3, 0x08, 0xc3, 0x10,
    0xc3, 0x08, 0xc3, 0x08, 0xc3, 0x10, 0xe3, 0x08, 0xc3, 0x10, 0xc3, 0x08,
    0xe3, 0x10, 0x61, 0x08, 0x45, 0x19, 0xc3, 0x08, 0xc3, 0x08, 0xa2, 0x08,
    0xc3, 0x08, 0xc2, 0x08, 0xc3, 0x08, 0xa2, 0x08, 0xc3, 0x08, 0xc2, 0x08,
    0x03, 0x19, 0xc3, 0x08, 0xc3, 0x10, 0xc3, 0x10, 0xc3, 0x08, 0xc3, 0x10,
    0xc3, 0x08, 0xc3, 0x08, 0xc3, 0x10, 0xe3, 0x08, 0x00, 0x00, 0x0f, 0x7c,
    0xba, 0xce, 0x0e, 0x84, 0x50, 0x84, 0x4f, 0x84, 0x4f, 0x8c, 0x50, 0x84,
    0x4f, 0x84, 0x4f, 0x8c, 0x4f, 0x84, 0x50, 0x8c, 0x4f, 0x84, 0x4f, 0x84,
    0x50, 0x8c, 0x4f, 0x84, 0x4f, 0x84, 0x50, 0x84, 0x4f, 0x8c, 0x4f, 0x84,
    0x50, 0x8c, 0x4f, 0x84, 0x4f, 0x8c, 0x50, 0x84, 0x4f, 0x84, 0x4f, 0x8c,
    0x50, 0x84, 0x4f, 0x84, 0x4f, 0x8c, 0x4f, 0x84, 0x50, 0x84, 0x4f, 0x8c,
    0x4f, 0x84, 0x50, 0x84, 0x4f, 0x84, 0x50, 0x8c, 0x4f, 0x84, 0x4f, 0x84,
    0x50, 0x8c, 0x50, 0x8c, 0x4f, 0x84, 0x4f, 0x84, 0x50, 0x8c, 0x4f, 0x84,
    0x4f, 0x84, 0x50, 0x8c, 0x4f, 0x84, 0x4f, 0x84, 0x4f, 0x84, 0x50, 0x8c,
    0x4f, 0x84, 0x50, 0x84, 0x4f, 0x8c, 0x4f, 0x8c, 0x50, 0x84, 0x4f, 0x84,
    0x4f, 0x8c, 0x4f, 0x84, 0x50, 0x84, 0x4f, 0x8c, 0x4f, 0x84, 0x50, 0x84,
    0x4f, 0x8c, 0x4f, 0x84, 0x50, 0x8c, 0x4f, 0x84, 0x4f, 0x84, 0xd2, 0x9c,
    0x0b, 0x5b, 0x00, 0x00, 0x07, 0x42, 0xad, 0x73, 0xb1, 0x94, 0xe7, 0x39,
    0x4c, 0x6b, 0xad, 0x73, 0x4c, 0x63, 0x00, 0x00, 0xe3, 0x18, 0x4c, 0x6b,
    0x20, 0x00, 0x60, 0x08, 0x60, 0x08, 0x20, 0x00, 0xd2, 0x9c, 0x4b, 0x63,
    0x0b, 0x5b, 0xca, 0x52, 0x4f, 0x8c, 0x8d, 0x73, 0x65, 0x29, 0x4c, 0x6b,
    0x2f, 0x84, 0x20, 0x00, 0x00, 0x00, 0x4c, 0x63, 0xee, 0x7b, 0xc2, 0x18,
    0x00, 0x00, 0xa9, 0x52, 0xce, 0x7b, 0xc6, 0x31, 0x85, 0x31, 0x69, 0x4a,
    0xcd, 0x73, 0x28, 0x42, 0xc2, 0x18, 0x28, 0x42, 0xee, 0x7b, 0x07, 0x3a,
    0x00, 0x00, 0x64, 0x29, 0xee, 0x7b, 0xa9, 0x52, 0x00, 0x00, 0x03, 0x21,
    0x10, 0x84, 0xae, 0x7b, 0xd0, 0x6b, 0x5f, 0x03, 0xbb, 0xce, 0xce, 0x73,
    0x00, 0x00, 0x20, 0x00, 0x00, 0x00, 0x00, 0x00, 0x20, 0x00, 0x00, 0x00,
    0x00, 0x00, 0x00, 0x00, 0x00, 0x00, 0x00, 0x00, 0x00, 0x00, 0x00, 0x00,
    0x00, 0x00, 0x00, 0x00, 0x00, 0x00, 0x00, 0x00, 0x00, 0x00, 0x00, 0x00,
    0x00, 0x00, 0x00, 0x00, 0x00, 0x00, 0x00, 0x00, 0x00, 0x00, 0x00, 0x00,
    0x00, 0x00, 0x00, 0x00, 0x00, 0x00, 0x00, 0x00, 0x00, 0x00, 0x00, 0x00,
    0x00, 0x00, 0x00, 0x00, 0x20, 0x00, 0x00, 0x00, 0x00, 0x00, 0x00, 0x00,
    0x20, 0x00, 0x00, 0x00, 0x00, 0x00, 0x00, 0x00, 0x20, 0x00, 0x00, 0x00,
    0x00, 0x00, 0x00, 0x00, 0x20, 0x00, 0x00, 0x00, 0x00, 0x00, 0x00, 0x00,
    0x20, 0x00, 0x00, 0x00, 0x00, 0x00, 0x00, 0x00, 0x20, 0x00, 0x00, 0x00,
    0x00, 0x00, 0x00, 0x00, 0x20, 0x00, 0x00, 0x00, 0x00, 0x00, 0x00, 0x00,
    0x00, 0x00, 0x00, 0x00, 0x00, 0x00, 0x00, 0x00, 0x20, 0x00, 0x00, 0x00,
    0x00, 0x00, 0x00, 0x00, 0x00, 0x00, 0x00, 0x00, 0x00, 0x00, 0x00, 0x00,
    0x00, 0x00, 0x00, 0x00, 0x00, 0x00, 0x00, 0x00, 0x00, 0x00, 0x00, 0x00,
    0x00, 0x00, 0x00, 0x00, 0x00, 0x00, 0x00, 0x00, 0x00, 0x00, 0x00, 0x00,
    0x00, 0x00, 0x00, 0x00, 0x00, 0x00, 0x00, 0x00, 0x00, 0x00, 0x00, 0x00,
    0x00, 0x00, 0x00, 0x00, 0x00, 0x00, 0x00, 0x00, 0x00, 0x00, 0x00, 0x00,
    0x00, 0x00, 0x00, 0x00, 0x00, 0x00, 0x00, 0x00, 0x00, 0x00, 0x00, 0x00,
    0x00, 0x00, 0x00, 0x00, 0x00, 0x00, 0x00, 0x00, 0x00, 0x00, 0x00, 0x00,
    0x00, 0x00, 0x00, 0x00, 0x00, 0x00, 0x00, 0x00, 0x00, 0x00, 0x00, 0x00,
    0x00, 0x00, 0x00, 0x00, 0x00, 0x00, 0x00, 0x00, 0x00, 0x00, 0xee, 0x73,
    0xbb, 0xce, 0x0e, 0x7c, 0x4f, 0x84, 0x4f, 0x84, 0x4f, 0x84, 0x4f, 0x84,
    0x4f, 0x84, 0x4f, 0x84, 0x4f, 0x84, 0x4f, 0x84, 0x4f, 0x84, 0x4f, 0x84,
    0x4f, 0x84, 0x4f, 0x84, 0x4f, 0x84, 0x4f, 0x84, 0x4f, 0x84, 0x4f, 0x84,
    0x4f, 0x84, 0x4f, 0x84, 0x4f, 0x84, 0x4f, 0x84, 0x4f, 0x84, 0x4f, 0x84,
    0x4f, 0x84, 0x4f, 0x84, 0x4f, 0x84, 0x4f, 0x84, 0x4f, 0x84, 0x2f, 0x84,
    0x4f, 0x84, 0x4f, 0x84, 0x4f, 0x84, 0x4f, 0x84, 0x2f, 0x84, 0x4f, 0x84,
    0x4f, 0x84, 0x2f, 0x84, 0x4f, 0x84, 0x4f, 0x84, 0x4f, 0x84, 0x4f, 0x84,
    0x2f, 0x84, 0x4f, 0x84, 0x4f, 0x84, 0x4f, 0x84, 0x4f, 0x84, 0x4f, 0x84,
    0x4f, 0x84, 0x4f, 0x84, 0x4f, 0x84, 0x4f, 0x84, 0x4f, 0x84, 0x4f, 0x84,
    0x4f, 0x8c, 0x4f, 0x84, 0x4f, 0x84, 0x4f, 0x84, 0x4f, 0x84, 0x4f, 0x84,
    0x4f, 0x84, 0x4f, 0x84, 0x4f, 0x84, 0x4f, 0x84, 0x2f, 0x84, 0xd2, 0x9c,
    0xea, 0x5a, 0x00, 0x00, 0xe7, 0x39, 0xad, 0x73, 0xb1, 0x94, 0xe6, 0x39,
    0x4c, 0x63, 0xad, 0x73, 0x2b, 0x63, 0x00, 0x00, 0xca, 0x5a, 0x4c, 0x6b,
    0x00, 0x00, 0x60, 0x08, 0x60, 0x08, 0x20, 0x00, 0x12, 0x9d, 0x07, 0x42,
    0xea, 0x5a, 0x8d, 0x73, 0x70, 0x8c, 0x48, 0x42, 0xca, 0x52, 0xee, 0x7b,
    0xee, 0x7b, 0x44, 0x21, 0x00, 0x00, 0x2b, 0x63, 0xcd, 0x7b, 0x28, 0x42,
    0x44, 0x21, 0x68, 0x4a, 0xad, 0x73, 0x4f, 0x84, 0x2f, 0x84, 0x4f, 0x84,
    0x6c, 0x6b, 0x70, 0x8c, 0x28, 0x42, 0x70, 0x8c, 0xad, 0x73, 0xc6, 0x39,
    0x44, 0x29, 0xca, 0x5a, 0xcd, 0x73, 0xa9, 0x52, 0x00, 0x00, 0xc7, 0x39,
    0x10, 0x84, 0x8e, 0x73, 0x2f, 0x84, 0x92, 0x8c, 0xba, 0xc6, 0x14, 0x95,
    0x69, 0x42, 0xaa, 0x4a, 0xaa, 0x4a, 0xaa, 0x4a, 0xaa, 0x4a, 0xaa, 0x4a,
    0xaa, 0x4a, 0xaa, 0x4a, 0xaa, 0x4a, 0xaa, 0x4a, 0xaa, 0x4a, 0xaa, 0x4a,
    0xaa, 0x4a, 0xaa, 0x4a, 0xaa, 0x4a, 0xaa, 0x4a, 0xaa, 0x4a, 0xaa, 0x4a,
    0xaa, 0x4a, 0xaa, 0x4a, 0xaa, 0x4a, 0xaa, 0x4a, 0xaa, 0x4a, 0xaa, 0x4a,
    0xaa, 0x4a, 0xaa, 0x4a, 0xaa, 0x4a, 0xaa, 0x4a, 0xaa, 0x4a, 0xaa, 0x4a,
    0xaa, 0x4a, 0xaa, 0x4a, 0xaa, 0x4a, 0xaa, 0x4a, 0xaa, 0x4a, 0xaa, 0x4a,
    0xaa, 0x4a, 0xaa, 0x4a, 0xaa, 0x4a, 0xaa, 0x4a, 0xaa, 0x4a, 0xaa, 0x4a,
    0xaa, 0x4a, 0xaa, 0x4a, 0xaa, 0x4a, 0xaa, 0x4a, 0xaa, 0x4a, 0xaa, 0x4a,
    0xaa, 0x4a, 0xaa, 0x4a, 0xaa, 0x4a, 0xaa, 0x4a, 0xaa, 0x4a, 0xaa, 0x4a,
    0xaa, 0x4a, 0xaa, 0x4a, 0xaa, 0x4a, 0xaa, 0x4a, 0xaa, 0x4a, 0xaa, 0x4a,
    0xaa, 0x4a, 0xaa, 0x4a, 0xaa, 0x4a, 0xaa, 0x4a, 0xaa, 0x4a, 0xaa, 0x4a,
    0xaa, 0x4a, 0xaa, 0x4a, 0xaa, 0x4a, 0xaa, 0x4a, 0xaa, 0x4a, 0xaa, 0x4a,
    0xaa, 0x4a, 0xaa, 0x4a, 0xaa, 0x4a, 0xaa, 0x4a, 0xaa, 0x4a, 0xaa, 0x4a,
    0xaa, 0x4a, 0xaa, 0x4a, 0xaa, 0x4a, 0xaa, 0x4a, 0xaa, 0x4a, 0xaa, 0x4a,
    0xaa, 0x4a, 0xaa, 0x4a, 0xaa, 0x4a, 0xaa, 0x4a, 0xaa, 0x4a, 0xaa, 0x4a,
    0xaa, 0x4a, 0xaa, 0x4a, 0xaa, 0x4a, 0xaa, 0x4a, 0xaa, 0x4a, 0xaa, 0x4a,
    0xaa, 0x4a, 0xaa, 0x4a, 0xaa, 0x4a, 0xaa, 0x4a, 0xaa, 0x4a, 0xaa, 0x4a,
    0xaa, 0x4a, 0xaa, 0x4a, 0xaa, 0x4a, 0xaa, 0x4a, 0xaa, 0x4a, 0xaa, 0x4a,
    0xaa, 0x4a, 0xaa, 0x4a, 0xaa, 0x4a, 0xaa, 0x4a, 0xaa, 0x4a, 0xaa, 0x4a,
    0xaa, 0x4a, 0xaa, 0x4a, 0xaa, 0x4a, 0xaa, 0x4a, 0x69, 0x42, 0x34, 0x9d,
    0x9a, 0xc6, 0x90, 0x94, 0xb1, 0x94, 0xb1, 0x94, 0xb1, 0x94, 0xb1, 0x94,
    0xb1, 0x94, 0xb2, 0x94, 0xb1, 0x94, 0xb1, 0x94, 0xb1, 0x94, 0xb1, 0x94,
    0xb1, 0x94, 0xb1, 0x94, 0xb1, 0x9c, 0xb1, 0x94, 0xb1, 0x94, 0xb1, 0x94,
    0xb1, 0x94, 0xb1, 0x94, 0xb1, 0x94, 0xb1, 0x94, 0xb1, 0x94, 0xb1, 0x94,
    0xb1, 0x94, 0xb1, 0x94, 0xb2, 0x94, 0xb1, 0x94, 0xb1, 0x94, 0xb1, 0x94,
    0xb1, 0x94, 0xb1, 0x94, 0xb1, 0x94, 0xb1, 0x94, 0xb1, 0x94, 0xb1, 0x94,
    0xb1, 0x94, 0xb1, 0x94, 0xb1, 0x94, 0xb1, 0x94, 0xb1, 0x94, 0xb2, 0x94,
    0xb1, 0x94, 0xb1, 0x94, 0xb2, 0x94, 0xb1, 0x9c, 0xb1, 0x94, 0xb1, 0x94,
    0xb1, 0x94, 0xb1, 0x94, 0xb1, 0x94, 0xb1, 0x94, 0xb1, 0x94, 0xb1, 0x94,
    0xb2, 0x94, 0xb1, 0x94, 0xb1, 0x94, 0xb1, 0x94, 0xb2, 0x94, 0xb1, 0x94,
    0xb1, 0x94, 0xb1, 0x94, 0xb1, 0x94, 0xb1, 0x94, 0xb1, 0x94, 0xf2, 0x9c,
    0x2f, 0x84, 0x8d, 0x6b, 0x0f, 0x84, 0x8c, 0x6b, 0xb1, 0x94, 0x48, 0x42,
    0x8c, 0x6b, 0xad, 0x73, 0x6c, 0x6b, 0xad, 0x73, 0xf2, 0x9c, 0x4b, 0x63,
    0x00, 0x00, 0x60, 0x08, 0x60, 0x08, 0x40, 0x00, 0xce, 0x7b, 0x2f, 0x84,
    0xb1, 0x94, 0xee, 0x7b, 0x8d, 0x73, 0xee, 0x7b, 0xb1, 0x94, 0x4f, 0x8c,
    0xee, 0x7b, 0x0b, 0x63, 0xce, 0x7b, 0x6c, 0x6b, 0x8d, 0x73, 0xb1, 0x94,
    0x0f, 0x84, 0xee, 0x7b, 0x8d, 0x73, 0x91, 0x8c, 0x70, 0x8c, 0x91, 0x94,
    0x6c, 0x6b, 0xb1, 0x94, 0x6c, 0x6b, 0xb1, 0x94, 0x8d, 0x73, 0xee, 0x7b,
    0xee, 0x7b, 0xd1, 0x94, 0xad, 0x73, 0x0b, 0x5b, 0x2f, 0x84, 0x0b, 0x5b,
    0x10, 0x84, 0xaf, 0x7b, 0x4b, 0x63, 0x4c, 0x6b, 0x18, 0xb6, 0xdf, 0xf7,
    0xff, 0xf7, 0xff, 0xf7, 0xff, 0xf7, 0xff, 0xf7, 0xff, 0xf7, 0xff, 0xf7,
    0xff, 0xf7, 0xff, 0xf7, 0xff, 0xf7, 0xff, 0xf7, 0xff, 0xf7, 0xff, 0xf7,
    0xff, 0xf7, 0xff, 0xf7, 0xff, 0xf7, 0xff, 0xf7, 0xff, 0xf7, 0xff, 0xf7,
    0xff, 0xf7, 0xff, 0xf7, 0xff, 0xf7, 0xff, 0xf7, 0xff, 0xf7, 0xff, 0xf7,
    0xff, 0xf7, 0xff, 0xf7, 0xff, 0xf7, 0xff, 0xf7, 0xff, 0xf7, 0xff, 0xf7,
    0xff, 0xf7, 0xff, 0xf7, 0xff, 0xf7, 0xff, 0xf7, 0xff, 0xf7, 0xff, 0xf7,
    0xff, 0xf7, 0xff, 0xf7, 0xff, 0xf7, 0xff, 0xf7, 0xff, 0xf7, 0xff, 0xf7,
    0xff, 0xf7, 0xff, 0xf7, 0xff, 0xf7, 0xff, 0xf7, 0xff, 0xf7, 0xff, 0xf7,
    0xff, 0xf7, 0xff, 0xf7, 0xff, 0xf7, 0xff, 0xf7, 0xff, 0xf7, 0xff, 0xef,
    0xff, 0xf7, 0xff, 0xf7, 0xff, 0xef, 0xff, 0xf7, 0xff, 0xf7, 0xff, 0xf7,
    0xff, 0xf7, 0xff, 0xf7, 0xff, 0xf7, 0xff, 0xf7, 0xff, 0xf7, 0xff, 0xf7,
    0xff, 0xf7, 0xff, 0xf7, 0xff, 0xf7, 0xff, 0xf7, 0xff, 0xf7, 0xff, 0xf7,
    0xff, 0xf7, 0xff, 0xf7, 0xff, 0xf7, 0xff, 0xf7, 0xff, 0xf7, 0xff, 0xf7,
    0xff, 0xf7, 0xff, 0xf7, 0xff, 0xf7, 0xff, 0xf7, 0xff, 0xf7, 0xff, 0xf7,
    0xff, 0xf7, 0xff, 0xf7, 0xff, 0xf7, 0xff, 0xf7, 0xff, 0xf7, 0xff, 0xf7,
    0xff, 0xf7, 0xff, 0xf7, 0xff, 0xf7, 0xff, 0xf7, 0xff, 0xf7, 0xff, 0xf7,
    0xff, 0xf7, 0xff, 0xf7, 0xff, 0xf7, 0xff, 0xf7, 0xff, 0xf7, 0xff, 0xf7,
    0xff, 0xf7, 0xff, 0xf7, 0xff, 0xf7, 0xff, 0xf7, 0xff, 0xf7, 0xff, 0xf7,
    0xff, 0xf7, 0xff, 0xf7, 0xff, 0xf7, 0xff, 0xf7, 0xff, 0xf7, 0xff, 0xf7,
    0xff, 0xf7, 0xff, 0xf7, 0xff, 0xf7, 0xff, 0xf7, 0xff, 0xf7, 0xdf, 0xf7,
    0xf7, 0xb5, 0x4c, 0x6b, 0x8d, 0x73, 0x8d, 0x73, 0x8d, 0x73, 0x8d, 0x73,
    0x8d, 0x73, 0x8d, 0x73, 0x8d, 0x73, 0x8d, 0x73, 0x8d, 0x73, 0x8d, 0x73,
    0x8d, 0x73, 0x8d, 0x73, 0x8d, 0x73, 0x8d, 0x73, 0x8d, 0x73, 0x8d, 0x73,
    0x8d, 0x73, 0x8d, 0x73, 0x8d, 0x73, 0x8d, 0x73, 0x8d, 0x73, 0x8d, 0x73,
    0x8d, 0x73, 0x8d, 0x73, 0x8d, 0x73, 0x8d, 0x73, 0x8d, 0x73, 0x8d, 0x73,
    0x8d, 0x73, 0x8d, 0x73, 0x8d, 0x73, 0x8d, 0x73, 0x8d, 0x73, 0x8d, 0x73,
    0x8d, 0x73, 0x8d, 0x73, 0x8d, 0x73, 0x8d, 0x73, 0x8d, 0x73, 0x8d, 0x73,
    0x8d, 0x73, 0x8d, 0x73, 0x8d, 0x73, 0x8d, 0x73, 0x8d, 0x73, 0x8d, 0x73,
    0x8d, 0x73, 0x8d, 0x73, 0x8d, 0x73, 0x8d, 0x73, 0x8d, 0x73, 0x8d, 0x73,
    0x8d, 0x73, 0x8d, 0x73, 0x8d, 0x73, 0x8d, 0x73, 0x8d, 0x73, 0x8d, 0x73,
    0x8d, 0x73, 0x8d, 0x73, 0x8d, 0x73, 0x8d, 0x73, 0xad, 0x73, 0x6c, 0x6b,
    0x6c, 0x6b, 0x8c, 0x6b, 0x8c, 0x6b, 0xa9, 0x52, 0x6c, 0x6b, 0x8d, 0x73,
    0x8d, 0x73, 0xa9, 0x52, 0x8d, 0x73, 0x8c, 0x6b, 0x6c, 0x6b, 0x68, 0x4a,
    0x20, 0x00, 0x60, 0x08, 0x60, 0x08, 0x20, 0x00, 0xce, 0x73, 0x6c, 0x6b,
    0x6c, 0x6b, 0xea, 0x5a, 0x4b, 0x63, 0x6c, 0x6b, 0x6c, 0x6b, 0x4b, 0x63,
    0xea, 0x5a, 0x8d, 0x73, 0x8c, 0x6b, 0x8c, 0x6b, 0xa9, 0x52, 0x6c, 0x6b,
    0x6c, 0x6b, 0x8c, 0x6b, 0xa9, 0x52, 0x6c, 0x6b, 0x6c, 0x6b, 0x6c, 0x6b,
    0xa9, 0x52, 0x6c, 0x6b, 0x8c, 0x6b, 0x6c, 0x6b, 0xa9, 0x52, 0x8c, 0x6b,
    0x6c, 0x6b, 0x6c, 0x6b, 0xa9, 0x52, 0x8d, 0x73, 0x6c, 0x6b, 0x8c, 0x73,
    0x10, 0x84, 0x10, 0x84, 0x00, 0x00, 0x00, 0x00, 0x03, 0x19, 0x18, 0xb6,
    0x96, 0xa5, 0x96, 0xa5, 0x96, 0xa5, 0x96, 0xa5, 0x96, 0xa5, 0x96, 0xa5,
    0x96, 0xa5, 0xb6, 0xa5, 0x96, 0xa5, 0x96, 0xa5, 0xb6, 0xa5, 0x96, 0xa5,
    0x96, 0xa5, 0x96, 0xa5, 0x96, 0xa5, 0x96, 0xa5, 0x96, 0xa5, 0x96, 0xa5,
    0x96, 0xa5, 0x96, 0xa5, 0x96, 0xa5, 0xb6, 0xa5, 0x96, 0xa5, 0x96, 0xa5,
    0xb6, 0xa5, 0x96, 0xa5, 0x96, 0xa5, 0xb6, 0xa5, 0x96, 0xa5, 0x96, 0xa5,
    0xb6, 0xa5, 0x96, 0xa5, 0x96, 0xa5, 0x96, 0xa5, 0x96, 0xa5, 0x96, 0xa5,
    0x96, 0xa5, 0x96, 0xa5, 0x96, 0xa5, 0x96, 0xa5, 0x96, 0xa5, 0x96, 0xa5,
    0x96, 0xa5, 0x96, 0xa5, 0x96, 0xa5, 0x96, 0xa5, 0x96, 0xa5, 0x96, 0xa5,
    0x96, 0xa5, 0x96, 0xa5, 0x96, 0xa5, 0x96, 0xa5, 0x96, 0xa5, 0x96, 0xa5,
    0x96, 0xa5, 0x96, 0xa5, 0x96, 0xa5, 0x96, 0xa5, 0x96, 0xa5, 0xb6, 0xa5,
    0x96, 0xa5, 0x96, 0xa5, 0xb6, 0xa5, 0x96, 0xa5, 0x96, 0xa5, 0x96, 0xa5,
    0x96, 0xa5, 0xb6, 0xa5, 0x96, 0xa5, 0x96, 0xa5, 0x96, 0xad, 0x96, 0xa5,
    0x96, 0xad, 0x96, 0xa5, 0x96, 0xad, 0x96, 0xa5, 0x96, 0xa5, 0x96, 0xad,
    0x96, 0xa5, 0x96, 0xa5, 0x96, 0xa5, 0x96, 0xa5, 0x96, 0xa5, 0x96, 0xa5,
    0x96, 0xad, 0x96, 0xa5, 0x96, 0xa5, 0x96, 0xad, 0x96, 0xa5, 0x96, 0xa5,
    0x96, 0xad, 0x96, 0xa5, 0x95, 0xa5, 0x96, 0xad, 0x96, 0xa5, 0x95, 0xa5,
    0x96, 0xad, 0x96, 0xa5, 0x95, 0xa5, 0x96, 0xad, 0x96, 0xa5, 0x96, 0xad,
    0x96, 0xad, 0x96, 0xa5, 0x96, 0xad, 0x96, 0xa5, 0x96, 0xad, 0x96, 0xa5,
    0x96, 0xad, 0x96, 0xa5, 0x96, 0xa5, 0x96, 0xad, 0x96, 0xa5, 0xb6, 0xa5,
    0x96, 0xad, 0x96, 0xa5, 0x96, 0xa5, 0x96, 0xad, 0x96, 0xa5, 0x17, 0xb6,
    0x03, 0x19, 0x00, 0x00, 0x00, 0x00, 0x00, 0x00, 0x00, 0x00, 0x00, 0x00,
    0x00, 0x00, 0x00, 0x00, 0x00, 0x00, 0x00, 0x00, 0x00, 0x00, 0x00, 0x00,
    0x00, 0x00, 0x00, 0x00, 0x00, 0x00, 0x00, 0x00, 0x00, 0x00, 0x00, 0x00,
    0x00, 0x00, 0x00, 0x00, 0x00, 0x00, 0x00, 0x00, 0x00, 0x00, 0x00, 0x00,
    0x00, 0x00, 0x00, 0x00, 0x00, 0x00, 0x00, 0x00, 0x00, 0x00, 0x00, 0x00,
    0x00, 0x00, 0x00, 0x00, 0x00, 0x00, 0x00, 0x00, 0x00, 0x00, 0x00, 0x00,
    0x00, 0x00, 0x00, 0x00, 0x00, 0x00, 0x00, 0x00, 0x00, 0x00, 0x00, 0x00,
    0x00, 0x00, 0x00, 0x00, 0x00, 0x00, 0x00, 0x00, 0x00, 0x00, 0x00, 0x00,
    0x00, 0x00, 0x00, 0x00, 0x00, 0x00, 0x00, 0x00, 0x00, 0x00, 0x00, 0x00,
    0x00, 0x00, 0x00, 0x00, 0x00, 0x00, 0x00, 0x00, 0x00, 0x00, 0x00, 0x00,
    0x00, 0x00, 0x00, 0x00, 0x00, 0x00, 0x00, 0x00, 0x00, 0x00, 0x00, 0x00,
    0x00, 0x00, 0x00, 0x00, 0x00, 0x00, 0x20, 0x00, 0x00, 0x00, 0x00, 0x00,
    0x00, 0x00, 0x00, 0x00, 0x00, 0x00, 0x00, 0x00, 0x00, 0x00, 0x20, 0x00,
    0x60, 0x08, 0x60, 0x08, 0x60, 0x08, 0x60, 0x08, 0x00, 0x00, 0x00, 0x00,
    0x00, 0x00, 0x00, 0x00, 0x00, 0x00, 0x00, 0x00, 0x00, 0x00, 0x00, 0x00,
    0x00, 0x00, 0x00, 0x00, 0x00, 0x00, 0x00, 0x00, 0x20, 0x00, 0x00, 0x00,
    0x00, 0x00, 0x00, 0x00, 0x20, 0x00, 0x00, 0x00, 0x00, 0x00, 0x00, 0x00,
    0x20, 0x00, 0x00, 0x00, 0x00, 0x00, 0x00, 0x00, 0x20, 0x00, 0x00, 0x00,
    0x00, 0x00, 0x00, 0x00, 0x20, 0x00, 0x00, 0x00, 0x00, 0x00, 0x00, 0x00,
    0x10, 0x84, 0x10, 0x84, 0x00, 0x00, 0x60, 0x08, 0x40, 0x08, 0x00, 0x00,
    0x00, 0x00, 0x00, 0x00, 0x00, 0x00, 0x00, 0x00, 0x00, 0x00, 0x00, 0x00,
    0x00, 0x00, 0x00, 0x00, 0x00, 0x00, 0x00, 0x00, 0x00, 0x00, 0x00, 0x00,
    0x00, 0x00, 0x00, 0x00, 0x00, 0x00, 0x00, 0x00, 0x00, 0x00, 0x00, 0x00,
    0x00, 0x00, 0x00, 0x00, 0x00, 0x00, 0x00, 0x00, 0x00, 0x00, 0x00, 0x00,
    0x00, 0x00, 0x00, 0x00, 0x00, 0x00, 0x00, 0x00, 0x00, 0x00, 0x00, 0x00,
    0x00, 0x00, 0x00, 0x00, 0x00, 0x00, 0x00, 0x00, 0x00, 0x00, 0x00, 0x00,
    0x00, 0x00, 0x00, 0x00, 0x00, 0x00, 0x00, 0x00, 0x00, 0x00, 0x00, 0x00,
    0x00, 0x00, 0x00, 0x00, 0x00, 0x00, 0x00, 0x00, 0x00, 0x00, 0x00, 0x00,
    0x00, 0x00, 0x00, 0x00, 0x00, 0x00, 0x00, 0x00, 0x00, 0x00, 0x00, 0x00,
    0x00, 0x00, 0x00, 0x00, 0x00, 0x00, 0x00, 0x00, 0x00, 0x00, 0x00, 0x00,
    0x00, 0x00, 0x00, 0x00, 0x00, 0x00, 0x00, 0x00, 0x00, 0x00, 0x00, 0x00,
    0x00, 0x00, 0x00, 0x00, 0x00, 0x00, 0x00, 0x00, 0x00, 0x00, 0x00, 0x00,
    0x00, 0x00, 0x00, 0x00, 0x00, 0x00, 0x00, 0x00, 0x00, 0x00, 0x00, 0x00,
    0x00, 0x00, 0x00, 0x00, 0x00, 0x00, 0x00, 0x00, 0x00, 0x00, 0x00, 0x00,
    0x00, 0x00, 0x00, 0x00, 0x00, 0x00, 0x00, 0x00, 0x00, 0x00, 0x00, 0x00,
    0x00, 0x00, 0x00, 0x00, 0x00, 0x00, 0x00, 0x00, 0x00, 0x00, 0x00, 0x00,
    0x00, 0x00, 0x00, 0x00, 0x00, 0x00, 0x00, 0x00, 0x00, 0x00, 0x00, 0x00,
    0x00, 0x00, 0x00, 0x00, 0x00, 0x00, 0x00, 0x00, 0x00, 0x00, 0x00, 0x00,
    0x00, 0x00, 0x00, 0x00, 0x00, 0x00, 0x00, 0x00, 0x00, 0x00, 0x00, 0x00,
    0x00, 0x00, 0x00, 0x00, 0x00, 0x00, 0x00, 0x00, 0x00, 0x00, 0x00, 0x00,
    0x40, 0x00, 0x60, 0x08, 0x60, 0x08, 0x60, 0x08, 0x60, 0x08, 0x60, 0x08,
    0x60, 0x08, 0x60, 0x08, 0x60, 0x08, 0x60, 0x08, 0x60, 0x08, 0x60, 0x08,
    0x60, 0x08, 0x60, 0x08, 0x60, 0x08, 0x60, 0x08, 0x60, 0x08, 0x60, 0x08,
    0x60, 0x08, 0x60, 0x08, 0x60, 0x08, 0x60, 0x08, 0x60, 0x08, 0x60, 0x08,
    0x60, 0x08, 0x60, 0x08, 0x60, 0x08, 0x60, 0x08, 0x60, 0x08, 0x60, 0x08,
    0x60, 0x08, 0x60, 0x08, 0x60, 0x08, 0x60, 0x08, 0x60, 0x08, 0x60, 0x08,
    0x60, 0x08, 0x60, 0x08, 0x60, 0x08, 0x60, 0x08, 0x60, 0x08, 0x60, 0x08,
    0x60, 0x08, 0x60, 0x08, 0x60, 0x08, 0x60, 0x08, 0x60, 0x08, 0x60, 0x08,
    0x60, 0x08, 0x60, 0x08, 0x60, 0x08, 0x60, 0x08, 0x60, 0x08, 0x60, 0x08,
    0x60, 0x08, 0x60, 0x08, 0x60, 0x08, 0x60, 0x08, 0x60, 0x08, 0x60, 0x08,
    0x60, 0x08, 0x60, 0x08, 0x60, 0x08, 0x60, 0x08, 0x60, 0x08, 0x60, 0x08,
    0x60, 0x08, 0x60, 0x08, 0x60, 0x08, 0x60, 0x08, 0x60, 0x08, 0x60, 0x08,
    0x60, 0x08, 0x60, 0x08, 0x60, 0x08, 0x60, 0x08, 0x60, 0x08, 0x60, 0x08,
    0x60, 0x08, 0x60, 0x08, 0x60, 0x08, 0x60, 0x08, 0x60, 0x08, 0x60, 0x08,
    0x60, 0x08, 0x60, 0x08, 0x60, 0x08, 0x60, 0x08, 0x60, 0x08, 0x60, 0x08,
    0x60, 0x08, 0x60, 0x08, 0x60, 0x08, 0x60, 0x08, 0x60, 0x08, 0x60, 0x08,
    0x60, 0x08, 0x60, 0x08, 0x60, 0x08, 0x60, 0x08, 0x60, 0x08, 0x60, 0x08,
    0x60, 0x08, 0x60, 0x08, 0x60, 0x08, 0x60, 0x08, 0x60, 0x08, 0x60, 0x08,
    0x60, 0x08, 0x60, 0x08, 0x60, 0x08, 0x60, 0x08, 0x60, 0x08, 0x60, 0x08,
    0x10, 0x84, 0x10, 0x84, 0x00, 0x00, 0x40, 0x08, 0x40, 0x00, 0x40, 0x08,
    0x40, 0x08, 0x40, 0x08, 0x40, 0x08, 0x40, 0x08, 0x40, 0x08, 0x40, 0x08,
    0x40, 0x08, 0x40, 0x08, 0x40, 0x08, 0x40, 0x08, 0x40, 0x00, 0x40, 0x08,
    0x40, 0x08, 0x40, 0x08, 0x40, 0x00, 0x40, 0x08, 0x40, 0x08, 0x40, 0x08,
    0x40, 0x08, 0x40, 0x08, 0x40, 0x08, 0x40, 0x08, 0x40, 0x08, 0x40, 0x08,
    0x40, 0x08, 0x40, 0x08, 0x40, 0x08, 0x40, 0x08, 0x40, 0x08, 0x40, 0x08,
    0x40, 0x08, 0x40, 0x08, 0x40, 0x08, 0x40, 0x08, 0x40, 0x08, 0x40, 0x08,
    0x40, 0x08, 0x40, 0x08, 0x40, 0x00, 0x40, 0x08, 0x40, 0x08, 0x40, 0x00,
    0x40, 0x08, 0x40, 0x08, 0x40, 0x00, 0x40, 0x08, 0x40, 0x08, 0x40, 0x00,
    0x40, 0x08, 0x40, 0x00, 0x40, 0x08, 0x40, 0x08, 0x40, 0x00, 0x40, 0x08,
    0x40, 0x08, 0x40, 0x08, 0x40, 0x08, 0x60, 0x08, 0x40, 0x08, 0x40, 0x08,
    0x40, 0x08, 0x40, 0x08, 0x40, 0x08, 0x40, 0x08, 0x40, 0x08, 0x40, 0x08,
    0x40, 0x08, 0x40, 0x08, 0x40, 0x08, 0x40, 0x08, 0x40, 0x08, 0x40, 0x08,
    0x40, 0x08, 0x40, 0x08, 0x40, 0x08, 0x40, 0x08, 0x40, 0x08, 0x40, 0x08,
    0x40, 0x08, 0x40, 0x08, 0x40, 0x08, 0x40, 0x08, 0x40, 0x08, 0x40, 0x08,
    0x40, 0x08, 0x40, 0x08, 0x40, 0x08, 0x40, 0x08, 0x40, 0x08, 0x40, 0x08,
    0x40, 0x08, 0x40, 0x08, 0x40, 0x08, 0x40, 0x08, 0x40, 0x08, 0x40, 0x08,
    0x40, 0x08, 0x40, 0x08, 0x40, 0x08, 0x40, 0x08, 0x40, 0x08, 0x40, 0x00,
    0x40, 0x08, 0x40, 0x08, 0x40, 0x08, 0x40, 0x08, 0x40, 0x08, 0x40, 0x08,
    0x40, 0x08, 0x40, 0x08, 0x40, 0x08, 0x40, 0x08, 0x40, 0x08, 0x40, 0x08,
    0x40, 0x08, 0x40, 0x08, 0x40, 0x08, 0x40, 0x08, 0x40, 0x08, 0x40, 0x08,
    0x40, 0x08, 0x40, 0x00, 0x40, 0x00, 0x40, 0x08, 0x40, 0x00, 0x40, 0x08,
    0x40, 0x08, 0x40, 0x00, 0x40, 0x08, 0x40, 0x08, 0x40, 0x00, 0x40, 0x08,
    0x40, 0x00, 0x40, 0x00, 0x40, 0x08, 0x40, 0x00, 0x40, 0x00, 0x40, 0x08,
    0x40, 0x00, 0x40, 0x00, 0x40, 0x08, 0x40, 0x00, 0x40, 0x08, 0x40, 0x00,
    0x40, 0x08, 0x40, 0x00, 0x40, 0x08, 0x40, 0x08, 0x40, 0x00, 0x40, 0x08,
    0x40, 0x08, 0x40, 0x00, 0x40, 0x08, 0x40, 0x08, 0x40, 0x00, 0x40, 0x08,
    0x40, 0x08, 0x40, 0x00, 0x40, 0x08, 0x40, 0x08, 0x40, 0x00, 0x40, 0x08,
    0x40, 0x08, 0x40, 0x00, 0x60, 0x08, 0x40, 0x00, 0x40, 0x00, 0x40, 0x08,
    0x40, 0x00, 0x40, 0x08, 0x40, 0x08, 0x40, 0x00, 0x40, 0x08, 0x40, 0x00,
    0x40, 0x08, 0x40, 0x00, 0x40, 0x08, 0x40, 0x00, 0x40, 0x08, 0x40, 0x00,
    0x40, 0x08, 0x40, 0x00, 0x40, 0x08, 0x40, 0x00, 0x40, 0x08, 0x40, 0x08,
    0x40, 0x00, 0x40, 0x08, 0x40, 0x08, 0x40, 0x08, 0x40, 0x00, 0x40, 0x08,
    0x40, 0x08, 0x40, 0x00, 0x40, 0x08, 0x40, 0x08, 0x40, 0x00, 0x40, 0x08,
    0x40, 0x08, 0x40, 0x00, 0x40, 0x00, 0x40, 0x08, 0x40, 0x00, 0x40, 0x08,
    0x40, 0x00, 0x40, 0x00, 0x40, 0x08, 0x40, 0x00, 0x40, 0x00, 0x40, 0x08,
    0x40, 0x00, 0x40, 0x00, 0x40, 0x08, 0x40, 0x00, 0x40, 0x08, 0x40, 0x08,
    0x40, 0x00, 0x40, 0x08, 0x40, 0x08, 0x40, 0x00, 0x40, 0x08, 0x40, 0x08,
    0x40, 0x08, 0x40, 0x08, 0x40, 0x00, 0x40, 0x08, 0x40, 0x08, 0x40, 0x08,
    0x40, 0x00, 0x40, 0x08, 0x40, 0x08, 0x60, 0x08, 0x60, 0x08, 0x60, 0x08,
    0x10, 0x84, 0x10, 0x84, 0x00, 0x00, 0x60, 0x08, 0x60, 0x00, 0x40, 0x08,
    0x60, 0x08, 0x40, 0x00, 0x60, 0x08, 0x60, 0x08, 0x60, 0x08, 0x60, 0x00,
    0x40, 0x00, 0x60, 0x08, 0x60, 0x08, 0x40, 0x00, 0x60, 0x08, 0x60, 0x08,
    0x60, 0x08, 0x60, 0x08, 0x60, 0x08, 0x60, 0x08, 0x60, 0x00, 0x40, 0x00,
    0x60, 0x08, 0x60, 0x08, 0x60, 0x00, 0x60, 0x08, 0x40, 0x08, 0x40, 0x00,
    0x60, 0x08, 0x60, 0x08, 0x60, 0x00, 0x40, 0x00, 0x40, 0x00, 0x60, 0x08,
    0x60, 0x08, 0x60, 0x00, 0x60, 0x08, 0x60, 0x08, 0x60, 0x00, 0x60, 0x08,
    0x60, 0x08, 0x60, 0x08, 0x60, 0x08, 0x60, 0x08, 0x60, 0x08, 0x60, 0x08,
    0x60, 0x08, 0x60, 0x08, 0x60, 0x08, 0x60, 0x08, 0x60, 0x08, 0x60, 0x08,
    0x60, 0x08, 0x60, 0x08, 0x60, 0x08, 0x60, 0x08, 0x60, 0x08, 0x60, 0x08,
    0x60, 0x08, 0x40, 0x00, 0xc1, 0x10, 0x22, 0x29, 0xe0, 0x28, 0xe0, 0x20,
    0xe0, 0x28, 0xe0, 0x20, 0xe0, 0x28, 0xe0, 0x20, 0xe0, 0x28, 0xe0, 0x28,
    0xe0, 0x20, 0xe0, 0x28, 0xe0, 0x28, 0xe0, 0x28, 0xe0, 0x20, 0xe0, 0x28,
    0xe0, 0x28, 0xe0, 0x20, 0xe0, 0x28, 0xe0, 0x28, 0xe0, 0x20, 0xe0, 0x28,
    0xe0, 0x28, 0xe0, 0x28, 0xe0, 0x28, 0xe0, 0x28, 0xe0, 0x28, 0xe0, 0x28,
    0xe0, 0x28, 0xe0, 0x20, 0xe0, 0x28, 0xe0, 0x28, 0xe0, 0x28, 0xe0, 0x20,
    0xe0, 0x28, 0xe0, 0x28, 0xe0, 0x28, 0xe0, 0x20, 0xe0, 0x28, 0xe0, 0x28,
    0xe0, 0x20, 0xe0, 0x28, 0xe0, 0x28, 0xe0, 0x28, 0xe0, 0x28, 0xe0, 0x28,
    0xe0, 0x28, 0xe0, 0x20, 0xe0, 0x28, 0xe0, 0x28, 0xe0, 0x20, 0xe0, 0x28,
    0xe0, 0x28, 0xe0, 0x20, 0xe0, 0x28, 0xe0, 0x28, 0xe0, 0x20, 0xe0, 0x28,
    0xe0, 0x28, 0xe0, 0x28, 0xe0, 0x20, 0xe0, 0x28, 0xe0, 0x28, 0xe0, 0x20,
    0xe0, 0x28, 0xe0, 0x28, 0xe0, 0x28, 0xe0, 0x28, 0xe0, 0x28, 0xe0, 0x28,
    0xe0, 0x28, 0xe0, 0x28, 0xe0, 0x28, 0xe0, 0x28, 0xe0, 0x28, 0xe0, 0x28,
    0xe0, 0x28, 0xe0, 0x28, 0xe0, 0x28, 0xe0, 0x28, 0xe0, 0x28, 0xe0, 0x28,
    0xe0, 0x28, 0xe0, 0x28, 0xe0, 0x28, 0xe0, 0x28, 0xe0, 0x28, 0xe0, 0x28,
    0xe0, 0x28, 0xe0, 0x28, 0xe0, 0x28, 0xe0, 0x28, 0xe0, 0x28, 0xe0, 0x28,
    0xe0, 0x28, 0xe0, 0x28, 0xe0, 0x28, 0xe0, 0x28, 0xe0, 0x28, 0xe0, 0x28,
    0xe0, 0x28, 0xe0, 0x28, 0xe0, 0x28, 0xe0, 0x28, 0xe0, 0x28, 0xe0, 0x28,
    0xe0, 0x28, 0xe0, 0x28, 0xe0, 0x28, 0x84, 0x29, 0x20, 0x00, 0x60, 0x08,
    0x40, 0x08, 0x60, 0x00, 0x60, 0x08, 0x60, 0x08, 0x60, 0x08, 0x20, 0x00,
    0x60, 0x08, 0x60, 0x08, 0x60, 0x08, 0x60, 0x08, 0x40, 0x00, 0x40, 0x08,
    0x60, 0x08, 0x40, 0x08, 0x60, 0x08, 0x40, 0x08, 0x60, 0x00, 0x60, 0x08,
    0x40, 0x08, 0x40, 0x00, 0x60, 0x08, 0x40, 0x08, 0x40, 0x00, 0x40, 0x08,
    0x60, 0x08, 0x60, 0x08, 0x40, 0x00, 0x40, 0x08, 0x40, 0x08, 0x40, 0x08,
    0x60, 0x08, 0x40, 0x08, 0x40, 0x08, 0x60, 0x08, 0x40, 0x08, 0x60, 0x08,
    0x60, 0x08, 0x40, 0x08, 0x60, 0x08, 0x60, 0x08, 0x40, 0x08, 0x60, 0x08,
    0x60, 0x08, 0x40, 0x08, 0x60, 0x08, 0x60, 0x08, 0x40, 0x08, 0x60, 0x08,
    0x60, 0x08, 0x40, 0x08, 0x60, 0x08, 0x40, 0x08, 0x40, 0x08, 0x60, 0x08,
    0x40, 0x08, 0x40, 0x08, 0x40, 0x00, 0x60, 0x08, 0x20, 0x00, 0x40, 0x00,
    0x20, 0x00, 0x20, 0x00, 0x60, 0x08, 0x60, 0x08, 0x60, 0x08, 0x60, 0x08,
    0x10, 0x84, 0x10, 0x84, 0x00, 0x00, 0x20, 0x00, 0x20, 0x00, 0x40, 0x00,
    0x60, 0x08, 0x00, 0x00, 0x20, 0x00, 0x20, 0x00, 0x40, 0x00, 0x20, 0x00,
    0x00, 0x00, 0x20, 0x00, 0x20, 0x00, 0xe1, 0x18, 0x20, 0x00, 0x20, 0x00,
    0x60, 0x08, 0x20, 0x00, 0x20, 0x00, 0x00, 0x00, 0x00, 0x00, 0x20, 0x00,
    0x40, 0x00, 0x20, 0x00, 0x20, 0x00, 0x40, 0x08, 0x20, 0x00, 0x40, 0x00,
    0x20, 0x00, 0x40, 0x00, 0x20, 0x00, 0x60, 0x08, 0x60, 0x08, 0x60, 0x08,
    0x60, 0x08, 0x60, 0x08, 0x60, 0x08, 0x60, 0x08, 0x60, 0x08, 0x60, 0x08,
    0x60, 0x08, 0x60, 0x08, 0x60, 0x08, 0x60, 0x08, 0x60, 0x08, 0x60, 0x08,
    0x60, 0x08, 0x60, 0x08, 0x60, 0x08, 0x60, 0x08, 0x60, 0x08, 0x60, 0x08,
    0x60, 0x08, 0x60, 0x08, 0x60, 0x08, 0x60, 0x08, 0x60, 0x08, 0x60, 0x08,
    0x60, 0x08, 0x60, 0x08, 0xa0, 0x18, 0x35, 0x13, 0x5f, 0x04, 0x3e, 0x0c,
    0x3f, 0x04, 0x3e, 0x0c, 0x3f, 0x04, 0x3e, 0x04, 0x3f, 0x0c, 0x3e, 0x04,
    0x3f, 0x04, 0x3e, 0x0c, 0x3f, 0x04, 0x3e, 0x04, 0x3f, 0x0c, 0x3f, 0x04,
    0x3e, 0x04, 0x3f, 0x0c, 0x3f, 0x04, 0x3e, 0x04, 0x3f, 0x0c, 0x3f, 0x04,
    0x3e, 0x04, 0x3f, 0x04, 0x3e, 0x04, 0x3f, 0x04, 0x3e, 0x04, 0x3f, 0x04,
    0x3e, 0x0c, 0x3f, 0x04, 0x3e, 0x04, 0x3f, 0x0c, 0x3e, 0x04, 0x3e, 0x04,
    0x3f, 0x0c, 0x3e, 0x04, 0x1e, 0x04, 0x1e, 0x0c, 0x1e, 0x04, 0x1e, 0x0c,
    0x1e, 0x04, 0x1e, 0x04, 0x1e, 0x04, 0x1e, 0x04, 0x1e, 0x04, 0x1e, 0x0c,
    0x1e, 0x04, 0x1e, 0x04, 0x1e, 0x0c, 0x1e, 0x04, 0x1e, 0x04, 0x1e, 0x0c,
    0x1e, 0x04, 0x1e, 0x04, 0x1e, 0x0c, 0x1e, 0x04, 0x1e, 0x04, 0x1e, 0x0c,
    0x1e, 0x04, 0x1e, 0x04, 0x1e, 0x0c, 0x1e, 0x04, 0x1e, 0x04, 0x1e, 0x0c,
    0x1e, 0x0c, 0x1e, 0x04, 0x1e, 0x0c, 0x1e, 0x04, 0x1e, 0x04, 0x1e, 0x0c,
    0x1e, 0x04, 0x3f, 0x04, 0x3f, 0x04, 0x3f, 0x04, 0x3f, 0x0c, 0x3f, 0x04,
    0x3f, 0x0c, 0x3f, 0x0c, 0x3f, 0x04, 0x3f, 0x0c, 0x3f, 0x0c, 0x3f, 0x04,
    0x3f, 0x0c, 0x3f, 0x0c, 0x3f, 0x04, 0x3f, 0x0c, 0x3f, 0x04, 0x3f, 0x04,
    0x3f, 0x0c, 0x3f, 0x04, 0x3f, 0x04, 0x3f, 0x04, 0x3e, 0x0c, 0x3f, 0x04,
    0x3f, 0x04, 0x3f, 0x04, 0x3f, 0x04, 0x3f, 0x0c, 0x3f, 0x04, 0x3f, 0x04,
    0x3f, 0x04, 0x3f, 0x0c, 0x3f, 0x04, 0x3f, 0x04, 0x3f, 0x04, 0x3f, 0x04,
    0x3e, 0x04, 0x3f, 0x0c, 0x3f, 0x0c, 0x44, 0x31, 0x00, 0x00, 0x00, 0x00,
    0x40, 0x00, 0x20, 0x00, 0x60, 0x08, 0x20, 0x00, 0x00, 0x00, 0xc6, 0x31,
    0x00, 0x00, 0x00, 0x00, 0x20, 0x00, 0x00, 0x00, 0x20, 0x00, 0x00, 0x00,
    0x00, 0x00, 0x00, 0x00, 0x00, 0x00, 0x00, 0x00, 0x00, 0x00, 0x40, 0x00,
    0x20, 0x00, 0x00, 0x00, 0x00, 0x00, 0x20, 0x00, 0x00, 0x00, 0x20, 0x00,
    0x00, 0x00, 0x20, 0x00, 0x20, 0x00, 0x20, 0x00, 0x00, 0x00, 0x20, 0x00,
    0x20, 0x00, 0x20, 0x00, 0x40, 0x00, 0x20, 0x00, 0x20, 0x00, 0x20, 0x00,
    0x20, 0x00, 0x20, 0x00, 0x20, 0x00, 0x40, 0x00, 0x00, 0x00, 0x40, 0x08,
    0x60, 0x08, 0x60, 0x08, 0x60, 0x08, 0x60, 0x08, 0x60, 0x08, 0x60, 0x08,
    0x60, 0x08, 0x60, 0x08, 0x60, 0x08, 0x60, 0x08, 0x60, 0x08, 0x60, 0x08,
    0x60, 0x08, 0x60, 0x08, 0x60, 0x08, 0x60, 0x08, 0x81, 0x08, 0xc6, 0x39,
    0x45, 0x29, 0x84, 0x29, 0x40, 0x08, 0x60, 0x08, 0x60, 0x08, 0x60, 0x08,
    0xf0, 0x83, 0xf0, 0x83, 0xa2, 0x08, 0xab, 0x5a, 0x8a, 0x5a, 0xe3, 0x20,
    0x00, 0x00, 0x36, 0xa5, 0xa6, 0x39, 0x48, 0x42, 0xc3, 0x20, 0x29, 0x42,
    0x10, 0x7c, 0xc8, 0x41, 0xc8, 0x31, 0x0b, 0x5b, 0x64, 0x29, 0x2c, 0x5b,
    0x00, 0x00, 0xca, 0x52, 0xe7, 0x31, 0xb0, 0x73, 0x31, 0x8c, 0x89, 0x4a,
    0x44, 0x29, 0xaa, 0x52, 0xca, 0x52, 0x41, 0x00, 0x11, 0x8c, 0xa7, 0x31,
    0xe6, 0x39, 0xc3, 0x18, 0x28, 0x42, 0xac, 0x4a, 0x4f, 0x94, 0x00, 0x00,
    0x60, 0x08, 0x60, 0x08, 0x60, 0x08, 0x60, 0x08, 0x60, 0x08, 0x60, 0x08,
    0x60, 0x08, 0x60, 0x08, 0x60, 0x08, 0x60, 0x08, 0x60, 0x08, 0x60, 0x08,
    0x60, 0x08, 0x60, 0x08, 0x60, 0x08, 0x60, 0x08, 0x60, 0x08, 0x60, 0x08,
    0x60, 0x08, 0x60, 0x08, 0x60, 0x08, 0x60, 0x08, 0x60, 0x08, 0x60, 0x08,
    0x60, 0x08, 0x40, 0x08, 0xa0, 0x18, 0x16, 0x13, 0xdf, 0x03, 0xbf, 0x03,
    0xbf, 0x03, 0xbf, 0x03, 0xbf, 0x03, 0xbf, 0x03, 0xbf, 0x03, 0xbf, 0x03,
    0xbf, 0x03, 0xbf, 0x03, 0xbf, 0x03, 0xbf, 0x03, 0xbf, 0x03, 0xbf, 0x03,
    0xbf, 0x03, 0xbf, 0x03, 0xbf, 0x03, 0xbf, 0x03, 0xbf, 0x03, 0xbf, 0x03,
    0xbf, 0x03, 0xbf, 0x03, 0xbf, 0x03, 0xbf, 0x03, 0xbf, 0x03, 0xbf, 0x03,
    0xbf, 0x03, 0xbf, 0x03, 0xbf, 0x03, 0xbf, 0x03, 0xbf, 0x03, 0xbf, 0x03,
    0xbf, 0x03, 0xbf, 0x03, 0xbf, 0x03, 0xdf, 0x03, 0xbf, 0x03, 0xdf, 0x03,
    0xbf, 0x03, 0xdf, 0x03, 0xbf, 0x03, 0xdf, 0x03, 0xbf, 0x03, 0xdf, 0x03,
    0xbf, 0x03, 0xdf, 0x03, 0xbf, 0x03, 0xdf, 0x03, 0xbf, 0x03, 0xdf, 0x03,
    0xbf, 0x03, 0xdf, 0x03, 0xbf, 0x03, 0xdf, 0x03, 0xbf, 0x03, 0xbf, 0x03,
    0xdf, 0x03, 0xbf, 0x03, 0xbf, 0x03, 0xdf, 0x03, 0xbf, 0x03, 0xbf, 0x03,
    0xbf, 0x03, 0xbf, 0x03, 0xbf, 0x03, 0xbf, 0x03, 0xbf, 0x03, 0xdf, 0x03,
    0xbf, 0x03, 0xbf, 0x03, 0xbf, 0x03, 0xbf, 0x03, 0xbf, 0x03, 0xbf, 0x03,
    0xbf, 0x03, 0xbf, 0x03, 0xbf, 0x03, 0xbf, 0x03, 0xbf, 0x03, 0xbf, 0x03,
    0xbf, 0x03, 0xbf, 0x03, 0xbf, 0x03, 0xbf, 0x03, 0xbf, 0x03, 0xbf, 0x03,
    0xbf, 0x03, 0xbf, 0x03, 0xbf, 0x03, 0xbf, 0x03, 0xbf, 0x03, 0xbf, 0x03,
    0xbf, 0x03, 0xbf, 0x03, 0xbf, 0x03, 0xbf, 0x03, 0xbf, 0x03, 0xbf, 0x03,
    0xdf, 0x03, 0xbf, 0x03, 0xbf, 0x03, 0xbf, 0x03, 0xbf, 0x03, 0xbf, 0x03,
    0xdf, 0x03, 0xdf, 0x03, 0xdf, 0x03, 0xe3, 0x20, 0x8e, 0x6b, 0x4e, 0x63,
    0x8a, 0x5a, 0x49, 0x52, 0x00, 0x00, 0x2a, 0x3a, 0x4e, 0x6b, 0x6d, 0x73,
    0x69, 0x4a, 0x34, 0x95, 0x2a, 0x4a, 0xaf, 0x7b, 0x4d, 0x63, 0x51, 0x8c,
    0x10, 0x7c, 0x10, 0x7c, 0x0c, 0x6b, 0xb2, 0x84, 0x6d, 0x7b, 0xe5, 0x10,
    0xc9, 0x5a, 0x8f, 0x7b, 0x72, 0x7c, 0x2e, 0x6b, 0x8e, 0x73, 0x2b, 0x63,
    0x0c, 0x63, 0xec, 0x4a, 0xaa, 0x62, 0x8a, 0x4a, 0x74, 0xa5, 0xcd, 0x52,
    0x48, 0x52, 0x2c, 0x63, 0xe4, 0x18, 0x0b, 0x5b, 0xa6, 0x31, 0xc7, 0x39,
    0xca, 0x52, 0xcb, 0x52, 0xa7, 0x31, 0x65, 0x31, 0xf4, 0x8c, 0xa1, 0x20,
    0x40, 0x00, 0x60, 0x08, 0x60, 0x08, 0x60, 0x08, 0x60, 0x08, 0x60, 0x08,
    0x60, 0x08, 0x60, 0x08, 0x60, 0x08, 0x60, 0x08, 0x60, 0x08, 0x60, 0x08,
    0x60, 0x08, 0x60, 0x08, 0x60, 0x08, 0x40, 0x00, 0x44, 0x29, 0x42, 0x68,
    0x4c, 0x75, 0xe6, 0x37, 0x21, 0x10, 0x40, 0x08, 0x60, 0x08, 0x60, 0x08,
    0xf0, 0x7b, 0xf0, 0x83, 0x00, 0x00, 0x71, 0x84, 0x08, 0x52, 0x4a, 0x52,
    0x00, 0x00, 0x8a, 0x39, 0xd5, 0xad, 0xb0, 0x7b, 0x2c, 0x63, 0xa7, 0x31,
    0x29, 0x3a, 0x6c, 0x73, 0x90, 0x7b, 0x70, 0x8c, 0xee, 0x62, 0x4d, 0x73,
    0x00, 0x00, 0x10, 0x7c, 0xd5, 0x8c, 0x49, 0x5a, 0x6c, 0x4a, 0xac, 0x73,
    0x54, 0x8c, 0xc7, 0x39, 0x30, 0x7c, 0x00, 0x00, 0x4d, 0x6b, 0x8a, 0x5a,
    0xd3, 0x9c, 0xf2, 0x73, 0xee, 0x83, 0xcd, 0x4a, 0xaa, 0x6a, 0x20, 0x00,
    0x60, 0x08, 0x60, 0x08, 0x60, 0x08, 0x60, 0x08, 0x60, 0x08, 0x60, 0x08,
    0x60, 0x08, 0x60, 0x08, 0x60, 0x08, 0x60, 0x08, 0x60, 0x08, 0x60, 0x08,
    0x60, 0x08, 0x60, 0x08, 0x60, 0x08, 0x60, 0x08, 0x60, 0x08, 0x60, 0x08,
    0x60, 0x08, 0x60, 0x08, 0x60, 0x08, 0x60, 0x08, 0x60, 0x08, 0x60, 0x08,
    0x60, 0x08, 0x40, 0x00, 0xa0, 0x18, 0x16, 0x13, 0xdf, 0x03, 0xbf, 0x03,
    0xdf, 0x03, 0xdf, 0x03, 0xbf, 0x03, 0xdf, 0x03, 0xdf, 0x03, 0xdf, 0x03,
    0xdf, 0x03, 0xdf, 0x03, 0xdf, 0x03, 0xdf, 0x03, 0xdf, 0x03, 0xdf, 0x03,
    0xdf, 0x03, 0xdf, 0x03, 0xdf, 0x03, 0xdf, 0x03, 0xdf, 0x03, 0xdf, 0x03,
    0xdf, 0x03, 0xdf, 0x03, 0xdf, 0x03, 0xdf, 0x03, 0xdf, 0x03, 0xdf, 0x03,
    0xdf, 0x03, 0xdf, 0x03, 0xbf, 0x03, 0xdf, 0x03, 0xdf, 0x03, 0xdf, 0x03,
    0xdf, 0x03, 0xbf, 0x03, 0xdf, 0x03, 0xdf, 0x03, 0xbf, 0x03, 0xdf, 0x03,
    0xdf, 0x03, 0xbf, 0x03, 0xdf, 0x03, 0xdf, 0x03, 0xdf, 0x03, 0xbf, 0x03,
    0xdf, 0x03, 0xdf, 0x03, 0xdf, 0x03, 0xbf, 0x03, 0xdf, 0x03, 0xdf, 0x03,
    0xdf, 0x03, 0xbf, 0x03, 0xdf, 0x03, 0xdf, 0x03, 0xdf, 0x03, 0xdf, 0x03,
    0xdf, 0x03, 0xdf, 0x03, 0xbf, 0x03, 0xdf, 0x03, 0xdf, 0x03, 0xdf, 0x03,
    0xdf, 0x03, 0xdf, 0x03, 0xdf, 0x03, 0xdf, 0x03, 0xdf, 0x03, 0xdf, 0x03,
    0xdf, 0x03, 0xdf, 0x03, 0xdf, 0x03, 0xdf, 0x03, 0xdf, 0x03, 0xdf, 0x03,
    0xdf, 0x03, 0xdf, 0x03, 0xdf, 0x03, 0xdf, 0x03, 0xdf, 0x03, 0xdf, 0x03,
    0xdf, 0x03, 0xdf, 0x03, 0xdf, 0x03, 0xdf, 0x03, 0xdf, 0x03, 0xdf, 0x03,
    0xdf, 0x03, 0xdf, 0x03, 0xdf, 0x03, 0xdf, 0x03, 0xdf, 0x03, 0xdf, 0x03,
    0xdf, 0x03, 0xdf, 0x03, 0xdf, 0x03, 0xdf, 0x03, 0xdf, 0x03, 0xdf, 0x03,
    0xbf, 0x03, 0xdf, 0x03, 0xdf, 0x03, 0xdf, 0x03, 0xdf, 0x03, 0xbf, 0x03,
    0xdf, 0x03, 0xbf, 0x03, 0xff, 0x03, 0xe3, 0x20, 0x6f, 0x6b, 0xa6, 0x31,
    0x2c, 0x6b, 0xe8, 0x49, 0x00, 0x00, 0xeb, 0x5a, 0x00, 0x00, 0xb2, 0x8c,
    0xc7, 0x39, 0xd4, 0x8c, 0xa6, 0x31, 0x23, 0x21, 0x69, 0x4a, 0x09, 0x42,
    0x2d, 0x5b, 0x50, 0x84, 0xea, 0x5a, 0x29, 0x42, 0xc7, 0x39, 0xcd, 0x52,
    0xf3, 0x9c, 0x2f, 0x84, 0x0d, 0x4b, 0xf0, 0x83, 0x47, 0x4a, 0x2b, 0x5b,
    0xc7, 0x39, 0xe8, 0x29, 0x20, 0x18, 0x6e, 0x63, 0xb3, 0x8c, 0xf4, 0x8c,
    0x65, 0x39, 0xe7, 0x39, 0x29, 0x42, 0x2b, 0x42, 0xce, 0x73, 0x92, 0x7c,
    0xe8, 0x49, 0x6d, 0x73, 0x6d, 0x6b, 0xb3, 0x9c, 0x29, 0x42, 0x00, 0x08,
    0x60, 0x08, 0x60, 0x08, 0x60, 0x08, 0x60, 0x08, 0x60, 0x08, 0x60, 0x08,
    0x60, 0x08, 0x60, 0x08, 0x60, 0x08, 0x60, 0x08, 0x60, 0x08, 0x60, 0x08,
    0x60, 0x08, 0x60, 0x08, 0x60, 0x08, 0x40, 0x00, 0x45, 0x29, 0x00, 0x68,
    0x6b, 0x6d, 0xe3, 0x1f, 0x21, 0x10, 0x60, 0x08, 0x60, 0x08, 0x60, 0x08,
    0xef, 0x7b, 0xf0, 0x83, 0x00, 0x00, 0x48, 0x42, 0x08, 0x32, 0x8a, 0x5a,
    0x60, 0x00, 0x50, 0x7c, 0x87, 0x31, 0xc6, 0x39, 0x27, 0x4a, 0x46, 0x21,
    0xeb, 0x62, 0x6a, 0x3a, 0x2c, 0x63, 0xca, 0x52, 0x27, 0x42, 0xd3, 0x94,
    0x00, 0x00, 0x6d, 0x63, 0xab, 0x52, 0x69, 0x52, 0xcb, 0x5a, 0x27, 0x42,
    0x08, 0x42, 0x10, 0x84, 0x6c, 0x63, 0x20, 0x00, 0x8e, 0x63, 0x69, 0x4a,
    0x69, 0x42, 0xe7, 0x49, 0xca, 0x52, 0x6d, 0x5b, 0x88, 0x52, 0x20, 0x00,
    0x60, 0x08, 0x60, 0x08, 0x60, 0x08, 0x60, 0x08, 0x60, 0x08, 0x60, 0x08,
    0x60, 0x08, 0x60, 0x08, 0x60, 0x08, 0x60, 0x08, 0x60, 0x08, 0x60, 0x08,
    0x60, 0x08, 0x60, 0x08, 0x60, 0x08, 0x60, 0x08, 0x60, 0x08, 0x60, 0x08,
    0x60, 0x08, 0x60, 0x08, 0x60, 0x08, 0x60, 0x08, 0x60, 0x08, 0x60, 0x08,
    0x60, 0x08, 0x60, 0x08, 0xa0, 0x18, 0x16, 0x13, 0xff, 0x03, 0xff, 0x03,
    0xff, 0x0b, 0xdf, 0x03, 0xff, 0x03, 0xdf, 0x0b, 0xdf, 0x03, 0xdf, 0x03,
    0xdf, 0x0b, 0xdf, 0x03, 0xdf, 0x03, 0xdf, 0x0b, 0xff, 0x03, 0xdf, 0x03,
    0xdf, 0x0b, 0xff, 0x03, 0xdf, 0x03, 0xdf, 0x0b, 0xff, 0x03, 0xdf, 0x03,
    0xdf, 0x0b, 0xff, 0x03, 0xdf, 0x0b, 0xdf, 0x03, 0xdf, 0x0b, 0xdf, 0x03,
    0xff, 0x03, 0xdf, 0x0b, 0xff, 0x03, 0xdf, 0x03, 0xdf, 0x0b, 0xff, 0x03,
    0xdf, 0x03, 0xff, 0x0b, 0xdf, 0x03, 0xdf, 0x03, 0xff, 0x03, 0xdf, 0x0b,
    0xdf, 0x03, 0xff, 0x03, 0xdf, 0x0b, 0xdf, 0x03, 0xff, 0x03, 0xdf, 0x0b,
    0xdf, 0x03, 0xdf, 0x03, 0xff, 0x0b, 0xdf, 0x03, 0xdf, 0x03, 0xdf, 0x0b,
    0xff, 0x03, 0xdf, 0x03, 0xdf, 0x0b, 0xdf, 0x03, 0xdf, 0x03, 0xdf, 0x0b,
    0xdf, 0x03, 0xff, 0x03, 0xdf, 0x0b, 0xdf, 0x03, 0xff, 0x03, 0xdf, 0x03,
    0xdf, 0x03, 0xff, 0x03, 0xdf, 0x03, 0xdf, 0x03, 0xdf, 0x03, 0xdf, 0x0b,
    0xdf, 0x03, 0xff, 0x03, 0xdf, 0x0b, 0xdf, 0x03, 0xff, 0x03, 0xdf, 0x03,
    0xdf, 0x03, 0xff, 0x03, 0xdf, 0x03, 0xdf, 0x03, 0xff, 0x03, 0xdf, 0x03,
    0xdf, 0x03, 0xdf, 0x03, 0xdf, 0x03, 0xff, 0x03, 0xdf, 0x03, 0xdf, 0x03,
    0xdf, 0x03, 0xdf, 0x0b, 0xff, 0x03, 0xdf, 0x03, 0xdf, 0x03, 0xff, 0x0b,
    0xdf, 0x03, 0xdf, 0x03, 0xff, 0x0b, 0xdf, 0x03, 0xdf, 0x03, 0xff, 0x03,
    0xdf, 0x0b, 0xdf, 0x03, 0xff, 0x03, 0xdf, 0x0b, 0xff, 0x03, 0xff, 0x03,
    0xdf, 0x0b, 0xdf, 0x03, 0x1f, 0x0c, 0x04, 0x29, 0x65, 0x29, 0x65, 0x21,
    0x69, 0x52, 0x8e, 0x63, 0xc2, 0x18, 0x66, 0x21, 0x2c, 0x6b, 0xe6, 0x39,
    0x11, 0x84, 0x4c, 0x5b, 0x0c, 0x63, 0x4c, 0x5b, 0x88, 0x52, 0x86, 0x31,
    0xca, 0x4a, 0xaa, 0x4a, 0x29, 0x4a, 0x84, 0x31, 0x2d, 0x5b, 0x20, 0x08,
    0x63, 0x29, 0x24, 0x21, 0x0b, 0x5b, 0x49, 0x42, 0xcb, 0x52, 0x28, 0x4a,
    0x4d, 0x6b, 0x69, 0x42, 0x89, 0x52, 0x29, 0x42, 0xad, 0x6b, 0x61, 0x08,
    0x0c, 0x63, 0x68, 0x4a, 0xca, 0x52, 0x26, 0x29, 0xea, 0x52, 0x6a, 0x4a,
    0x31, 0x7c, 0x70, 0x8c, 0x49, 0x42, 0x2b, 0x63, 0xc6, 0x29, 0xe2, 0x20,
    0x60, 0x08, 0x60, 0x08, 0x60, 0x08, 0x60, 0x08, 0x60, 0x08, 0x60, 0x08,
    0x60, 0x08, 0x60, 0x08, 0x60, 0x08, 0x60, 0x08, 0x60, 0x08, 0x60, 0x08,
    0x60, 0x08, 0x60, 0x08, 0x60, 0x08, 0x60, 0x08, 0x81, 0x08, 0xe6, 0x39,
    0x85, 0x31, 0x86, 0x39, 0x60, 0x08, 0x60, 0x08, 0x60, 0x08, 0x60, 0x08,
    0xef, 0x7b, 0xef, 0x83, 0x00, 0x00, 0x20, 0x00, 0x20, 0x00, 0x23, 0x19,
    0x89, 0x52, 0x00, 0x00, 0x20, 0x00, 0x20, 0x00, 0x20, 0x00, 0x40, 0x00,
    0x20, 0x00, 0x20, 0x00, 0x00, 0x00, 0x00, 0x00, 0x00, 0x00, 0xcb, 0x62,
    0x20, 0x00, 0x00, 0x00, 0x20, 0x00, 0x20, 0x00, 0x20, 0x00, 0x20, 0x00,
    0xc2, 0x10, 0x28, 0x4a, 0x00, 0x00, 0x60, 0x08, 0x00, 0x00, 0x20, 0x00,
    0x20, 0x00, 0x20, 0x00, 0x20, 0x00, 0x00, 0x00, 0x20, 0x00, 0x60, 0x08,
    0x60, 0x08, 0x60, 0x08, 0x40, 0x08, 0x60, 0x08, 0x60, 0x08, 0x60, 0x08,
    0x40, 0x08, 0x60, 0x08, 0x60, 0x08, 0x60, 0x08, 0x60, 0x08, 0x60, 0x08,
    0x60, 0x08, 0x60, 0x08, 0x60, 0x08, 0x60, 0x08, 0x60, 0x08, 0x60, 0x08,
    0x60, 0x08, 0x60, 0x08, 0x60, 0x08, 0x60, 0x08, 0x60, 0x08, 0x60, 0x08,
    0x60, 0x08, 0x40, 0x08, 0xe1, 0x18, 0x08, 0x32, 0xc8, 0x31, 0xe8, 0x31,
    0xc8, 0x29, 0xc8, 0x31, 0xe8, 0x31, 0xe8, 0x29, 0xc8, 0x31, 0xe8, 0x31,
    0xe8, 0x29, 0xe8, 0x31, 0xc8, 0x31, 0xe8, 0x29, 0xc8, 0x31, 0xc8, 0x31,
    0xe8, 0x29, 0xc8, 0x31, 0xc8, 0x31, 0xe8, 0x29, 0xc8, 0x31, 0xc8, 0x31,
    0xe8, 0x29, 0xc8, 0x31, 0xc8, 0x31, 0xe8, 0x29, 0xe8, 0x31, 0xc8, 0x31,
    0xc8, 0x29, 0xe8, 0x31, 0xc8, 0x31, 0xe8, 0x29, 0xc8, 0x31, 0xc8, 0x31,
    0xe8, 0x29, 0xc8, 0x31, 0xe8, 0x31, 0xe8, 0x29, 0xc8, 0x31, 0xe8, 0x31,
    0xe8, 0x29, 0xc8, 0x31, 0xe8, 0x31, 0xc8, 0x31, 0xe8, 0x29, 0xe8, 0x31,
    0xc8, 0x31, 0xe8, 0x29, 0xc8, 0x31, 0xe8, 0x31, 0xe8, 0x29, 0xc8, 0x31,
    0xe8, 0x31, 0xe8, 0x29, 0xc8, 0x31, 0xe8, 0x31, 0xe8, 0x29, 0xc8, 0x31,
    0xe8, 0x31, 0xc8, 0x29, 0xe8, 0x31, 0xc8, 0x31, 0xe8, 0x31, 0xc8, 0x31,
    0xc8, 0x31, 0xe8, 0x31, 0xc8, 0x31, 0xe8, 0x31, 0xe8, 0x31, 0xc8, 0x29,
    0xe8, 0x31, 0xc8, 0x31, 0xc8, 0x29, 0xe8, 0x31, 0xc8, 0x31, 0xc8, 0x31,
    0xe8, 0x31, 0xc8, 0x31, 0xc8, 0x31, 0xe8, 0x29, 0xc8, 0x31, 0xe8, 0x31,
    0xe8, 0x31, 0xc8, 0x31, 0xe8, 0x31, 0xc8, 0x31, 0xc8, 0x31, 0xe8, 0x31,
    0xe8, 0x31, 0xc8, 0x29, 0xc8, 0x31, 0xe8, 0x31, 0xc8, 0x31, 0xc8, 0x29,
    0xe8, 0x31, 0xc8, 0x31, 0xc8, 0x29, 0xe8, 0x31, 0xc8, 0x31, 0xe8, 0x31,
    0xe8, 0x29, 0xc8, 0x31, 0xc8, 0x31, 0xe8, 0x29, 0xc8, 0x31, 0xc8, 0x31,
    0xe8, 0x29, 0xe8, 0x31, 0xe8, 0x31, 0xc6, 0x39, 0x20, 0x00, 0x40, 0x00,
    0x20, 0x00, 0x00, 0x00, 0x89, 0x4a, 0x23, 0x21, 0x00, 0x00, 0xa2, 0x10,
    0x49, 0x52, 0x00, 0x00, 0x20, 0x00, 0x00, 0x00, 0x20, 0x00, 0x40, 0x00,
    0x20, 0x00, 0x20, 0x00, 0x20, 0x00, 0x40, 0x00, 0x20, 0x00, 0x40, 0x08,
    0x40, 0x00, 0x40, 0x00, 0x00, 0x00, 0x20, 0x00, 0x20, 0x00, 0x20, 0x00,
    0x00, 0x00, 0x20, 0x00, 0x20, 0x00, 0x20, 0x00, 0x00, 0x00, 0x40, 0x08,
    0x20, 0x00, 0x20, 0x00, 0x20, 0x00, 0x40, 0x00, 0x20, 0x00, 0x00, 0x00,
    0x25, 0x21, 0x22, 0x29, 0x00, 0x00, 0x00, 0x00, 0x40, 0x00, 0x40, 0x08,
    0x60, 0x08, 0x60, 0x08, 0x60, 0x08, 0x60, 0x08, 0x60, 0x08, 0x60, 0x08,
    0x60, 0x08, 0x60, 0x08, 0x60, 0x08, 0x60, 0x08, 0x60, 0x08, 0x60, 0x08,
    0x60, 0x08, 0x60, 0x08, 0x60, 0x08, 0x60, 0x08, 0x40, 0x00, 0x40, 0x00,
    0x20, 0x00, 0x40, 0x00, 0x60, 0x08, 0x40, 0x08, 0x60, 0x08, 0x60, 0x08,
    0xcf, 0x7b, 0xcf, 0x7b, 0x00, 0x00, 0x00, 0x00, 0x00, 0x00, 0x00, 0x00,
    0x00, 0x00, 0x00, 0x00, 0x00, 0x00, 0x00, 0x00, 0x00, 0x00, 0x00, 0x00,
    0x00, 0x00, 0x00, 0x00, 0x00, 0x00, 0x00, 0x00, 0x00, 0x00, 0x00, 0x00,
    0x00, 0x00, 0x00, 0x00, 0x00, 0x00, 0x00, 0x00, 0x00, 0x00, 0x00, 0x00,
    0x00, 0x00, 0x00, 0x00, 0x00, 0x00, 0x00, 0x00, 0x00, 0x00, 0x00, 0x00,
    0x00, 0x00, 0x00, 0x00, 0x00, 0x00, 0x00, 0x00, 0x00, 0x00, 0x00, 0x00,
    0x00, 0x00, 0x00, 0x00, 0x00, 0x00, 0x00, 0x00, 0x00, 0x00, 0x00, 0x00,
    0x00, 0x00, 0x00, 0x00, 0x00, 0x00, 0x00, 0x00, 0x00, 0x00, 0x00, 0x00,
    0x00, 0x00, 0x00, 0x00, 0x00, 0x00, 0x00, 0x00, 0x00, 0x00, 0x00, 0x00,
    0x00, 0x00, 0x00, 0x00, 0x00, 0x00, 0x00, 0x00, 0x00, 0x00, 0x00, 0x00,
    0x00, 0x00, 0x00, 0x00, 0x00, 0x00, 0x40, 0x08, 0x20, 0x08, 0x40, 0x08,
    0x20, 0x00, 0x40, 0x08, 0x20, 0x08, 0x40, 0x08, 0x40, 0x08, 0x40, 0x08,
    0x40, 0x08, 0x20, 0x08, 0x40, 0x08, 0x40, 0x08, 0x20, 0x08, 0x40, 0x08,
    0x40, 0x08, 0x20, 0x08, 0x40, 0x08, 0x40, 0x08, 0x40, 0x08, 0x40, 0x08,
    0x40, 0x08, 0x20, 0x00, 0x40, 0x08, 0x40, 0x08, 0x20, 0x00, 0x40, 0x08,
    0x40, 0x08, 0x20, 0x08, 0x40, 0x08, 0x60, 0x08, 0x40, 0x08, 0x40, 0x08,
    0x20, 0x08, 0x40, 0x00, 0x20, 0x08, 0x20, 0x08, 0x40, 0x08, 0x20, 0x08,
    0x20, 0x08, 0x40, 0x08, 0x40, 0x08, 0x60, 0x08, 0x20, 0x08, 0x40, 0x08,
    0x40, 0x08, 0x20, 0x00, 0x40, 0x08, 0x20, 0x08, 0x40, 0x00, 0x20, 0x08,
    0x20, 0x08, 0x40, 0x08, 0x40, 0x08, 0x40, 0x08, 0x40, 0x08, 0x40, 0x08,
    0x20, 0x00, 0x40, 0x08, 0x40, 0x08, 0x20, 0x00, 0x40, 0x08, 0x40, 0x08,
    0x20, 0x08, 0x40, 0x08, 0x60, 0x08, 0x40, 0x00, 0x20, 0x00, 0x40, 0x00,
    0x40, 0x08, 0x20, 0x00, 0x40, 0x00, 0x40, 0x00, 0x40, 0x08, 0x40, 0x00,
    0x40, 0x08, 0x40, 0x08, 0x40, 0x08, 0x20, 0x00, 0x20, 0x08, 0x20, 0x00,
    0x20, 0x00, 0x40, 0x08, 0x40, 0x00, 0x20, 0x08, 0x40, 0x08, 0x20, 0x00,
    0x40, 0x08, 0x60, 0x08, 0x40, 0x08, 0x40, 0x08, 0x20, 0x00, 0x40, 0x08,
    0x40, 0x08, 0x40, 0x08, 0x20, 0x00, 0x40, 0x08, 0x40, 0x08, 0x20, 0x08,
    0x40, 0x08, 0x40, 0x08, 0x40, 0x08, 0x40, 0x08, 0x40, 0x08, 0x40, 0x08,
    0x40, 0x08, 0x40, 0x08, 0x60, 0x08, 0x00, 0x00, 0x00, 0x00, 0x00, 0x00,
    0x00, 0x00, 0x00, 0x00, 0x00, 0x00, 0x00, 0x00, 0x00, 0x00, 0x00, 0x00,
    0x00, 0x00, 0x00, 0x00, 0x00, 0x00, 0x00, 0x00, 0x00, 0x00, 0x00, 0x00,
    0x00, 0x00, 0x00, 0x00, 0x00, 0x00, 0x00, 0x00, 0x00, 0x00, 0x00, 0x00,
    0x00, 0x00, 0x00, 0x00, 0x00, 0x00, 0x00, 0x00, 0x00, 0x00, 0x00, 0x00,
    0x00, 0x00, 0x00, 0x00, 0x00, 0x00, 0x00, 0x00, 0x00, 0x00, 0x00, 0x00,
    0x00, 0x00, 0x00, 0x00, 0x00, 0x00, 0x00, 0x00, 0x00, 0x00, 0x00, 0x00,
    0x00, 0x00, 0x00, 0x00, 0x00, 0x00, 0x00, 0x00, 0x00, 0x00, 0x00, 0x00,
    0x00, 0x00, 0x00, 0x00, 0x00, 0x00, 0x00, 0x00, 0x00, 0x00, 0x00, 0x00,
    0x00, 0x00, 0x00, 0x00, 0x00, 0x00, 0x00, 0x00, 0x00, 0x00, 0x00, 0x00,
    0x00, 0x00, 0x00, 0x00, 0x00, 0x00, 0x00, 0x00, 0x00, 0x00, 0x00, 0x00,
    0x00, 0x00, 0x00, 0x00, 0x00, 0x00, 0x00, 0x00, 0x00, 0x00, 0x00, 0x00,
    0xcf, 0x7b, 0x4d, 0x6b, 0x18, 0xb6, 0x18, 0xb6, 0x18, 0xb6, 0x18, 0xbe,
    0x36, 0x8d, 0x36, 0x8d, 0x18, 0xb6, 0x18, 0xb6, 0x18, 0xb6, 0x18, 0xb6,
    0x18, 0xb6, 0x38, 0xb6, 0x38, 0xbe, 0x59, 0xbe, 0x79, 0xc6, 0x9a, 0xc6,
    0x9a, 0xce, 0xdc, 0xce, 0xdc, 0xce, 0xbb, 0xce, 0xba, 0xce, 0xba, 0xce,
    0xbb, 0xce, 0xbb, 0xce, 0xba, 0xce, 0xba, 0xce, 0xbb, 0xce, 0xba, 0xce,
    0xba, 0xce, 0xbb, 0xce, 0xba, 0xce, 0xba, 0xce, 0xbb, 0xce, 0xdb, 0xce,
    0x75, 0xa5, 0x79, 0xc6, 0x59, 0xbe, 0x9a, 0xc6, 0xfb, 0xc6, 0xdb, 0xbe,
    0x9a, 0xbe, 0x59, 0xbe, 0x59, 0xbe, 0xb6, 0xad, 0x17, 0xb6, 0x79, 0xc6,
    0xba, 0xc6, 0xba, 0xce, 0xba, 0xce, 0xba, 0xc6, 0xba, 0xc6, 0xba, 0xce,
    0xba, 0xce, 0xba, 0xc6, 0xba, 0xce, 0xba, 0xce, 0xdb, 0xce, 0x75, 0x9d,
    0x79, 0xc6, 0x59, 0xbe, 0x79, 0xc6, 0x59, 0xbe, 0x59, 0xbe, 0x38, 0xbe,
    0x59, 0xbe, 0x58, 0xbe, 0x38, 0xbe, 0x59, 0xbe, 0xd7, 0xad, 0xba, 0xce,
    0xba, 0xc6, 0xba, 0xc6, 0xba, 0xc6, 0xba, 0xce, 0xba, 0xce, 0xba, 0xc6,
    0xba, 0xc6, 0xba, 0xc6, 0xba, 0xc6, 0xba, 0xce, 0x75, 0x9d, 0x79, 0xc6,
    0x59, 0xbe, 0x59, 0xbe, 0x59, 0xbe, 0x7a, 0xbe, 0x59, 0xbe, 0x59, 0xbe,
    0x58, 0xbe, 0x38, 0xbe, 0x59, 0xbe, 0x96, 0xa5, 0xb6, 0xad, 0x59, 0xbe,
    0x59, 0xbe, 0x59, 0xbe, 0x59, 0xbe, 0x59, 0xbe, 0x39, 0xbe, 0x59, 0xbe,
    0x59, 0xbe, 0x39, 0xbe, 0x17, 0xb6, 0x35, 0x9d, 0x79, 0xc6, 0x59, 0xbe,
    0x7a, 0xc6, 0x79, 0xc6, 0x7a, 0xc6, 0x59, 0xbe, 0x59, 0xbe, 0x9a, 0xc6,
    0x59, 0xbe, 0x58, 0xbe, 0xf7, 0xad, 0x55, 0x9d, 0x79, 0xc6, 0x7a, 0xc6,
    0xdb, 0xce, 0xfb, 0xd6, 0xdb, 0xce, 0xdb, 0xce, 0xdb, 0xce, 0x9a, 0xc6,
    0x58, 0xbe, 0x59, 0xbe, 0xd2, 0x8c, 0x56, 0xd6, 0x35, 0xce, 0xb6, 0xde,
    0xb6, 0xde, 0xb4, 0xd6, 0x93, 0xde, 0xb2, 0xe6, 0x50, 0xd6, 0x0f, 0xce,
    0x50, 0xa5, 0x38, 0xb6, 0x96, 0xa5, 0x79, 0xc6, 0x79, 0xc6, 0x79, 0xc6,
    0x9a, 0xce, 0xdb, 0xce, 0xdc, 0xce, 0x9c, 0xc6, 0x9a, 0xc6, 0x79, 0xc6,
    0x9a, 0xce, 0xf3, 0x94, 0x59, 0xbe, 0x59, 0xbe, 0xda, 0xbe, 0xfb, 0xbe,
    0xfb, 0xbe, 0xdb, 0xbe, 0xdb, 0xbe, 0xdb, 0xbe, 0x79, 0xbe, 0x58, 0xbe,
    0x96, 0xa5, 0x99, 0xc6, 0x59, 0xbe, 0x38, 0xbe, 0x38, 0xb6, 0x17, 0xb6,
    0xf7, 0xb5, 0x17, 0xb6, 0xf8, 0xb5, 0x18, 0xb6, 0x18, 0xb6, 0x18, 0xb6,
    0x18, 0xb6, 0x18, 0xb6, 0x18, 0xb6, 0x18, 0xb6, 0x18, 0xb6, 0x18, 0xb6,
    0x18, 0xb6, 0x18, 0xb6, 0x18, 0xb6, 0x18, 0xb6, 0x18, 0xb6, 0x18, 0xb6,
    0x18, 0xb6, 0x18, 0xb6, 0x18, 0xb6, 0x18, 0xb6, 0x18, 0xb6, 0x18, 0xb6,
    0x18, 0xb6, 0x18, 0xb6, 0x18, 0xb6, 0x18, 0xb6, 0x18, 0xb6, 0x18, 0xb6,
    0x18, 0xb6, 0x18, 0xb6, 0x18, 0xb6, 0x18, 0xb6, 0x18, 0xb6, 0x18, 0xb6,
    0x18, 0xb6, 0x18, 0xb6, 0x18, 0xb6, 0x18, 0xb6, 0x18, 0xb6, 0x18, 0xb6,
    0x18, 0xb6, 0x18, 0xb6, 0x18, 0xb6, 0x18, 0xb6, 0x18, 0xb6, 0x18, 0xb6,
    0x18, 0xb6, 0x18, 0xb6, 0x18, 0xb6, 0x18, 0xb6, 0x18, 0xb6, 0x18, 0xb6,
    0x18, 0xb6, 0x18, 0xb6, 0x18, 0xb6, 0x18, 0xb6, 0x18, 0xb6, 0x18, 0xb6,
    0x18, 0xb6, 0x18, 0xb6, 0x18, 0xb6, 0x18, 0xb6, 0x18, 0xb6, 0x18, 0xb6,
    0x18, 0xb6, 0x18, 0xb6, 0x9a, 0xc6, 0x9a, 0xc6, 0x79, 0xc6, 0x59, 0xbe,
    0xcf, 0x7b, 0x2d, 0x6b, 0xb6, 0xa5, 0xb6, 0xad, 0x96, 0xa5, 0x57, 0x95,
    0xfd, 0xc6, 0xfc, 0xc6, 0x98, 0x9d, 0x75, 0xa5, 0x96, 0xad, 0x95, 0xad,
    0x96, 0xad, 0xb6, 0xad, 0xf7, 0xb5, 0x38, 0xbe, 0x99, 0xc6, 0xdb, 0xce,
    0xbb, 0xc6, 0x2e, 0xff, 0x8a, 0xf6, 0x3c, 0xdf, 0x3d, 0xdf, 0x3c, 0xdf,
    0x3c, 0xdf, 0x3c, 0xdf, 0x3c, 0xdf, 0x5d, 0xdf, 0x5c, 0xe7, 0x5c, 0xe7,
    0x5d, 0xe7, 0x5d, 0xe7, 0x5c, 0xdf, 0x3c, 0xdf, 0x3c, 0xdf, 0x5d, 0xdf,
    0x9a, 0xc6, 0xff, 0xff, 0xff, 0xff, 0x3c, 0xff, 0xea, 0xf2, 0xea, 0xea,
    0xfc, 0xf6, 0xff, 0xef, 0xbe, 0xef, 0xdb, 0xce, 0xfb, 0xd6, 0x1c, 0xd7,
    0x3c, 0xdf, 0x3c, 0xdf, 0x3c, 0xdf, 0x5d, 0xdf, 0xbd, 0xef, 0x9c, 0xef,
    0x5c, 0xdf, 0x5c, 0xdf, 0x3c, 0xdf, 0x3c, 0xdf, 0x5d, 0xdf, 0x79, 0xc6,
    0xff, 0xff, 0xff, 0xff, 0xff, 0xff, 0xff, 0xff, 0xff, 0xff, 0xff, 0xf7,
    0xff, 0xf7, 0xdf, 0xef, 0x9e, 0xe7, 0xbe, 0xef, 0x9a, 0xc6, 0x5c, 0xdf,
    0x3c, 0xdf, 0x3c, 0xdf, 0x5c, 0xe7, 0x7d, 0xe7, 0xfd, 0xc6, 0x9d, 0xef,
    0x3c, 0xdf, 0x3c, 0xdf, 0x3c, 0xdf, 0x5d, 0xdf, 0x59, 0xc6, 0xff, 0xff,
    0xff, 0xff, 0xff, 0xff, 0xff, 0xff, 0x38, 0xfe, 0xda, 0xfe, 0xff, 0xef,
    0xbe, 0xef, 0x9e, 0xe7, 0xde, 0xef, 0xf7, 0xb5, 0x9e, 0xe7, 0xff, 0xff,
    0xff, 0xff, 0xff, 0xff, 0xff, 0xff, 0xff, 0xff, 0xff, 0xff, 0xff, 0xff,
    0xde, 0xef, 0x9e, 0xe7, 0x5d, 0xe7, 0xd7, 0xad, 0xff, 0xff, 0xff, 0xff,
    0xba, 0xce, 0x99, 0xce, 0xba, 0xce, 0x38, 0xbe, 0xff, 0xff, 0xb2, 0xb4,
    0xdf, 0xef, 0xbe, 0xef, 0xba, 0xce, 0xba, 0xce, 0xff, 0xff, 0xfb, 0xd6,
    0xa9, 0x52, 0x0b, 0x63, 0x0b, 0x5b, 0x0a, 0x5b, 0xc9, 0x52, 0x55, 0x9d,
    0xdf, 0xef, 0xdf, 0xef, 0x13, 0x9d, 0xf9, 0xff, 0xfa, 0xff, 0x12, 0x5c,
    0xf0, 0x6b, 0x10, 0x6c, 0x10, 0x6c, 0xb0, 0x5b, 0x72, 0xe7, 0xee, 0xff,
    0x91, 0xde, 0x1c, 0xd7, 0xba, 0xce, 0xff, 0xff, 0xff, 0xff, 0xde, 0xff,
    0x38, 0xc6, 0x4d, 0x6b, 0x43, 0x6b, 0x64, 0xf7, 0x78, 0xce, 0xff, 0xff,
    0xff, 0xff, 0x34, 0x9d, 0xff, 0xff, 0xff, 0xff, 0xee, 0xfb, 0x68, 0xfa,
    0xa9, 0xfa, 0x89, 0xfa, 0xa9, 0xfa, 0x27, 0xfa, 0xba, 0xe6, 0xdf, 0xef,
    0xba, 0xce, 0xba, 0xce, 0x79, 0xc6, 0x38, 0xbe, 0xd7, 0xad, 0x96, 0xa5,
    0x96, 0xad, 0x96, 0xa5, 0x96, 0xad, 0x96, 0xad, 0x96, 0xa5, 0x96, 0xad,
    0x96, 0xad, 0x96, 0xad, 0x96, 0xad, 0x96, 0xad, 0x95, 0xad, 0x96, 0xad,
    0x96, 0xad, 0x95, 0xad, 0x96, 0xad, 0x96, 0xad, 0x96, 0xad, 0x96, 0xad,
    0x96, 0xad, 0x96, 0xad, 0x96, 0xad, 0x96, 0xad, 0x96, 0xad, 0x96, 0xad,
    0x96, 0xad, 0x96, 0xad, 0x96, 0xad, 0x96, 0xad, 0x96, 0xad, 0x96, 0xad,
    0x96, 0xad, 0x96, 0xad, 0x96, 0xad, 0x96, 0xad, 0x96, 0xad, 0x96, 0xad,
    0x96, 0xad, 0x96, 0xad, 0x96, 0xad, 0x96, 0xad, 0x96, 0xad, 0x96, 0xa5,
    0x96, 0xad, 0x96, 0xad, 0x96, 0xad, 0x96, 0xad, 0x96, 0xad, 0x96, 0xa5,
    0x96, 0xad, 0x96, 0xad, 0x96, 0xa5, 0x96, 0xa5, 0x96, 0xad, 0x96, 0xa5,
    0x96, 0xa5, 0x96, 0xa5, 0x96, 0xa5, 0x75, 0xa5, 0x75, 0xa5, 0x96, 0xa5,
    0x75, 0xa5, 0x75, 0xa5, 0x96, 0xa5, 0x95, 0xa5, 0x75, 0xa5, 0x75, 0xa5,
    0x96, 0xad, 0x96, 0xad, 0xb6, 0xad, 0xb6, 0xad, 0x75, 0xa5, 0x55, 0xa5,
    0xcf, 0x7b, 0x2c, 0x6b, 0x96, 0xa5, 0xb6, 0xad, 0x56, 0x95, 0xb8, 0x9d,
    0xf0, 0x83, 0x17, 0x85, 0x98, 0x95, 0x57, 0x95, 0xb6, 0xad, 0x95, 0xa5,
    0x96, 0xa5, 0xb6, 0xad, 0xf7, 0xb5, 0x18, 0xb6, 0x79, 0xce, 0xdb, 0x7d,
    0x2e, 0xef, 0xef, 0x9d, 0xfa, 0xad, 0xd7, 0xde, 0x3c, 0xd7, 0x3c, 0xdf,
    0x3c, 0xdf, 0x3c, 0xdf, 0x3c, 0xdf, 0xfb, 0xce, 0x7b, 0xb6, 0x7c, 0xa6,
    0x5b, 0xae, 0x5a, 0xae, 0x1c, 0xdf, 0x3c, 0xdf, 0x3c, 0xdf, 0x3c, 0xdf,
    0x59, 0xc6, 0xff, 0xef, 0x9e, 0xf7, 0x43, 0xe1, 0x63, 0xe9, 0x63, 0xe9,
    0x03, 0xe1, 0x1d, 0xe7, 0x9d, 0xe7, 0xda, 0xce, 0xdb, 0xce, 0xfb, 0xd6,
    0x3c, 0xdf, 0x3c, 0xd7, 0x3c, 0xdf, 0x7c, 0xe7, 0x54, 0x31, 0x3c, 0x84,
    0xdd, 0xce, 0xbc, 0xd6, 0x1c, 0xd7, 0x3c, 0xdf, 0x3c, 0xdf, 0x38, 0xbe,
    0xdf, 0xf7, 0xff, 0xf7, 0x6e, 0x96, 0xf8, 0xce, 0xb0, 0xd5, 0x19, 0xe7,
    0x97, 0xde, 0xfa, 0xde, 0x7d, 0xe7, 0x7d, 0xe7, 0x9a, 0xc6, 0x3c, 0xdf,
    0x1c, 0xdf, 0x3c, 0xdf, 0x3c, 0xd7, 0x3e, 0x13, 0x7f, 0x02, 0xfd, 0x33,
    0x7c, 0xef, 0x1c, 0xdf, 0x3c, 0xdf, 0x3c, 0xdf, 0x38, 0xbe, 0xdf, 0xf7,
    0xbe, 0xef, 0xde, 0xef, 0x9e, 0xef, 0xf4, 0xf4, 0xae, 0xfb, 0x9e, 0xef,
    0x7d, 0xe7, 0x7d, 0xe7, 0x9e, 0xe7, 0xf7, 0xb5, 0x3c, 0xdf, 0xff, 0xf7,
    0x1d, 0xcf, 0x3c, 0x9e, 0x3c, 0x9e, 0x1b, 0x9e, 0xfb, 0x8d, 0x9a, 0x85,
    0x7b, 0xb6, 0x9d, 0xe7, 0x3c, 0xdf, 0xd6, 0xad, 0xff, 0xf7, 0xdf, 0xef,
    0x1c, 0xd7, 0xff, 0xff, 0xdf, 0xf7, 0xda, 0xd6, 0xd6, 0xb5, 0x13, 0xa5,
    0xbe, 0xe7, 0x7d, 0xe7, 0xba, 0xce, 0x79, 0xc6, 0xff, 0xff, 0xf7, 0xb5,
    0xe6, 0x39, 0x68, 0x4a, 0x48, 0x42, 0x48, 0x42, 0x27, 0x42, 0x30, 0x84,
    0xbe, 0xef, 0xbe, 0xef, 0x34, 0x9d, 0xf6, 0xff, 0x75, 0xc6, 0xe6, 0x39,
    0xa9, 0x52, 0xca, 0x5a, 0xa9, 0x52, 0x07, 0x42, 0xee, 0x94, 0xcd, 0xff,
    0x50, 0xd6, 0xfc, 0xd6, 0x79, 0xc6, 0xff, 0xf7, 0xff, 0xff, 0x54, 0xad,
    0xb1, 0x94, 0x74, 0xad, 0x16, 0xa5, 0x80, 0x7b, 0xb0, 0xb5, 0xff, 0xf7,
    0xff, 0xef, 0x55, 0x9d, 0xff, 0xf7, 0xff, 0xef, 0x2b, 0xf3, 0x85, 0xf9,
    0xc6, 0xf9, 0xc6, 0xf9, 0xc5, 0xf9, 0x44, 0xf9, 0x59, 0xde, 0xbe, 0xe7,
    0x99, 0xc6, 0xba, 0xce, 0x59, 0xbe, 0x18, 0xb6, 0xd6, 0xad, 0x96, 0xad,
    0x96, 0xa5, 0x95, 0xa5, 0xb5, 0xa5, 0x96, 0xad, 0x95, 0xa5, 0x95, 0xa5,
    0x95, 0xa5, 0x95, 0xa5, 0x95, 0xa5, 0x96, 0xa5, 0xb6, 0xa5, 0xb6, 0xa5,
    0xb6, 0xa5, 0xb6, 0xa5, 0x96, 0xa5, 0x95, 0xa5, 0xb6, 0xa5, 0x95, 0xa5,
    0x96, 0xa5, 0x95, 0xa5, 0x95, 0xa5, 0xb6, 0xa5, 0x96, 0xa5, 0x95, 0xa5,
    0xb6, 0xad, 0xb6, 0xad, 0xb5, 0xad, 0x96, 0xa5, 0xb6, 0xad, 0xb6, 0xad,
    0xb6, 0xad, 0x95, 0xa5, 0xb6, 0xa5, 0xb6, 0xad, 0xb6, 0xad, 0x95, 0xa5,
    0x95, 0xa5, 0xb6, 0xa5, 0x95, 0xad, 0x96, 0xa5, 0x96, 0xa5, 0x95, 0xad,
    0xb6, 0xad, 0xb6, 0xa5, 0x95, 0xa5, 0x96, 0xad, 0x96, 0xa5, 0x95, 0xad,
    0x95, 0xa5, 0x96, 0xad, 0x95, 0xa5, 0x96, 0xad, 0x95, 0xad, 0x96, 0xa5,
    0x95, 0xad, 0x95, 0xad, 0x96, 0xad, 0x59, 0xc6, 0xda, 0xce, 0x55, 0x9d,
    0x79, 0xc6, 0x79, 0xc6, 0x75, 0xa5, 0x59, 0xc6, 0x59, 0xbe, 0x59, 0xc6,
    0x95, 0xa5, 0x96, 0xad, 0x75, 0xa5, 0x54, 0x9d, 0xf3, 0x94, 0xd2, 0x8c,
    0xaf, 0x7b, 0x2c, 0x63, 0x96, 0xa5, 0xb6, 0xad, 0xd5, 0x74, 0xee, 0x72,
    0x60, 0xf2, 0xeb, 0x93, 0x11, 0x54, 0x51, 0x64, 0xb6, 0xa5, 0x96, 0xad,
    0x96, 0xa5, 0xb6, 0xad, 0xf7, 0xb5, 0x18, 0xbe, 0xfa, 0x9d, 0xd6, 0xdf,
    0x48, 0xc5, 0x3f, 0x77, 0x9c, 0x45, 0x1b, 0xe7, 0x1c, 0xdf, 0x3c, 0xd7,
    0x1c, 0xd7, 0x1c, 0xdf, 0x3c, 0xdf, 0x9c, 0xb6, 0x5c, 0xae, 0x0e, 0xcd,
    0xbd, 0xb6, 0x1e, 0x8e, 0x7b, 0xae, 0x3c, 0xdf, 0x1c, 0xd7, 0x3c, 0xdf,
    0x59, 0xc6, 0xff, 0xef, 0x4f, 0xdc, 0x22, 0xe9, 0x2e, 0xf4, 0xee, 0xfc,
    0xc2, 0xf3, 0x8f, 0xed, 0xbf, 0xe7, 0xdb, 0xce, 0xfb, 0xd6, 0xfb, 0xd6,
    0x1c, 0xdf, 0x3c, 0xdf, 0xf9, 0xbd, 0x9b, 0xef, 0x14, 0x00, 0x3e, 0x2a,
    0xbb, 0xde, 0x1f, 0xd7, 0xda, 0xce, 0x3c, 0xdf, 0x3c, 0xdf, 0x59, 0xbe,
    0xdf, 0xef, 0x7d, 0xe7, 0x70, 0xee, 0x70, 0xee, 0x0d, 0xed, 0x99, 0xae,
    0xb7, 0xde, 0x51, 0xde, 0x9e, 0xe7, 0x7d, 0xe7, 0x9a, 0xc6, 0x3c, 0xdf,
    0x1c, 0xdf, 0x7c, 0xef, 0x3e, 0x44, 0x7f, 0x02, 0x5d, 0x23, 0x5f, 0x02,
    0x5d, 0x7d, 0x5c, 0xe7, 0x3c, 0xdf, 0x3c, 0xdf, 0x38, 0xbe, 0xdf, 0xef,
    0x9e, 0xef, 0xfe, 0xef, 0x98, 0xe5, 0xf8, 0xf5, 0x51, 0xfc, 0x57, 0xde,
    0x9e, 0xe7, 0x7d, 0xe7, 0x9e, 0xe7, 0x18, 0xb6, 0x3c, 0xdf, 0xde, 0xf7,
    0x9c, 0xb6, 0xdb, 0x6d, 0xcf, 0xbd, 0x9e, 0x4d, 0x9c, 0x65, 0xdc, 0x44,
    0xda, 0x95, 0x9d, 0xef, 0x5c, 0xdf, 0xd7, 0xb5, 0xdf, 0xef, 0xbe, 0xef,
    0x1b, 0xdf, 0xdb, 0xce, 0xbf, 0xef, 0xff, 0xf7, 0xb2, 0xee, 0x94, 0xde,
    0x7e, 0xe7, 0x7d, 0xe7, 0xbb, 0xce, 0x9a, 0xc6, 0xff, 0xf7, 0xf7, 0xb5,
    0x07, 0x3a, 0x49, 0x3a, 0x65, 0x9b, 0x01, 0xfd, 0x46, 0x52, 0x51, 0x84,
    0xde, 0xef, 0xbe, 0xef, 0x54, 0x9d, 0xb3, 0xff, 0x14, 0xc6, 0x68, 0x4a,
    0xea, 0x5a, 0x30, 0xbd, 0x8d, 0x6b, 0x89, 0x4a, 0xce, 0x94, 0x4b, 0xff,
    0x30, 0xde, 0xfc, 0xd6, 0x9a, 0xc6, 0xff, 0xf7, 0xff, 0xff, 0x17, 0xbe,
    0xda, 0xde, 0xd2, 0x9c, 0x9a, 0xd6, 0x83, 0xb5, 0x14, 0x9d, 0xff, 0xf7,
    0xff, 0xf7, 0x75, 0xa5, 0xff, 0xf7, 0xff, 0xe7, 0x4c, 0xf3, 0xa5, 0xf9,
    0xe6, 0xf9, 0x07, 0xfa, 0xc5, 0xf9, 0x64, 0xf9, 0x79, 0xde, 0x9e, 0xdf,
    0x79, 0xc6, 0xba, 0xce, 0x59, 0xbe, 0x18, 0xbe, 0xd6, 0xb5, 0x96, 0xad,
    0xb6, 0xa5, 0x75, 0xa5, 0x55, 0xa5, 0x96, 0xad, 0x96, 0xa5, 0x95, 0xa5,
    0x17, 0xbe, 0x38, 0xc6, 0xd6, 0xad, 0x96, 0xa5, 0x34, 0xb5, 0x13, 0xbd,
    0xf3, 0xbc, 0x75, 0xad, 0xb6, 0xa5, 0x96, 0xa5, 0xb6, 0xa5, 0x96, 0xad,
    0x96, 0xad, 0xb6, 0xa5, 0x96, 0xad, 0x75, 0xb5, 0xb6, 0xa5, 0xb6, 0xad,
    0x93, 0x84, 0x53, 0x7c, 0x55, 0x9d, 0xb6, 0xad, 0x54, 0x9d, 0x92, 0x7c,
    0x92, 0x7c, 0x96, 0xa5, 0x95, 0xa5, 0x55, 0x85, 0x34, 0x8d, 0xb6, 0xad,
    0x96, 0xa5, 0xb6, 0xad, 0x75, 0xa5, 0x96, 0xa5, 0xb6, 0xad, 0xb6, 0xad,
    0x14, 0x95, 0x34, 0x9d, 0xb6, 0xad, 0x96, 0xa5, 0xb6, 0xa5, 0xb6, 0xad,
    0xb6, 0xad, 0xb6, 0xa5, 0x55, 0xa5, 0x95, 0xa5, 0xb6, 0xad, 0x96, 0xa5,
    0x96, 0xa5, 0x96, 0xad, 0x75, 0xa5, 0x38, 0xbe, 0xda, 0xce, 0x99, 0xc6,
    0x1c, 0xd7, 0xba, 0xce, 0xd7, 0xb5, 0x99, 0xc6, 0xfb, 0xd6, 0x1c, 0xd7,
    0x75, 0xa5, 0xb6, 0xad, 0x14, 0x95, 0xb2, 0x8c, 0xd3, 0x8c, 0xd3, 0x8c,
    0xaf, 0x7b, 0x0c, 0x63, 0xb6, 0xad, 0x96, 0xa5, 0x72, 0x3b, 0xe9, 0x92,
    0x84, 0xfd, 0xcd, 0xad, 0x87, 0x7d, 0x4e, 0x3b, 0x56, 0x95, 0xb6, 0xad,
    0x95, 0xa5, 0xb6, 0xad, 0xf7, 0xb5, 0x18, 0xbe, 0x7b, 0x96, 0x46, 0xf6,
    0xbd, 0xce, 0x3b, 0xae, 0xdf, 0x56, 0x3a, 0xb6, 0x3c, 0xdf, 0x1c, 0xdf,
    0x3c, 0xdf, 0x1c, 0xd7, 0x3c, 0xdf, 0xdd, 0xb6, 0x4d, 0xdd, 0x2a, 0xfd,
    0x06, 0xec, 0x5e, 0x8e, 0x9c, 0xb6, 0x3c, 0xdf, 0x3c, 0xdf, 0x3c, 0xdf,
    0x59, 0xbe, 0xff, 0xff, 0x89, 0x54, 0xa8, 0xfa, 0x7f, 0x5d, 0x1f, 0x55,
    0x29, 0xff, 0x66, 0xfe, 0x9f, 0xe7, 0xdb, 0xce, 0xdb, 0xce, 0xfb, 0xd6,
    0x3c, 0xd7, 0x5d, 0xdf, 0xb2, 0xa5, 0xd9, 0xde, 0x33, 0x19, 0x38, 0x11,
    0x7e, 0xc6, 0x1e, 0xb6, 0x1b, 0xdf, 0x1c, 0xdf, 0x3c, 0xdf, 0x58, 0xbe,
    0xbe, 0xef, 0x5c, 0xe7, 0xb9, 0xff, 0xfa, 0xff, 0xf9, 0xff, 0xf4, 0xee,
    0xf4, 0xee, 0x31, 0xe6, 0x9e, 0xe7, 0x9e, 0xe7, 0x9a, 0xc6, 0x3c, 0xdf,
    0x3c, 0xdf, 0x7c, 0xef, 0x5e, 0x02, 0x3e, 0x75, 0xff, 0xff, 0x1e, 0x3c,
    0x5d, 0x13, 0x7c, 0xef, 0x1c, 0xd7, 0x3c, 0xdf, 0x58, 0xbe, 0xbe, 0xef,
    0xbe, 0xef, 0xff, 0xce, 0xff, 0x7d, 0x76, 0xf5, 0xbb, 0xee, 0x6a, 0x7e,
    0x5a, 0xd7, 0x7e, 0xe7, 0x9d, 0xe7, 0x18, 0xbe, 0x1c, 0xdf, 0xbe, 0xef,
    0x9c, 0xb6, 0xdc, 0x7d, 0x89, 0xed, 0xbc, 0x65, 0x1f, 0x77, 0xda, 0x5c,
    0xda, 0x95, 0xbe, 0xef, 0x3c, 0xdf, 0xd7, 0xb5, 0xbe, 0xef, 0x9e, 0xef,
    0x5c, 0xe7, 0xf2, 0x9c, 0xda, 0xd6, 0xff, 0xf7, 0x48, 0xdd, 0x9e, 0xe7,
    0x7d, 0xe7, 0x9e, 0xe7, 0xba, 0xce, 0x79, 0xc6, 0xff, 0xf7, 0xd7, 0xad,
    0xc6, 0x31, 0xa1, 0xf4, 0x00, 0xfd, 0x43, 0xdc, 0x07, 0x42, 0x71, 0x84,
    0xdf, 0xef, 0xbe, 0xef, 0x54, 0x9d, 0x30, 0xff, 0xf2, 0xc5, 0x69, 0x4a,
    0xea, 0x93, 0x51, 0xbd, 0xf6, 0xbd, 0x89, 0x4a, 0xae, 0x9c, 0xea, 0xfe,
    0xef, 0xd5, 0xfc, 0xce, 0x9a, 0xce, 0xff, 0xf7, 0xff, 0xff, 0xc6, 0x61,
    0x13, 0x9d, 0xc2, 0x10, 0x10, 0x84, 0xe4, 0x83, 0x88, 0xb5, 0xdf, 0xef,
    0xff, 0xf7, 0x75, 0xa5, 0xbe, 0xef, 0xff, 0xe7, 0x4c, 0xeb, 0x23, 0xf9,
    0x7e, 0xff, 0xb1, 0xec, 0x0f, 0xf4, 0x23, 0xf9, 0x79, 0xde, 0x7d, 0xdf,
    0x79, 0xc6, 0xba, 0xce, 0x58, 0xbe, 0x18, 0xb6, 0xd7, 0xad, 0x96, 0xad,
    0x95, 0xa5, 0xd8, 0xbd, 0x5b, 0xd6, 0x96, 0xad, 0x96, 0xa5, 0xf6, 0xbd,
    0x7f, 0xb7, 0xbc, 0x35, 0xff, 0xff, 0xb6, 0x9d, 0xca, 0xea, 0x43, 0xf9,
    0x43, 0xf9, 0x91, 0xc4, 0xb6, 0xa5, 0xf1, 0xdd, 0x70, 0xc5, 0xb6, 0xad,
    0x96, 0xa5, 0xd7, 0xad, 0xeb, 0xba, 0x69, 0xaa, 0x95, 0xb5, 0x33, 0x7c,
    0x2f, 0x4a, 0x3a, 0xce, 0xca, 0x10, 0xf7, 0xb5, 0x34, 0x9d, 0xff, 0xff,
    0xff, 0xff, 0xb2, 0x8c, 0x92, 0x9c, 0xc0, 0xf0, 0x64, 0xa1, 0x18, 0xae,
    0x96, 0xad, 0x55, 0x9d, 0x75, 0x9d, 0xd6, 0xa5, 0xb6, 0xad, 0x34, 0x9d,
    0xf3, 0x94, 0xae, 0x6b, 0x34, 0x9d, 0xb6, 0xad, 0x95, 0xa5, 0xb6, 0xad,
    0xb2, 0x8c, 0x95, 0xa5, 0x34, 0x9d, 0xd6, 0xad, 0x14, 0x95, 0xb6, 0xad,
    0x96, 0xa5, 0x95, 0xa5, 0x96, 0xa5, 0xfb, 0xd6, 0x1c, 0xdf, 0x38, 0xbe,
    0x1c, 0xd7, 0xdb, 0xd6, 0x59, 0xbe, 0xdb, 0xd6, 0xba, 0xce, 0xfb, 0xd6,
    0x75, 0xa5, 0xb6, 0xad, 0xf3, 0x94, 0xd3, 0x8c, 0xd3, 0x94, 0xd3, 0x94,
    0xae, 0x73, 0x0c, 0x63, 0xb6, 0xad, 0x35, 0x95, 0x8f, 0x12, 0x10, 0x3b,
    0x72, 0x6c, 0x32, 0xae, 0x2c, 0x9e, 0x2e, 0x0a, 0xb4, 0x7c, 0xb6, 0xad,
    0x96, 0xa5, 0xb6, 0xad, 0xf7, 0xb5, 0x19, 0xb6, 0xb1, 0xd6, 0x72, 0xbe,
    0x1e, 0x8f, 0x1d, 0x8f, 0x5f, 0x6f, 0xba, 0x8d, 0x5c, 0xe7, 0x3c, 0xdf,
    0x1c, 0xdf, 0x3c, 0xdf, 0x3c, 0xdf, 0xbc, 0xbe, 0x87, 0xf4, 0xff, 0xff,
    0x87, 0xfc, 0x99, 0x8d, 0xbc, 0xb6, 0x3c, 0xdf, 0x1c, 0xdf, 0x3c, 0xdf,
    0x79, 0xc6, 0xff, 0xf7, 0xa6, 0x14, 0xb1, 0xc4, 0x9f, 0x23, 0x5f, 0x1b,
    0xd0, 0xee, 0x02, 0xfe, 0x7e, 0xe7, 0x9a, 0xc6, 0xda, 0xce, 0xfb, 0xd6,
    0x1c, 0xdf, 0x3c, 0xdf, 0x5a, 0xc6, 0x96, 0xbd, 0xd2, 0x10, 0x18, 0xa5,
    0xbc, 0x6b, 0xfb, 0x94, 0x5b, 0xdf, 0x1c, 0xdf, 0x3c, 0xdf, 0x79, 0xc6,
    0x7e, 0xe7, 0x1b, 0xdf, 0xf8, 0xff, 0xd7, 0xff, 0xd4, 0xff, 0xb3, 0xff,
    0x51, 0xff, 0x91, 0xe6, 0x5e, 0xdf, 0x5d, 0xe7, 0x79, 0xc6, 0x3c, 0xdf,
    0x3c, 0xdf, 0xdb, 0xce, 0xdd, 0x01, 0x1e, 0xcf, 0xdb, 0x4b, 0x7e, 0x85,
    0x5c, 0x02, 0x9d, 0xef, 0x3c, 0xdf, 0x3c, 0xdf, 0x59, 0xbe, 0x9d, 0xe7,
    0x7d, 0xe7, 0xbf, 0x85, 0xbf, 0x7d, 0x5f, 0xb6, 0x36, 0xcf, 0xf4, 0xb6,
    0x6d, 0x96, 0x5e, 0xe7, 0x5d, 0xe7, 0x18, 0xb6, 0x1c, 0xdf, 0x9d, 0xef,
    0x7c, 0xae, 0xfc, 0x8d, 0x3d, 0x8e, 0xfa, 0x44, 0x7a, 0x75, 0x99, 0x4c,
    0xba, 0x8d, 0x7d, 0xe7, 0x1c, 0xdf, 0x17, 0xb6, 0x9e, 0xe7, 0x7e, 0xe7,
    0x18, 0xd7, 0x90, 0xad, 0x0b, 0x74, 0x4e, 0x9d, 0x05, 0xcd, 0x9f, 0xe7,
    0x5d, 0xdf, 0x5d, 0xe7, 0x9a, 0xc6, 0x99, 0xc6, 0xbe, 0xef, 0xb6, 0xad,
    0xa6, 0x29, 0xc2, 0xfc, 0xe0, 0xfc, 0x83, 0xb3, 0xc6, 0x31, 0x30, 0x7c,
    0x9e, 0xef, 0x9e, 0xe7, 0x54, 0x9d, 0xad, 0xfe, 0xb0, 0xc5, 0x8a, 0x42,
    0x27, 0xbc, 0x75, 0xad, 0xff, 0xff, 0x68, 0x4a, 0x8d, 0x94, 0x88, 0xfe,
    0xcf, 0xd5, 0xdc, 0xce, 0xba, 0xce, 0xff, 0xf7, 0x59, 0xc6, 0x00, 0x28,
    0xff, 0xff, 0xff, 0xff, 0xff, 0xff, 0x00, 0x00, 0xea, 0xff, 0xbf, 0xef,
    0xff, 0xef, 0x96, 0xa5, 0x9e, 0xef, 0xdf, 0xdf, 0xea, 0xf2, 0x71, 0xfc,
    0xff, 0xff, 0xfb, 0xfe, 0xd6, 0xf5, 0x64, 0xf9, 0x58, 0xde, 0x5d, 0xdf,
    0x99, 0xc6, 0xba, 0xce, 0x59, 0xbe, 0x18, 0xbe, 0xd6, 0xad, 0x96, 0xad,
    0xb6, 0xad, 0x73, 0x8c, 0x12, 0x8c, 0x4d, 0x7d, 0x97, 0xad, 0x17, 0xbe,
    0xbe, 0x55, 0xff, 0xff, 0xbd, 0x86, 0xb6, 0xa5, 0xa9, 0xea, 0xb6, 0xfd,
    0x2b, 0xfb, 0x71, 0xbc, 0xd7, 0xa5, 0x46, 0xec, 0x64, 0x69, 0xf3, 0x8c,
    0xb6, 0xad, 0x33, 0xad, 0x32, 0x63, 0x51, 0xa4, 0xd6, 0xad, 0xf1, 0x73,
    0x1e, 0xe7, 0x9e, 0xff, 0x75, 0x8c, 0xb6, 0xad, 0x96, 0xad, 0x14, 0x95,
    0x31, 0x7c, 0x14, 0x95, 0x72, 0x9c, 0xa1, 0xc1, 0x67, 0x64, 0x6f, 0x7c,
    0xb6, 0xad, 0x95, 0xad, 0x38, 0xce, 0xf0, 0xab, 0xb6, 0xa5, 0x95, 0xa5,
    0x34, 0xa5, 0x9d, 0xf7, 0xd2, 0x8c, 0xb6, 0xad, 0xd6, 0xad, 0x30, 0x7c,
    0x59, 0xc6, 0x55, 0x9d, 0x14, 0x9d, 0xff, 0xff, 0x71, 0xbc, 0x34, 0x9d,
    0xb6, 0xad, 0x96, 0xa5, 0x95, 0xa5, 0x75, 0xa5, 0x75, 0xa5, 0x75, 0xa5,
    0x75, 0xa5, 0x75, 0xa5, 0x75, 0xa5, 0x75, 0xa5, 0x75, 0xa5, 0x75, 0xa5,
    0x96, 0xa5, 0xb6, 0xad, 0xf3, 0x94, 0x14, 0x95, 0x13, 0x95, 0x14, 0x95,
    0xae, 0x73, 0x0c, 0x63, 0xb6, 0xad, 0x15, 0x8d, 0x4c, 0x01, 0xba, 0x1c,
    0x5e, 0x9e, 0x51, 0x95, 0x8a, 0x7c, 0xae, 0x01, 0x33, 0x6c, 0xb6, 0xad,
    0x96, 0xa5, 0xb6, 0xad, 0xd7, 0xb5, 0x39, 0xb6, 0x46, 0xee, 0xff, 0x86,
    0x19, 0x9e, 0x5a, 0xae, 0x19, 0xa6, 0xbb, 0xc6, 0x3c, 0xdf, 0x1c, 0xd7,
    0x1c, 0xd7, 0x3c, 0xdf, 0x3c, 0xdf, 0xbc, 0xc6, 0x05, 0xf4, 0xff, 0xff,
    0x6e, 0xfd, 0x79, 0x85, 0x9c, 0xb6, 0x3c, 0xdf, 0x3c, 0xdf, 0x3c, 0xdf,
    0x9a, 0xc6, 0xff, 0xf7, 0x86, 0x14, 0x12, 0x8e, 0x7f, 0x1b, 0x5f, 0x0b,
    0xcf, 0xf6, 0x03, 0xfe, 0x5d, 0xdf, 0x79, 0xc6, 0xdb, 0xce, 0xfb, 0xd6,
    0x1c, 0xdf, 0x3c, 0xdf, 0x5a, 0xce, 0x13, 0xad, 0xd4, 0x52, 0x71, 0x29,
    0x77, 0x95, 0x53, 0xb5, 0x3c, 0xdf, 0x3c, 0xd7, 0x3c, 0xdf, 0x9a, 0xc6,
    0x9e, 0xe7, 0xfa, 0xde, 0xd8, 0xff, 0x79, 0xdf, 0xd5, 0xce, 0x93, 0xce,
    0x90, 0xce, 0x4e, 0xee, 0x3d, 0xd7, 0x3c, 0xdf, 0x79, 0xc6, 0x3c, 0xdf,
    0x3c, 0xdf, 0xfc, 0xd6, 0xfd, 0x01, 0x7d, 0x85, 0xff, 0xff, 0x3d, 0x1b,
    0x9c, 0x02, 0x9c, 0xef, 0x1c, 0xdf, 0x3c, 0xdf, 0x79, 0xc6, 0x9d, 0xe7,
    0x5c, 0xe7, 0xff, 0x95, 0x9f, 0x7d, 0xbc, 0xd6, 0xf4, 0xc6, 0xd0, 0xa6,
    0xb0, 0x9e, 0x3d, 0xdf, 0x3c, 0xdf, 0x17, 0xb6, 0x3c, 0xdf, 0x9d, 0xef,
    0x5b, 0xa6, 0x1b, 0x55, 0x37, 0x6d, 0x5b, 0x4d, 0x3d, 0x7e, 0xb9, 0x4c,
    0x99, 0x8d, 0x5c, 0xe7, 0xfb, 0xd6, 0x38, 0xbe, 0x9e, 0xe7, 0x7d, 0xe7,
    0xd5, 0xc6, 0x4d, 0x9d, 0x6a, 0xc7, 0x06, 0xd7, 0x6e, 0xc5, 0x3d, 0xdf,
    0x1c, 0xd7, 0x3c, 0xdf, 0x99, 0xc6, 0xba, 0xce, 0xde, 0xef, 0x75, 0xa5,
    0xc6, 0x31, 0x26, 0x52, 0x81, 0xf4, 0x40, 0xfd, 0xe5, 0x49, 0x0f, 0x7c,
    0x7d, 0xe7, 0x7d, 0xe7, 0x54, 0x9d, 0x4b, 0xfe, 0x4e, 0xc5, 0xe9, 0x62,
    0x87, 0x93, 0x38, 0xc6, 0xff, 0xff, 0xee, 0x7b, 0x4c, 0x94, 0x08, 0xfe,
    0x8f, 0xd5, 0xdc, 0xce, 0xdb, 0xce, 0xff, 0xf7, 0x79, 0xe6, 0x00, 0x20,
    0x0f, 0x7c, 0x00, 0x00, 0xeb, 0x5a, 0xe4, 0x18, 0x29, 0xef, 0xdf, 0xef,
    0xdf, 0xf7, 0xb6, 0xad, 0xbe, 0xef, 0xdf, 0xdf, 0xeb, 0xea, 0x0b, 0xfb,
    0xff, 0xff, 0xd6, 0xf5, 0xf7, 0xf5, 0x23, 0xf9, 0x18, 0xd6, 0x5d, 0xdf,
    0x79, 0xc6, 0xba, 0xce, 0x59, 0xbe, 0x18, 0xbe, 0xd6, 0xad, 0x96, 0xa5,
    0xd6, 0xad, 0xb1, 0x7b, 0x6a, 0x5c, 0x65, 0x4e, 0xaf, 0x7c, 0xf7, 0xbd,
    0xdf, 0x7d, 0xff, 0xff, 0x3d, 0x76, 0xb6, 0xa5, 0xaa, 0xe2, 0xff, 0xff,
    0x0f, 0xf4, 0x71, 0xc4, 0xf7, 0xad, 0xa3, 0x9a, 0x5b, 0xef, 0x90, 0x63,
    0xb6, 0xad, 0x36, 0xd6, 0xb6, 0x8d, 0x11, 0x9c, 0xb6, 0xb5, 0x52, 0x84,
    0xb9, 0xb5, 0xb8, 0xa4, 0xb7, 0x9c, 0xb6, 0xa5, 0x95, 0xa5, 0x18, 0xbe,
    0xba, 0xce, 0xf3, 0x94, 0x92, 0x8c, 0x87, 0x2a, 0xe5, 0x6f, 0x8c, 0x6c,
    0xb7, 0xad, 0x58, 0xbe, 0x0f, 0xf4, 0x4d, 0xeb, 0x95, 0xad, 0x75, 0x9d,
    0xfb, 0xde, 0x9a, 0xd6, 0x14, 0x95, 0xb6, 0xad, 0x71, 0x84, 0xd7, 0xb5,
    0xfb, 0xde, 0x34, 0x9d, 0x95, 0xa5, 0xae, 0x8b, 0xb2, 0xfc, 0xef, 0xbb,
    0xd6, 0xa5, 0x96, 0xad, 0x96, 0xa5, 0x95, 0xa5, 0x96, 0xa5, 0x75, 0xa5,
    0x95, 0xa5, 0x96, 0xa5, 0x75, 0xa5, 0x75, 0xa5, 0x95, 0xa5, 0x75, 0xa5,
    0x96, 0xa5, 0xb6, 0xad, 0xf3, 0x94, 0x34, 0x9d, 0x14, 0x9d, 0x14, 0x95,
    0x8e, 0x73, 0x0c, 0x63, 0xb6, 0xad, 0xb6, 0xad, 0xcf, 0x01, 0xf8, 0x0b,
    0xb8, 0x4c, 0x8b, 0xff, 0x28, 0xc5, 0xf1, 0x01, 0x15, 0x8d, 0xb6, 0xad,
    0x95, 0xa5, 0xb6, 0xad, 0xd7, 0xad, 0x56, 0xc6, 0xab, 0xad, 0x7f, 0x7f,
    0x3a, 0xb6, 0x1b, 0x9e, 0x3b, 0x3d, 0x9a, 0xc6, 0x3c, 0xdf, 0x1c, 0xdf,
    0x3c, 0xd7, 0x1c, 0xdf, 0x3c, 0xdf, 0xdd, 0xb6, 0xab, 0xf4, 0xd2, 0xfd,
    0xe2, 0xe2, 0x1d, 0x8e, 0xbc, 0xb6, 0x3c, 0xdf, 0x1c, 0xdf, 0x3c, 0xdf,
    0xba, 0xce, 0x7e, 0xef, 0x0a, 0x3d, 0x28, 0x35, 0x1f, 0xa6, 0x3f, 0x96,
    0x22, 0xfe, 0x26, 0xfe, 0x5e, 0xdf, 0x79, 0xc6, 0xdb, 0xd6, 0xfb, 0xd6,
    0x3c, 0xdf, 0x5c, 0xdf, 0xd8, 0xbd, 0x14, 0x9d, 0x75, 0xad, 0xf7, 0xad,
    0xd9, 0x3c, 0x67, 0xfe, 0xdd, 0xce, 0x3c, 0xdf, 0x3c, 0xdf, 0x9a, 0xce,
    0x5d, 0xdf, 0xda, 0xde, 0x9b, 0xef, 0xff, 0xef, 0x7f, 0xbf, 0x9f, 0xaf,
    0x7f, 0xa7, 0xed, 0xd5, 0x3d, 0xdf, 0x3c, 0xdf, 0x79, 0xc6, 0x3c, 0xdf,
    0x1c, 0xd7, 0x9c, 0xef, 0x7b, 0x02, 0x1a, 0x02, 0x7e, 0xe7, 0xfb, 0x01,
    0x9b, 0x33, 0x7c, 0xef, 0x1c, 0xd7, 0x3c, 0xdf, 0x9a, 0xc6, 0x5d, 0xe7,
    0x1c, 0xdf, 0xfd, 0xd6, 0xfe, 0x9d, 0x54, 0xff, 0x37, 0xff, 0x6d, 0x8e,
    0x1c, 0xdf, 0x3c, 0xdf, 0x3c, 0xdf, 0x18, 0xb6, 0x3c, 0xdf, 0x5c, 0xdf,
    0x3b, 0xa6, 0x9c, 0x55, 0x34, 0x8d, 0x76, 0x54, 0x19, 0x2c, 0x98, 0x13,
    0x99, 0x8d, 0x5c, 0xe7, 0xfb, 0xd6, 0x18, 0xb6, 0x7d, 0xe7, 0x3d, 0xdf,
    0x54, 0xb6, 0x07, 0x9f, 0x09, 0x9f, 0x42, 0xc5, 0x10, 0xa6, 0x5d, 0xdf,
    0x1c, 0xdf, 0x3c, 0xdf, 0x79, 0xc6, 0xdb, 0xce, 0x7e, 0xe7, 0x75, 0xa5,
    0x86, 0x29, 0xc1, 0xfc, 0x00, 0xfd, 0x03, 0xd4, 0xe6, 0x39, 0x30, 0x7c,
    0x7d, 0xe7, 0x7d, 0xe7, 0x54, 0x9d, 0x89, 0xfd, 0xad, 0xbc, 0xe8, 0xa3,
    0x68, 0x42, 0x1b, 0xe7, 0xff, 0xff, 0xba, 0xd6, 0xab, 0x83, 0x89, 0xfd,
    0x4e, 0xd5, 0xdb, 0xce, 0xfb, 0xd6, 0xff, 0xef, 0x59, 0xe6, 0x00, 0x38,
    0xff, 0xff, 0x9d, 0xf7, 0xff, 0xff, 0x81, 0x31, 0xa9, 0x9c, 0xff, 0xf7,
    0xff, 0xef, 0xb6, 0xad, 0x9d, 0xe7, 0x9e, 0xd7, 0x2b, 0xf3, 0x43, 0xf9,
    0x76, 0xf5, 0x0f, 0xf4, 0xaa, 0xfa, 0x64, 0xf9, 0x38, 0xd6, 0x5d, 0xdf,
    0x59, 0xc6, 0xba, 0xce, 0x58, 0xbe, 0x18, 0xbe, 0xd7, 0xad, 0x96, 0xad,
    0xd6, 0xad, 0x11, 0x84, 0xa9, 0x53, 0xcd, 0x75, 0x4e, 0x74, 0x17, 0xbe,
    0x5f, 0xdf, 0x1c, 0x04, 0xdf, 0xf7, 0xb6, 0x9d, 0xaa, 0xea, 0x63, 0xf9,
    0x44, 0xf9, 0x91, 0xc4, 0xf7, 0xad, 0xe5, 0x7a, 0xee, 0x52, 0xd9, 0x84,
    0xb6, 0xa5, 0x35, 0xce, 0xcc, 0xec, 0x20, 0xb8, 0x75, 0xad, 0xf2, 0x73,
    0xf9, 0xa4, 0x87, 0xaf, 0x06, 0x8e, 0x97, 0xad, 0xf3, 0x94, 0x59, 0xc6,
    0x59, 0xc6, 0xd2, 0x8c, 0xf7, 0xbd, 0xf3, 0x3b, 0xa1, 0x19, 0x68, 0x42,
    0xf7, 0xb5, 0xf3, 0x84, 0x55, 0xed, 0x49, 0xda, 0x96, 0xb5, 0x75, 0x9d,
    0x17, 0xbe, 0x14, 0x95, 0xb6, 0xad, 0xb6, 0xad, 0xb3, 0x8c, 0xf3, 0x94,
    0x14, 0x9d, 0x55, 0x9d, 0x75, 0x9d, 0x30, 0xa4, 0x14, 0xfd, 0xee, 0xbb,
    0xd6, 0xa5, 0x96, 0xa5, 0xb6, 0xad, 0x38, 0xbe, 0x59, 0xbe, 0x38, 0xbe,
    0x59, 0xc6, 0xf7, 0xb5, 0x9a, 0xc6, 0xba, 0xce, 0x59, 0xc6, 0x79, 0xc6,
    0xb6, 0xad, 0x96, 0xa5, 0x14, 0x9d, 0x55, 0x9d, 0x55, 0xa5, 0x54, 0xa5,
    0x8e, 0x73, 0xec, 0x62, 0xb6, 0xad, 0xf7, 0xb5, 0x11, 0x1b, 0xd7, 0x03,
    0x94, 0x34, 0xc2, 0xfd, 0x2e, 0x6c, 0xb2, 0x02, 0xf7, 0xb5, 0x96, 0xad,
    0x95, 0xa5, 0xb6, 0xad, 0xd7, 0xb5, 0x55, 0xc6, 0x6e, 0xbd, 0x5f, 0x4e,
    0x3f, 0x87, 0x3f, 0x6f, 0xd9, 0x3c, 0x5c, 0xe7, 0x3c, 0xdf, 0x3c, 0xdf,
    0x1c, 0xdf, 0x3c, 0xd7, 0x3c, 0xdf, 0xbc, 0xb6, 0x39, 0xbe, 0x65, 0xe3,
    0xf7, 0xc5, 0x3d, 0x8e, 0x3a, 0xa6, 0x3c, 0xdf, 0x1c, 0xd7, 0x3c, 0xdf,
    0x99, 0xc6, 0x5d, 0xe7, 0xf3, 0x8d, 0x65, 0x0c, 0xe9, 0x34, 0x28, 0x65,
    0x00, 0xfe, 0xb1, 0xee, 0x5d, 0xdf, 0x59, 0xbe, 0xda, 0xce, 0xfb, 0xd6,
    0x1c, 0xd7, 0x3c, 0xd7, 0xfb, 0xd6, 0xba, 0xce, 0xfb, 0xd6, 0xf5, 0xc5,
    0xeb, 0xb5, 0x59, 0x44, 0x1b, 0xdf, 0x1c, 0xd7, 0x3c, 0xdf, 0x99, 0xc6,
    0x3c, 0xdf, 0xda, 0xde, 0x17, 0xd7, 0x9e, 0x9e, 0x18, 0x8e, 0xd8, 0x7d,
    0x7d, 0x86, 0xed, 0xd5, 0x5d, 0xdf, 0x3c, 0xdf, 0x59, 0xbe, 0x3c, 0xdf,
    0x3c, 0xdf, 0x7c, 0xe7, 0xba, 0x6c, 0xda, 0x01, 0xfc, 0x12, 0xba, 0x01,
    0xfb, 0xa5, 0x5c, 0xdf, 0x3c, 0xdf, 0x3c, 0xdf, 0x9a, 0xc6, 0x3c, 0xdf,
    0x3c, 0xdf, 0x3c, 0xd7, 0x37, 0xf7, 0x52, 0xff, 0x51, 0xff, 0x39, 0xe7,
    0x3c, 0xd7, 0x1c, 0xdf, 0x3c, 0xdf, 0x18, 0xb6, 0xfb, 0xd6, 0x3c, 0xdf,
    0x3b, 0xae, 0xd9, 0x5c, 0x59, 0x85, 0x9d, 0xff, 0x35, 0x5c, 0x38, 0x44,
    0xfa, 0xa5, 0x5c, 0xdf, 0xfb, 0xce, 0x18, 0xbe, 0x3c, 0xdf, 0x3d, 0xdf,
    0x13, 0xa6, 0x45, 0x6e, 0x46, 0x6e, 0x87, 0x7d, 0xce, 0x85, 0x5e, 0xe7,
    0x1c, 0xdf, 0x3c, 0xdf, 0x59, 0xbe, 0x9a, 0xce, 0x7d, 0xe7, 0x75, 0xa5,
    0xa5, 0x31, 0x23, 0xd4, 0xa6, 0x6a, 0xe7, 0x31, 0xe6, 0x39, 0x2f, 0x7c,
    0x7d, 0xe7, 0x7e, 0xe7, 0x33, 0x9d, 0x48, 0xfd, 0x8d, 0xac, 0xa7, 0xd4,
    0x07, 0xac, 0x1b, 0xdf, 0x9d, 0xf7, 0xdf, 0xff, 0x0c, 0x8c, 0x68, 0xfd,
    0x4e, 0xd5, 0xdb, 0xc6, 0xfb, 0xd6, 0xff, 0xf7, 0xf7, 0xb5, 0x61, 0x90,
    0x70, 0x84, 0x50, 0x84, 0xef, 0x73, 0x60, 0x52, 0xf8, 0xb5, 0xdf, 0xef,
    0xdf, 0xf7, 0xb6, 0xad, 0x3c, 0xdf, 0x9e, 0xd7, 0x2c, 0xf3, 0xc5, 0xf9,
    0x85, 0xf9, 0xc5, 0xf9, 0xc6, 0xf9, 0x64, 0xf9, 0x38, 0xd6, 0x7d, 0xdf,
    0x38, 0xbe, 0xba, 0xce, 0x59, 0xbe, 0x18, 0xb6, 0xd6, 0xb5, 0x96, 0xad,
    0x96, 0xa5, 0xb6, 0xad, 0xd3, 0x94, 0x2d, 0x64, 0xb7, 0xad, 0x95, 0xa5,
    0xfb, 0xde, 0x3b, 0xdf, 0x59, 0xc6, 0xb6, 0xa5, 0x50, 0xc4, 0xae, 0xdb,
    0xae, 0xd3, 0x34, 0xb5, 0xb6, 0xa5, 0xf7, 0xb5, 0xd4, 0x8c, 0xb6, 0xad,
    0x96, 0xad, 0x75, 0xa5, 0xd2, 0x9c, 0x14, 0xa5, 0xd6, 0xad, 0x76, 0xa5,
    0x2d, 0x3a, 0x0b, 0x96, 0xed, 0x9d, 0x97, 0xad, 0x96, 0xad, 0x96, 0xa5,
    0x96, 0xa5, 0xb6, 0xa5, 0x96, 0xa5, 0xf7, 0xbd, 0x4d, 0x63, 0xb6, 0xad,
    0x96, 0xad, 0xb6, 0xad, 0xb2, 0x9c, 0xcf, 0xa3, 0xd6, 0xad, 0x54, 0x9d,
    0x14, 0x9d, 0x54, 0x9d, 0x96, 0xad, 0x96, 0xad, 0xb6, 0xad, 0xb6, 0xad,
    0xb6, 0xad, 0xb6, 0xad, 0x34, 0x9d, 0xb6, 0xa5, 0x4d, 0xa3, 0x96, 0xad,
    0x96, 0xa5, 0x95, 0xa5, 0x58, 0xbe, 0x7a, 0xc6, 0x18, 0xbe, 0x99, 0xc6,
    0xfb, 0xd6, 0x18, 0xb6, 0x38, 0xbe, 0xdb, 0xce, 0xf7, 0xb5, 0x3c, 0xdf,
    0xf7, 0xb5, 0x96, 0xa5, 0x75, 0xa5, 0xb6, 0xad, 0xb6, 0xad, 0xb6, 0xad,
    0x8e, 0x73, 0xec, 0x62, 0xb6, 0xa5, 0xb6, 0xad, 0xf5, 0x84, 0x19, 0x04,
    0xff, 0x05, 0xba, 0x1d, 0x3a, 0x04, 0x96, 0x5c, 0xb5, 0xb5, 0x96, 0xa5,
    0x96, 0xa5, 0xb6, 0xad, 0xf7, 0xb5, 0x38, 0xbe, 0xed, 0xe5, 0xb7, 0x9d,
    0x5b, 0x3d, 0xd9, 0x3c, 0xdb, 0xce, 0x3c, 0xdf, 0x3c, 0xd7, 0x1c, 0xdf,
    0x1c, 0xdf, 0x3c, 0xd7, 0x1c, 0xdf, 0xfb, 0xce, 0x5b, 0xae, 0x9d, 0xa6,
    0x3c, 0x9e, 0x9a, 0x85, 0xdb, 0xce, 0x3c, 0xdf, 0x1c, 0xdf, 0x3c, 0xdf,
    0x9a, 0xc6, 0x3c, 0xdf, 0x5e, 0xe7, 0xc9, 0x34, 0x65, 0x04, 0x61, 0xb5,
    0x23, 0xfe, 0x5e, 0xdf, 0x3c, 0xdf, 0x59, 0xbe, 0xba, 0xce, 0xfb, 0xd6,
    0x1c, 0xdf, 0x3c, 0xdf, 0x3c, 0xd7, 0x3c, 0xdf, 0x1c, 0xd7, 0xba, 0xce,
    0x4e, 0xb5, 0x1a, 0x7d, 0x5c, 0xe7, 0x3c, 0xdf, 0x3c, 0xdf, 0x9a, 0xc6,
    0x3c, 0xdf, 0xfa, 0xde, 0x55, 0xbe, 0xbb, 0x6d, 0x4b, 0xfe, 0x8b, 0xcd,
    0x5d, 0x65, 0x4c, 0xbd, 0x5d, 0xdf, 0x3c, 0xdf, 0x59, 0xbe, 0x3c, 0xdf,
    0x1c, 0xdf, 0x3c, 0xdf, 0x7c, 0xef, 0xfa, 0x53, 0x3a, 0x02, 0xfb, 0x7c,
    0x9c, 0xef, 0x1c, 0xd7, 0x3c, 0xdf, 0x3c, 0xdf, 0x99, 0xc6, 0x3c, 0xdf,
    0x1c, 0xdf, 0x1c, 0xd7, 0x3c, 0xd7, 0x70, 0xff, 0x72, 0xff, 0x1d, 0xd7,
    0x1c, 0xdf, 0x3c, 0xdf, 0x3c, 0xdf, 0x17, 0xb6, 0x1b, 0xd7, 0x1c, 0xdf,
    0x3c, 0xdf, 0x5c, 0xe7, 0xdb, 0xde, 0xf9, 0xde, 0x71, 0x8c, 0xbd, 0xef,
    0x5c, 0xdf, 0x3c, 0xdf, 0xdb, 0xce, 0x38, 0xbe, 0x3c, 0xdf, 0x5d, 0xe7,
    0x90, 0x8d, 0xe0, 0x13, 0x22, 0x1c, 0x21, 0x14, 0xab, 0x64, 0x5e, 0xe7,
    0x3c, 0xdf, 0x3c, 0xdf, 0x59, 0xbe, 0xba, 0xce, 0x5d, 0xe7, 0x54, 0x9d,
    0x84, 0x31, 0xc7, 0x29, 0xe6, 0x31, 0xe6, 0x39, 0xa5, 0x31, 0xef, 0x73,
    0x7d, 0xe7, 0x7d, 0xe7, 0x33, 0x9d, 0xc7, 0xfc, 0x0e, 0xc5, 0xc7, 0x29,
    0x69, 0x42, 0x68, 0x42, 0x27, 0x3a, 0xa6, 0x29, 0x4e, 0x94, 0xc8, 0xfc,
    0x0e, 0xcd, 0xdb, 0xc6, 0xfc, 0xd6, 0xde, 0xef, 0xff, 0xff, 0xc3, 0x50,
    0x61, 0x98, 0x00, 0x38, 0x00, 0x60, 0x30, 0x8c, 0xff, 0xff, 0x9e, 0xe7,
    0xff, 0xf7, 0x96, 0xad, 0x5c, 0xdf, 0x9e, 0xd7, 0xeb, 0xf2, 0x64, 0xf9,
    0xa5, 0xf9, 0xa5, 0xf9, 0xa5, 0xf9, 0x23, 0xf9, 0x18, 0xd6, 0x5d, 0xdf,
    0x38, 0xbe, 0xba, 0xce, 0x59, 0xbe, 0x18, 0xb6, 0xd6, 0xad, 0x96, 0xad,
    0x96, 0xa5, 0x96, 0xa5, 0xb6, 0xad, 0xb7, 0xad, 0x96, 0xa5, 0x96, 0xa5,
    0x75, 0xa5, 0x75, 0xa5, 0x95, 0xa5, 0x96, 0xa5, 0xb6, 0xa5, 0xd7, 0xa5,
    0xd6, 0xa5, 0xb6, 0xa5, 0x96, 0xa5, 0x96, 0xa5, 0xb6, 0xad, 0x96, 0xad,
    0x96, 0xad, 0x96, 0xa5, 0xb6, 0xad, 0xb6, 0xa5, 0x96, 0xa5, 0x96, 0xad,
    0xf6, 0xb5, 0x97, 0xad, 0x97, 0xad, 0x96, 0xa5, 0x95, 0xa5, 0x96, 0xad,
    0x95, 0xa5, 0x96, 0xad, 0x96, 0xa5, 0x96, 0xa5, 0xd6, 0xad, 0xb6, 0xad,
    0x96, 0xa5, 0x96, 0xad, 0xb6, 0xa5, 0xb6, 0xa5, 0x96, 0xa5, 0x96, 0xad,
    0x96, 0xad, 0x96, 0xa5, 0x96, 0xa5, 0x96, 0xa5, 0x95, 0xa5, 0x96, 0xa5,
    0x96, 0xad, 0x96, 0xa5, 0xb6, 0xad, 0x96, 0xa5, 0xd6, 0xa5, 0xb6, 0xa5,
    0x96, 0xad, 0x96, 0xa5, 0xf7, 0xb5, 0xfb, 0xd6, 0x18, 0xbe, 0xfb, 0xd6,
    0xfb, 0xd6, 0x38, 0xbe, 0xfb, 0xd6, 0x1c, 0xdf, 0xdb, 0xd6, 0xdb, 0xce,
    0x18, 0xb6, 0x75, 0xa5, 0xf7, 0xb5, 0x58, 0xbe, 0x58, 0xbe, 0x58, 0xbe,
    0x8e, 0x73, 0xeb, 0x62, 0xb6, 0xad, 0xb6, 0xad, 0xf6, 0xbd, 0x17, 0x6d,
    0x3d, 0x0e, 0x9f, 0x06, 0xf7, 0x54, 0xf6, 0xbd, 0xb6, 0xad, 0xb6, 0xad,
    0xb6, 0xad, 0xd7, 0xad, 0x18, 0xb6, 0x58, 0xbe, 0x5b, 0xc6, 0xdb, 0xd6,
    0x3c, 0xe7, 0x9d, 0xef, 0x7d, 0xe7, 0x5d, 0xdf, 0x5c, 0xdf, 0x5c, 0xdf,
    0x5c, 0xdf, 0x5c, 0xdf, 0x5d, 0xdf, 0x5d, 0xe7, 0x7d, 0xe7, 0x7d, 0xe7,
    0x7d, 0xe7, 0x7d, 0xe7, 0x5d, 0xe7, 0x5c, 0xdf, 0x5d, 0xdf, 0x5d, 0xdf,
    0xda, 0xce, 0x7d, 0xe7, 0x7d, 0xe7, 0x9e, 0xef, 0xf3, 0x85, 0xd0, 0xf6,
    0x9f, 0xe7, 0x7d, 0xe7, 0x7d, 0xe7, 0xba, 0xce, 0xfb, 0xd6, 0x1c, 0xd7,
    0x5d, 0xdf, 0x5d, 0xdf, 0x5d, 0xdf, 0x5d, 0xdf, 0x5d, 0xdf, 0x7d, 0xe7,
    0x7a, 0xc6, 0x3b, 0xdf, 0x5d, 0xdf, 0x5d, 0xdf, 0x5d, 0xdf, 0xda, 0xce,
    0x7d, 0xe7, 0x7d, 0xe7, 0x3e, 0xcf, 0x7d, 0xa6, 0xbf, 0xe7, 0x7e, 0xd7,
    0x5c, 0x9e, 0x9f, 0xe7, 0x7d, 0xe7, 0x9e, 0xe7, 0x79, 0xc6, 0x5d, 0xdf,
    0x5c, 0xdf, 0x5d, 0xdf, 0x5d, 0xdf, 0xbd, 0xef, 0xdd, 0xf7, 0x9c, 0xef,
    0x5d, 0xdf, 0x5c, 0xdf, 0x5c, 0xdf, 0x5d, 0xdf, 0xda, 0xce, 0x7d, 0xe7,
    0x7d, 0xe7, 0x7d, 0xe7, 0x7d, 0xe7, 0x7b, 0xef, 0x9c, 0xef, 0x7d, 0xe7,
    0x7d, 0xe7, 0x7d, 0xe7, 0x9e, 0xe7, 0x38, 0xbe, 0x5d, 0xdf, 0x7d, 0xe7,
    0x7d, 0xe7, 0x7d, 0xe7, 0x5c, 0xdf, 0x18, 0xb6, 0xda, 0xce, 0x9e, 0xe7,
    0x7d, 0xe7, 0x7d, 0xe7, 0x3c, 0xdf, 0x58, 0xbe, 0x9e, 0xe7, 0x7d, 0xe7,
    0xbb, 0xd6, 0xfd, 0xde, 0x1d, 0xe7, 0x1d, 0xe7, 0xba, 0xd6, 0x9d, 0xe7,
    0x7d, 0xe7, 0x9d, 0xe7, 0x9a, 0xc6, 0xfb, 0xd6, 0x9d, 0xe7, 0xfb, 0xd6,
    0x71, 0x84, 0xb2, 0x94, 0xb2, 0x94, 0xb2, 0x94, 0x91, 0x8c, 0x58, 0xbe,
    0x9e, 0xe7, 0xdf, 0xef, 0x53, 0xa5, 0xc8, 0xfc, 0xe9, 0xfc, 0xb0, 0xa4,
    0x6e, 0xac, 0x6f, 0xac, 0x6e, 0xac, 0x6f, 0xa4, 0x0b, 0xfd, 0xa8, 0xfc,
    0x2f, 0xdd, 0x1c, 0xcf, 0x3d, 0xdf, 0xff, 0xf7, 0xff, 0xff, 0xff, 0xf7,
    0xcf, 0x7b, 0x50, 0xc4, 0x96, 0xad, 0xff, 0xff, 0xff, 0xff, 0xff, 0xf7,
    0xff, 0xff, 0xd6, 0xad, 0x9e, 0xe7, 0xbe, 0xe7, 0x34, 0xed, 0x71, 0xfc,
    0x91, 0xfc, 0x91, 0xfc, 0x91, 0xfc, 0x50, 0xfc, 0xfb, 0xe6, 0xbe, 0xe7,
    0x79, 0xc6, 0xdb, 0xce, 0x99, 0xc6, 0x38, 0xbe, 0xf7, 0xb5, 0xd6, 0xad,
    0xb6, 0xad, 0xb6, 0xad, 0xb6, 0xad, 0xb6, 0xad, 0xb6, 0xad, 0xb6, 0xad,
    0xb6, 0xad, 0xb6, 0xad, 0xb6, 0xad, 0xb6, 0xad, 0xb6, 0xad, 0xb6, 0xad,
    0xb6, 0xad, 0xb6, 0xad, 0xb6, 0xad, 0xb6, 0xad, 0xb6, 0xad, 0xd6, 0xad,
    0xb6, 0xad, 0xb6, 0xad, 0xb6, 0xad, 0xb6, 0xad, 0xb6, 0xad, 0xb6, 0xad,
    0xb6, 0xad, 0xb6, 0xad, 0xb6, 0xad, 0xb6, 0xad, 0xb6, 0xad, 0xb6, 0xad,
    0xb6, 0xad, 0xd6, 0xad, 0xb6, 0xad, 0xb6, 0xad, 0xb6, 0xad, 0xb6, 0xad,
    0xb6, 0xad, 0xb6, 0xad, 0xb6, 0xad, 0xb6, 0xad, 0xb6, 0xad, 0xb6, 0xad,
    0xb6, 0xad, 0xb6, 0xad, 0xd6, 0xad, 0xb6, 0xad, 0xb6, 0xad, 0xb6, 0xad,
    0xb6, 0xad, 0xb6, 0xad, 0xb6, 0xad, 0xb6, 0xad, 0xb6, 0xad, 0xb6, 0xad,
    0xb6, 0xad, 0xb6, 0xad, 0xb6, 0xad, 0xb6, 0xad, 0xb6, 0xad, 0x96, 0xa5,
    0x96, 0xa5, 0xd7, 0xad, 0x96, 0xa5, 0x96, 0xa5, 0x96, 0xa5, 0x96, 0xa5,
    0xb6, 0xad, 0xb6, 0xad, 0x9a, 0xc6, 0x1c, 0xd7, 0x1b, 0xd7, 0xfc, 0xd6,
    0x6e, 0x73, 0x0c, 0x63, 0x71, 0x84, 0x72, 0x84, 0x71, 0x8c, 0x91, 0x94,
    0x71, 0x84, 0x51, 0x84, 0x92, 0x94, 0x71, 0x84, 0x72, 0x8c, 0x71, 0x84,
    0x71, 0x84, 0x92, 0x8c, 0xb2, 0x8c, 0xd3, 0x94, 0x34, 0x9d, 0x55, 0xa5,
    0x75, 0xa5, 0xb6, 0xad, 0xb6, 0xad, 0xb6, 0xad, 0xb6, 0xad, 0xb6, 0xad,
    0xb6, 0xad, 0xb6, 0xad, 0xb6, 0xad, 0xb6, 0xad, 0xb6, 0xad, 0xb6, 0xad,
    0xb6, 0xad, 0xb6, 0xad, 0xb6, 0xad, 0xb6, 0xad, 0xb6, 0xad, 0xb6, 0xb5,
    0xb2, 0x8c, 0xb2, 0x8c, 0x92, 0x8c, 0x92, 0x8c, 0x92, 0x8c, 0x72, 0x84,
    0x51, 0x84, 0x51, 0x84, 0x51, 0x84, 0x51, 0x84, 0xd3, 0x94, 0x96, 0xad,
    0xb6, 0xad, 0xb6, 0xad, 0xb6, 0xad, 0xb6, 0xad, 0xb6, 0xad, 0xb6, 0xad,
    0xb6, 0xad, 0xb6, 0xad, 0xb6, 0xad, 0xb6, 0xad, 0xb6, 0xad, 0xd3, 0x94,
    0x92, 0x8c, 0x92, 0x8c, 0x92, 0x8c, 0x91, 0x8c, 0x71, 0x84, 0x51, 0x84,
    0x71, 0x8c, 0x51, 0x84, 0x51, 0x84, 0x51, 0x84, 0x14, 0x9d, 0xb6, 0xad,
    0xb6, 0xad, 0xb6, 0xad, 0xb6, 0xad, 0xb6, 0xad, 0xb6, 0xad, 0xb6, 0xad,
    0xb6, 0xad, 0xb6, 0xad, 0xb6, 0xad, 0xb6, 0xad, 0xf4, 0x94, 0x92, 0x8c,
    0x92, 0x8c, 0x92, 0x84, 0x71, 0x84, 0x71, 0x84, 0x51, 0x7c, 0x51, 0x84,
    0x51, 0x84, 0x51, 0x84, 0x51, 0x84, 0xf3, 0x94, 0x92, 0x8c, 0xb2, 0x8c,
    0x92, 0x8c, 0x92, 0x8c, 0x71, 0x84, 0x91, 0x8c, 0x71, 0x84, 0x51, 0x84,
    0x51, 0x84, 0x51, 0x84, 0x30, 0x7c, 0x14, 0x9d, 0x92, 0x8c, 0x92, 0x8c,
    0x92, 0x8c, 0x92, 0x84, 0x91, 0x84, 0x51, 0x84, 0x71, 0x84, 0x51, 0x84,
    0x51, 0x84, 0x51, 0x84, 0xd3, 0x94, 0xb2, 0x8c, 0xb2, 0x8c, 0x92, 0x8c,
    0xd3, 0x94, 0xd3, 0x8c, 0xb2, 0x8c, 0xb2, 0x8c, 0xb2, 0x8c, 0x91, 0x84,
    0x51, 0x84, 0x51, 0x7c, 0xb2, 0x94, 0xab, 0x83, 0xac, 0x83, 0xab, 0x8b,
    0xcb, 0x93, 0xcb, 0x93, 0xcb, 0x93, 0xcb, 0x93, 0xab, 0x8b, 0xab, 0x83,
    0xad, 0x83, 0xf3, 0x94, 0xf3, 0x94, 0xd3, 0x94, 0xb3, 0x94, 0xd3, 0x94,
    0x14, 0x95, 0xf4, 0x94, 0xd3, 0x94, 0x71, 0x84, 0x71, 0x84, 0x91, 0x8c,
    0x72, 0x8c, 0x14, 0x9d, 0x92, 0x8c, 0xb2, 0x8c, 0xd2, 0x84, 0xd3, 0x84,
    0xd3, 0x84, 0xb2, 0x7c, 0xb2, 0x7c, 0xb2, 0x84, 0x71, 0x84, 0x50, 0x7c,
    0x30, 0x84, 0x75, 0xa5, 0x14, 0x9d, 0xd3, 0x94, 0xb2, 0x8c, 0x71, 0x84,
    0x71, 0x84, 0x91, 0x8c, 0x71, 0x84, 0x71, 0x84, 0x91, 0x8c, 0x72, 0x84,
    0x72, 0x84, 0x91, 0x84, 0x72, 0x84, 0x72, 0x84, 0x91, 0x84, 0x72, 0x84,
    0x71, 0x84, 0x91, 0x84, 0x72, 0x84, 0x71, 0x8c, 0x71, 0x84, 0x71, 0x84,
    0x91, 0x84, 0x72, 0x84, 0x71, 0x84, 0x91, 0x84, 0x72, 0x84, 0x71, 0x84,
    0x71, 0x84, 0x72, 0x84, 0x71, 0x84, 0x91, 0x84, 0x72, 0x84, 0x71, 0x84,
    0x91, 0x84, 0x71, 0x84, 0x71, 0x8c, 0x92, 0x84, 0x71, 0x84, 0x71, 0x84,
    0x92, 0x84, 0x71, 0x84, 0x92, 0x84, 0x72, 0x8c, 0x91, 0x84, 0x72, 0x84,
    0x71, 0x84, 0x91, 0x84, 0x71, 0x8c, 0x72, 0x84, 0x91, 0x84, 0x71, 0x84,
    0x91, 0x84, 0x71, 0x84, 0x72, 0x84, 0x71, 0x84, 0x72, 0x84, 0x71, 0x84,
    0x71, 0x84, 0x72, 0x84, 0x71, 0x84, 0x71, 0x84, 0x71, 0x84, 0x71, 0x8c,
    0x71, 0x84, 0x71, 0x84, 0x71, 0x8c, 0x71, 0x8c, 0x91, 0x84, 0x71, 0x8c,
    0x71, 0x84, 0x71, 0x84, 0xb2, 0x8c, 0xf3, 0x94, 0xf3, 0x94, 0xf3, 0x9c,
    0x6d, 0x6b, 0x6e, 0x73, 0x4d, 0x6b, 0x4d, 0x6b, 0x4d, 0x6b, 0x4d, 0x6b,
    0x4d, 0x6b, 0x4d, 0x6b, 0x2d, 0x6b, 0x4d, 0x6b, 0x4d, 0x6b, 0x4d, 0x6b,
    0x4d, 0x6b, 0x4d, 0x6b, 0x2d, 0x6b, 0x2d, 0x6b, 0x2c, 0x6b, 0x2d, 0x6b,
    0x2c, 0x6b, 0x2c, 0x63, 0x0c, 0x6b, 0x0c, 0x6b, 0x0c, 0x63, 0x0c, 0x6b,
    0x0c, 0x6b, 0x0c, 0x63, 0x0c, 0x6b, 0x0c, 0x6b, 0x0c, 0x63, 0x0c, 0x6b,
    0x0c, 0x6b, 0x0c, 0x63, 0x0c, 0x63, 0x0c, 0x6b, 0x2c, 0x63, 0x2c, 0x6b,
    0x2d, 0x6b, 0x2d, 0x6b, 0x2d, 0x6b, 0x2d, 0x6b, 0x4d, 0x6b, 0x2d, 0x6b,
    0x4d, 0x6b, 0x4d, 0x6b, 0x2d, 0x6b, 0x4d, 0x6b, 0x2d, 0x6b, 0x2c, 0x63,
    0x0c, 0x6b, 0x0c, 0x6b, 0x0c, 0x63, 0x0c, 0x6b, 0x0c, 0x6b, 0x2c, 0x63,
    0x2c, 0x6b, 0x0c, 0x63, 0x2c, 0x6b, 0x0c, 0x63, 0x2c, 0x6b, 0x2d, 0x6b,
    0x2d, 0x6b, 0x4d, 0x6b, 0x2d, 0x6b, 0x2d, 0x6b, 0x2d, 0x6b, 0x2d, 0x6b,
    0x4d, 0x6b, 0x2d, 0x6b, 0x2d, 0x6b, 0x4d, 0x6b, 0x2c, 0x6b, 0x2c, 0x63,
    0x0c, 0x6b, 0x0c, 0x63, 0x2c, 0x6b, 0x0c, 0x63, 0x0c, 0x63, 0x0c, 0x6b,
    0x0c, 0x63, 0x0c, 0x6b, 0x0c, 0x6b, 0x2c, 0x63, 0x2d, 0x6b, 0x2d, 0x6b,
    0x2d, 0x6b, 0x2d, 0x6b, 0x2d, 0x6b, 0x4d, 0x6b, 0x2d, 0x6b, 0x4d, 0x6b,
    0x4d, 0x6b, 0x2d, 0x6b, 0x4d, 0x6b, 0x2c, 0x6b, 0x2d, 0x6b, 0x2d, 0x6b,
    0x2d, 0x6b, 0x2d, 0x6b, 0x4d, 0x6b, 0x2d, 0x6b, 0x2d, 0x6b, 0x4d, 0x6b,
    0x2d, 0x6b, 0x4d, 0x6b, 0x4d, 0x6b, 0x2d, 0x6b, 0x2d, 0x6b, 0x4d, 0x6b,
    0x4d, 0x6b, 0x2d, 0x6b, 0x4d, 0x6b, 0x4d, 0x6b, 0x2d, 0x6b, 0x4d, 0x6b,
    0x4d, 0x6b, 0x2d, 0x6b, 0x2c, 0x6b, 0x2d, 0x6b, 0x2d, 0x6b, 0x4d, 0x6b,
    0x4d, 0x6b, 0x4d, 0x6b, 0x2d, 0x6b, 0x4d, 0x6b, 0x2d, 0x6b, 0x2d, 0x6b,
    0x4d, 0x6b, 0x4d, 0x6b, 0x2d, 0x6b, 0x4d, 0x6b, 0x4e, 0x6b, 0x4e, 0x6b,
    0x4e, 0x6b, 0x4d, 0x6b, 0x4e, 0x6b, 0x4e, 0x6b, 0x4e, 0x6b, 0x4e, 0x6b,
    0x6d, 0x6b, 0x2d, 0x6b, 0x2d, 0x6b, 0x2c, 0x6b, 0x2d, 0x6b, 0x2c, 0x6b,
    0x2d, 0x6b, 0x2d, 0x6b, 0x4d, 0x6b, 0x2d, 0x6b, 0x4d, 0x6b, 0x4d, 0x6b,
    0x2d, 0x6b, 0x2c, 0x6b, 0x2d, 0x6b, 0x2d, 0x6b, 0x4d, 0x6b, 0x4d, 0x6b,
    0x4d, 0x6b, 0x4d, 0x6b, 0x4d, 0x6b, 0x2d, 0x6b, 0x2d, 0x6b, 0x4d, 0x6b,
    0x4d, 0x6b, 0x2c, 0x6b, 0x2d, 0x6b, 0x2d, 0x6b, 0x4d, 0x6b, 0x4d, 0x6b,
    0x4d, 0x6b, 0x4d, 0x6b, 0x4d, 0x6b, 0x4d, 0x6b, 0x4d, 0x6b, 0x4d, 0x6b,
    0x4d, 0x6b, 0x4d, 0x6b, 0x4d, 0x6b, 0x4d, 0x6b, 0x4d, 0x6b, 0x4d, 0x6b,
    0x4d, 0x6b, 0x4d, 0x6b, 0x4d, 0x6b, 0x4d, 0x6b, 0x4d, 0x6b, 0x4d, 0x6b,
    0x4d, 0x6b, 0x4d, 0x6b, 0x4d, 0x6b, 0x4d, 0x6b, 0x4d, 0x6b, 0x4d, 0x6b,
    0x4d, 0x6b, 0x4d, 0x6b, 0x4d, 0x6b, 0x4d, 0x6b, 0x4d, 0x6b, 0x4d, 0x6b,
    0x4d, 0x6b, 0x4d, 0x6b, 0x4d, 0x6b, 0x4d, 0x6b, 0x4d, 0x6b, 0x4d, 0x6b,
    0x4d, 0x6b, 0x4d, 0x6b, 0x4d, 0x6b, 0x4d, 0x6b, 0x4d, 0x6b, 0x4d, 0x6b,
    0x4d, 0x6b, 0x4d, 0x6b, 0x4d, 0x6b, 0x4d, 0x6b, 0x4d, 0x6b, 0x4d, 0x6b,
    0x4d, 0x6b, 0x4d, 0x6b, 0x4d, 0x6b, 0x4d, 0x6b, 0x4d, 0x6b, 0x4d, 0x6b,
    0x4d, 0x6b, 0x4d, 0x6b, 0x4d, 0x6b, 0x4d, 0x6b, 0x4d, 0x6b, 0x4d, 0x6b,
    0x4d, 0x6b, 0x4d, 0x6b, 0x4d, 0x6b, 0x4d, 0x6b, 0x4d, 0x6b, 0x4d, 0x6b,
    0x4d, 0x6b, 0x4d, 0x6b, 0x2d, 0x6b, 0x2d, 0x6b, 0x2d, 0x6b, 0x2d, 0x6b,
    0x6d, 0x6b, 0x6d, 0x6b, 0x6d, 0x6b, 0x6d, 0x6b, 0x6e, 0x6b, 0x6d, 0x6b,
    0x6d, 0x73, 0x6e, 0x6b, 0x6d, 0x6b, 0x6d, 0x73, 0x6d, 0x6b, 0x6d, 0x73,
    0x6d, 0x6b, 0x6d, 0x6b, 0x6d, 0x73, 0x6d, 0x6b, 0x6d, 0x6b, 0x6e, 0x6b,
    0x6d, 0x6b, 0x6e, 0x73, 0x6e, 0x6b, 0x6d, 0x6b, 0x6e, 0x6b, 0x6e, 0x73,
    0x6d, 0x6b, 0x6e, 0x6b, 0x6d, 0x6b, 0x6d, 0x6b, 0x6e, 0x6b, 0x6d, 0x6b,
    0x6d, 0x73, 0x6e, 0x6b, 0x6d, 0x73, 0x6d, 0x6b, 0x6e, 0x6b, 0x6d, 0x6b,
    0x6d, 0x6b, 0x6d, 0x6b, 0x6d, 0x6b, 0x6d, 0x6b, 0x6d, 0x6b, 0x6d, 0x6b,
    0x6d, 0x6b, 0x6d, 0x6b, 0x6d, 0x6b, 0x6d, 0x6b, 0x6d, 0x6b, 0x6d, 0x6b,
    0x6d, 0x6b, 0x6d, 0x6b, 0x6d, 0x73, 0x6d, 0x6b, 0x6e, 0x6b, 0x6d, 0x73,
    0x6e, 0x6b, 0x6e, 0x6b, 0x6d, 0x73, 0x6e, 0x6b, 0x6d, 0x6b, 0x6d, 0x6b,
    0x6d, 0x6b, 0x6d, 0x6b, 0x6d, 0x6b, 0x6d, 0x6b, 0x6d, 0x6b, 0x6d, 0x6b,
    0x6d, 0x6b, 0x6d, 0x6b, 0x6d, 0x6b, 0x6d, 0x6b, 0x6d, 0x6b, 0x6e, 0x6b,
    0x6d, 0x6b, 0x6d, 0x73, 0x6e, 0x6b, 0x6d, 0x6b, 0x6d, 0x73, 0x6e, 0x6b,
    0x6e, 0x6b, 0x6d, 0x6b, 0x6e, 0x73, 0x6d, 0x6b, 0x6d, 0x6b, 0x6d, 0x6b,
    0x6d, 0x6b, 0x6d, 0x6b, 0x6d, 0x6b, 0x6d, 0x6b, 0x6d, 0x6b, 0x6d, 0x6b,
    0x6d, 0x6b, 0x6d, 0x6b, 0x6d, 0x6b, 0x6d, 0x6b, 0x6d, 0x6b, 0x6d, 0x6b,
    0x6d, 0x6b, 0x6d, 0x6b, 0x6d, 0x6b, 0x6d, 0x6b, 0x6d, 0x73, 0x6d, 0x6b,
    0x6d, 0x6b, 0x6d, 0x73, 0x6d, 0x6b, 0x6d, 0x6b, 0x6d, 0x6b, 0x6d, 0x6b,
    0x6d, 0x6b, 0x6d, 0x6b, 0x6d, 0x73, 0x6d, 0x6b, 0x6d, 0x6b, 0x6d, 0x6b,
    0x6d, 0x6b, 0x6d, 0x6b, 0x6d, 0x6b, 0x6d, 0x6b, 0x6d, 0x6b, 0x6d, 0x6b,
    0x6d, 0x6b, 0x6d, 0x6b, 0x6d, 0x6b, 0x6d, 0x6b, 0x6d, 0x73, 0x6d, 0x6b,
    0x6d, 0x6b, 0x6d, 0x73, 0x6d, 0x6b, 0x6d, 0x6b, 0x6d, 0x6b, 0x6d, 0x6b,
    0x6d, 0x6b, 0x6d, 0x6b, 0x6e, 0x6b, 0x6d, 0x6b, 0x6d, 0x6b, 0x6d, 0x6b,
    0x6e, 0x6b, 0x6d, 0x6b, 0x6d, 0x6b, 0x6d, 0x6b, 0x6d, 0x6b, 0x6d, 0x6b,
    0x6d, 0x6b, 0x6d, 0x6b, 0x6d, 0x6b, 0x6d, 0x6b, 0x6d, 0x6b, 0x6d, 0x6b,
    0x6d, 0x6b, 0x6d, 0x6b, 0x6d, 0x6b, 0x6d, 0x6b, 0x6d, 0x6b, 0x4d, 0x6b,
    0x6d, 0x6b, 0x6d, 0x6b, 0x6e, 0x6b, 0x6d, 0x6b, 0x6d, 0x6b, 0x6e, 0x6b,
    0x6d, 0x6b, 0x6d, 0x6b, 0x6d, 0x6b, 0x6d, 0x6b, 0x6d, 0x6b, 0x6e, 0x73,
    0x6d, 0x6b, 0x6e, 0x6b, 0x6e, 0x73, 0x6d, 0x6b, 0x6d, 0x6b, 0x6d, 0x73,
    0x6d, 0x73, 0x6d, 0x6b, 0x6d, 0x73, 0x6d, 0x73, 0x6d, 0x6b, 0x6d, 0x73,
    0x6e, 0x73, 0x6d, 0x6b, 0x6d, 0x6b, 0x6e, 0x73, 0x6d, 0x6b, 0x6e, 0x6b,
    0x6d, 0x73, 0x6d, 0x73, 0x6e, 0x6b, 0x6d, 0x73, 0x6d, 0x73, 0x6e, 0x6b,
    0x6d, 0x73, 0x6d, 0x73, 0x6d, 0x6b, 0x6e, 0x73, 0x6d, 0x73, 0x6d, 0x6b,
    0x6e, 0x73, 0x6e, 0x6b, 0x6d, 0x6b, 0x6d, 0x73, 0x6e, 0x73, 0x6d, 0x6b,
    0x6d, 0x73, 0x6d, 0x73, 0x6d, 0x6b, 0x6d, 0x6b, 0x6d, 0x73, 0x6d, 0x6b,
    0x6e, 0x73, 0x6d, 0x6b, 0x6d, 0x6b, 0x6e, 0x73, 0x6d, 0x73, 0x6e, 0x6b,
    0x6d, 0x73, 0x6d, 0x73, 0x6e, 0x6b, 0x6d, 0x73, 0x6d, 0x73, 0x6e, 0x73,
    0x6d, 0x6b, 0x6d, 0x73, 0x6e, 0x73, 0x6d, 0x6b, 0x6e, 0x73, 0x6d, 0x6b,
    0x6d, 0x73, 0x6e, 0x6b, 0x6d, 0x6b, 0x6d, 0x6b, 0x6d, 0x73, 0x6d, 0x6b,
    0x6d, 0x73, 0x6d, 0x73, 0x6d, 0x6b, 0x6d, 0x6b, 0x6d, 0x6b, 0x6d, 0x6b,
    0x4d, 0x6b, 0x4d, 0x6b, 0x4d, 0x6b, 0x4d, 0x6b, 0x4d, 0x6b, 0x4d, 0x6b,
    0x4d, 0x6b, 0x4d, 0x6b, 0x4d, 0x6b, 0x4d, 0x6b, 0x4d, 0x6b, 0x4d, 0x6b,
    0x4d, 0x6b, 0x4d, 0x6b, 0x4d, 0x6b, 0x4d, 0x6b, 0x4d, 0x6b, 0x4d, 0x6b,
    0x4d, 0x6b, 0x4d, 0x6b, 0x4d, 0x6b, 0x4d, 0x6b, 0x4d, 0x6b, 0x4d, 0x6b,
    0x4d, 0x6b, 0x4d, 0x6b, 0x4d, 0x6b, 0x4d, 0x6b, 0x4d, 0x6b, 0x4d, 0x6b,
    0x4d, 0x6b, 0x4d, 0x6b, 0x4d, 0x6b, 0x4d, 0x6b, 0x4d, 0x6b, 0x4d, 0x6b,
    0x4d, 0x6b, 0x4d, 0x6b, 0x4d, 0x6b, 0x4d, 0x6b, 0x4d, 0x6b, 0x4d, 0x6b,
    0x4d, 0x6b, 0x4d, 0x6b, 0x4d, 0x6b, 0x4d, 0x6b, 0x4d, 0x6b, 0x4d, 0x6b,
    0x4d, 0x6b, 0x4d, 0x6b, 0x4d, 0x6b, 0x4d, 0x6b, 0x4d, 0x6b, 0x4d, 0x6b,
    0x4d, 0x6b, 0x4d, 0x6b, 0x4d, 0x6b, 0x4d, 0x6b, 0x4d, 0x6b, 0x4d, 0x6b,
    0x4d, 0x6b, 0x4d, 0x6b, 0x4d, 0x6b, 0x4d, 0x6b, 0x4d, 0x6b, 0x4d, 0x6b,
    0x4d, 0x6b, 0x4d, 0x6b, 0x4d, 0x6b, 0x4d, 0x6b, 0x4d, 0x6b, 0x4d, 0x6b,
    0x4d, 0x6b, 0x4d, 0x6b, 0x4d, 0x6b, 0x4d, 0x6b, 0x4d, 0x6b, 0x4d, 0x6b,
    0x4d, 0x6b, 0x4d, 0x6b, 0x4d, 0x6b, 0x4d, 0x6b, 0x4d, 0x6b, 0x4d, 0x6b,
    0x4d, 0x6b, 0x4d, 0x6b, 0x4d, 0x6b, 0x4d, 0x6b, 0x4d, 0x6b, 0x4d, 0x6b,
    0x4d, 0x6b, 0x4d, 0x6b, 0x4d, 0x6b, 0x4d, 0x6b, 0x4d, 0x6b, 0x4d, 0x6b,
    0x4d, 0x6b, 0x4d, 0x6b, 0x4d, 0x6b, 0x4d, 0x6b, 0x4d, 0x6b, 0x4d, 0x6b,
    0x4d, 0x6b, 0x4d, 0x6b, 0x4d, 0x6b, 0x4d, 0x6b, 0x4d, 0x6b, 0x4d, 0x6b,
    0x4d, 0x6b, 0x4d, 0x6b, 0x4d, 0x6b, 0x4d, 0x6b, 0x4d, 0x6b, 0x4d, 0x6b,
    0x4d, 0x6b, 0x4d, 0x6b, 0x4d, 0x6b, 0x4d, 0x6b, 0x4d, 0x6b, 0x4d, 0x6b,
    0x4d, 0x6b, 0x4d, 0x6b, 0x4d, 0x6b, 0x4d, 0x6b, 0x4d, 0x6b, 0x4d, 0x6b,
    0x4d, 0x6b, 0x4d, 0x6b, 0x4d, 0x6b, 0x4d, 0x6b, 0x4d, 0x6b, 0x4d, 0x6b,
    0x4d, 0x6b, 0x4d, 0x6b, 0x4d, 0x6b, 0x4d, 0x6b, 0x4d, 0x6b, 0x4d, 0x6b,
    0x4d, 0x6b, 0x4d, 0x6b, 0x4d, 0x6b, 0x4d, 0x6b, 0x4d, 0x6b, 0x4d, 0x6b,
    0x4d, 0x6b, 0x4d, 0x6b, 0x4d, 0x6b, 0x4d, 0x6b, 0x4d, 0x6b, 0x4d, 0x6b,
    0x4d, 0x6b, 0x4d, 0x6b, 0x4d, 0x6b, 0x4d, 0x6b, 0x4d, 0x6b, 0x4d, 0x6b,
    0x4d, 0x6b, 0x4d, 0x6b, 0x4d, 0x6b, 0x4d, 0x6b, 0x4d, 0x6b, 0x4d, 0x6b,
    0x4d, 0x6b, 0x4d, 0x6b, 0x4d, 0x6b, 0x4d, 0x6b, 0x4d, 0x6b, 0x4d, 0x6b,
    0x4d, 0x6b, 0x4d, 0x6b, 0x4d, 0x6b, 0x4d, 0x6b, 0x4d, 0x6b, 0x4d, 0x6b,
    0x4d, 0x6b, 0x4d, 0x6b, 0x4d, 0x6b, 0x4d, 0x6b, 0x4d, 0x6b, 0x4d, 0x6b,
    0x4d, 0x6b, 0x4d, 0x6b, 0x4d, 0x6b, 0x4d, 0x6b, 0x4d, 0x6b, 0x4d, 0x6b,
    0x4d, 0x6b, 0x4d, 0x6b, 0x4d, 0x6b, 0x4d, 0x6b, 0x4d, 0x6b, 0x4d, 0x6b,
    0x4d, 0x6b, 0x4d, 0x6b, 0x4d, 0x6b, 0x4d, 0x6b, 0x4d, 0x6b, 0x4d, 0x6b,
    0x4d, 0x6b, 0x4d, 0x6b, 0x4d, 0x6b, 0x4d, 0x6b, 0x4d, 0x6b, 0x4d, 0x6b,
    0x4d, 0x6b, 0x4d, 0x6b, 0x4d, 0x6b, 0x4d, 0x6b, 0x4d, 0x6b, 0x4d, 0x6b,
    0x4d, 0x6b, 0x4d, 0x6b, 0x4d, 0x6b, 0x4d, 0x6b, 0x4d, 0x6b, 0x4d, 0x6b,
    0x4d, 0x6b, 0x4d, 0x6b, 0x4d, 0x6b, 0x4d, 0x6b, 0x4d, 0x6b, 0x4d, 0x6b,
    0x4d, 0x6b, 0x4d, 0x6b, 0x4d, 0x6b, 0x4d, 0x6b, 0x4d, 0x6b, 0x4d, 0x6b,
    0x4d, 0x6b, 0x4d, 0x6b, 0x4d, 0x6b, 0x4d, 0x6b, 0x4d, 0x6b, 0x4d, 0x6b,
    0x4d, 0x6b, 0x4d, 0x6b, 0x4d, 0x6b, 0x4d, 0x6b, 0x4d, 0x6b, 0x4d, 0x6b,
    0x4d, 0x6b, 0x4d, 0x6b, 0x4d, 0x6b, 0x4d, 0x6b, 0x4d, 0x6b, 0x4d, 0x6b,
    0x4d, 0x6b, 0x4d, 0x6b, 0x4d, 0x6b, 0x4d, 0x6b, 0x4d, 0x6b, 0x4d, 0x6b,
    0x4d, 0x6b, 0x4d, 0x6b, 0x4d, 0x6b, 0x4d, 0x6b, 0x4d, 0x6b, 0x4d, 0x6b,
    0x4d, 0x6b, 0x4d, 0x6b, 0x4d, 0x6b, 0x4d, 0x6b, 0x4d, 0x6b, 0x4d, 0x6b,
    0x4d, 0x6b, 0x4d, 0x6b, 0x4d, 0x6b, 0x4d, 0x6b, 0x4d, 0x6b, 0x4d, 0x6b,
    0x4d, 0x6b, 0x4d, 0x6b, 0x4d, 0x6b, 0x4d, 0x6b, 0x4d, 0x6b, 0x4d, 0x6b,
    0x4d, 0x6b, 0x4d, 0x6b, 0x4d, 0x6b, 0x4d, 0x6b, 0x4d, 0x6b, 0x4d, 0x6b,
    0x4d, 0x6b, 0x4d, 0x6b, 0x4d, 0x6b, 0x4d, 0x6b, 0x4d, 0x6b, 0x4d, 0x6b,
    0x4d, 0x6b, 0x4d, 0x6b, 0x4d, 0x6b, 0x4d, 0x6b, 0x4d, 0x6b, 0x4d, 0x6b,
    0x4d, 0x6b, 0x4d, 0x6b, 0x4d, 0x6b, 0x4d, 0x6b, 0x4d, 0x6b, 0x4d, 0x6b,
    0x4d, 0x6b, 0x4d, 0x6b, 0x4d, 0x6b, 0x4d, 0x6b, 0x4d, 0x6b, 0x4d, 0x6b,
    0x4d, 0x6b, 0x4d, 0x6b, 0x4d, 0x6b, 0x4d, 0x6b, 0x4d, 0x6b, 0x4d, 0x6b,
    0x4d, 0x6b, 0x4d, 0x6b, 0x4d, 0x6b, 0x4d, 0x6b, 0x4d, 0x6b, 0x4d, 0x6b,
    0x4d, 0x6b, 0x4d, 0x6b, 0x4d, 0x6b, 0x4d, 0x6b, 0x4d, 0x6b, 0x4d, 0x6b,
    0x4d, 0x6b, 0x4d, 0x6b, 0x4d, 0x6b, 0x4d, 0x6b, 0x4d, 0x6b, 0x4d, 0x6b,
    0x4d, 0x6b, 0x4d, 0x6b, 0x4d, 0x6b, 0x4d, 0x6b, 0x4d, 0x6b, 0x4d, 0x6b,
    0x4d, 0x6b, 0x4d, 0x6b, 0x4d, 0x6b, 0x4d, 0x6b, 0x4d, 0x6b, 0x4d, 0x6b,
    0x4d, 0x6b, 0x4d, 0x6b, 0x4d, 0x6b, 0x4d, 0x6b, 0x4d, 0x6b, 0x4d, 0x6b,
    0x4d, 0x6b, 0x4d, 0x6b, 0x4d, 0x6b, 0x4d, 0x6b, 0x4d, 0x6b, 0x4d, 0x6b,
    0x4d, 0x6b, 0x4d, 0x6b, 0x4d, 0x6b, 0x4d, 0x6b, 0x4d, 0x6b, 0x4d, 0x6b,
    0x4d, 0x6b, 0x4d, 0x6b, 0x4d, 0x6b, 0x4d, 0x6b, 0x4d, 0x6b, 0x4d, 0x6b,
    0x4d, 0x6b, 0x4d, 0x6b, 0x4d, 0x6b, 0x4d, 0x6b, 0x4d, 0x6b, 0x4d, 0x6b,
    0x4d, 0x6b, 0x4d, 0x6b, 0x4d, 0x6b, 0x4d, 0x6b, 0x4d, 0x6b, 0x4d, 0x6b,
    0x4d, 0x6b, 0x4d, 0x6b, 0x4d, 0x6b, 0x4d, 0x6b, 0x4d, 0x6b, 0x4d, 0x6b,
    0x4d, 0x6b, 0x4d, 0x6b, 0x4d, 0x6b, 0x4d, 0x6b, 0x4d, 0x6b, 0x4d, 0x6b,
    0x4d, 0x6b, 0x4d, 0x6b, 0x4d, 0x6b, 0x4d, 0x6b, 0x4d, 0x6b, 0x4d, 0x6b,
    0x4d, 0x6b, 0x4d, 0x6b, 0x4d, 0x6b, 0x4d, 0x6b, 0x4d, 0x6b, 0x4d, 0x6b,
    0x4d, 0x6b, 0x4d, 0x6b, 0x4d, 0x6b, 0x4d, 0x6b, 0x4d, 0x6b, 0x4d, 0x6b,
    0x4d, 0x6b, 0x4d, 0x6b, 0x4d, 0x6b, 0x4d, 0x6b, 0x4d, 0x6b, 0x4d, 0x6b,
    0x4d, 0x6b, 0x4d, 0x6b, 0x4d, 0x6b, 0x4d, 0x6b, 0x4d, 0x6b, 0x4d, 0x6b,
    0x4d, 0x6b, 0x4d, 0x6b, 0x4d, 0x6b, 0x4d, 0x6b, 0x4d, 0x6b, 0x4d, 0x6b,
    0x4d, 0x6b, 0x4d, 0x6b, 0x4d, 0x6b, 0x4d, 0x6b, 0x4d, 0x6b, 0x4d, 0x6b,
    0x4d, 0x6b, 0x4d, 0x6b, 0x4d, 0x6b, 0x4d, 0x6b, 0x4d, 0x6b, 0x4d, 0x6b,
    0x4d, 0x6b, 0x4d, 0x6b, 0x4d, 0x6b, 0x4d, 0x6b, 0x4d, 0x6b, 0x4d, 0x6b,
    0x4d, 0x6b, 0x4d, 0x6b, 0x4d, 0x6b, 0x4d, 0x6b, 0x4d, 0x6b, 0x4d, 0x6b,
    0x4d, 0x6b, 0x4d, 0x6b, 0x4d, 0x6b, 0x4d, 0x6b, 0x4d, 0x6b, 0x4d, 0x6b,
    0x4d, 0x6b, 0x4d, 0x6b, 0x4d, 0x6b, 0x4d, 0x6b, 0x4d, 0x6b, 0x4d, 0x6b,
    0x4d, 0x6b, 0x4d, 0x6b, 0x4d, 0x6b, 0x4d, 0x6b, 0x4d, 0x6b, 0x4d, 0x6b,
    0x4d, 0x6b, 0x4d, 0x6b, 0x4d, 0x6b, 0x4d, 0x6b, 0x4d, 0x6b, 0x4d, 0x6b,
    0x4d, 0x6b, 0x4d, 0x6b, 0x4d, 0x6b, 0x4d, 0x6b, 0x4d, 0x6b, 0x4d, 0x6b,
    0x4d, 0x6b, 0x4d, 0x6b, 0x4d, 0x6b, 0x4d, 0x6b, 0x4d, 0x6b, 0x4d, 0x6b,
    0x4d, 0x6b, 0x4d, 0x6b, 0x4d, 0x6b, 0x4d, 0x6b, 0x4d, 0x6b, 0x4d, 0x6b,
    0x4d, 0x6b, 0x4d, 0x6b, 0x4d, 0x6b, 0x4d, 0x6b, 0x4d, 0x6b, 0x4d, 0x6b,
    0x4d, 0x6b, 0x4d, 0x6b, 0x4d, 0x6b, 0x4d, 0x6b, 0x4d, 0x6b, 0x4d, 0x6b,
    0x4d, 0x6b, 0x4d, 0x6b, 0x4d, 0x6b, 0x4d, 0x6b, 0x4d, 0x6b, 0x4d, 0x6b,
    0x4d, 0x6b, 0x4d, 0x6b, 0x4d, 0x6b, 0x4d, 0x6b, 0x4d, 0x6b, 0x4d, 0x6b,
    0x4d, 0x6b, 0x4d, 0x6b, 0x4d, 0x6b, 0x4d, 0x6b, 0x4d, 0x6b, 0x4d, 0x6b,
    0x4d, 0x6b, 0x4d, 0x6b, 0x4d, 0x6b, 0x4d, 0x6b, 0x4d, 0x6b, 0x4d, 0x6b,
    0x4d, 0x6b, 0x4d, 0x6b, 0x4d, 0x6b, 0x4d, 0x6b, 0x4d, 0x6b, 0x4d, 0x6b,
    0x4d, 0x6b, 0x4d, 0x6b, 0x4d, 0x6b, 0x4d, 0x6b, 0x4d, 0x6b, 0x4d, 0x6b,
    0x4d, 0x6b, 0x4d, 0x6b, 0x4d, 0x6b, 0x4d, 0x6b, 0x4d, 0x6b, 0x4d, 0x6b,
    0x4d, 0x6b, 0x4d, 0x6b, 0x4d, 0x6b, 0x4d, 0x6b, 0x4d, 0x6b, 0x4d, 0x6b,
    0x4d, 0x6b, 0x4d, 0x6b, 0x4d, 0x6b, 0x4d, 0x6b, 0x4d, 0x6b, 0x4d, 0x6b,
    0x4d, 0x6b, 0x4d, 0x6b, 0x4d, 0x6b, 0x4d, 0x6b, 0x4d, 0x6b, 0x4d, 0x6b,
    0x4d, 0x6b, 0x4d, 0x6b, 0x4d, 0x6b, 0x4d, 0x6b, 0x4d, 0x6b, 0x4d, 0x6b,
    0x4d, 0x6b, 0x4d, 0x6b, 0x4d, 0x6b, 0x4d, 0x6b, 0x4d, 0x6b, 0x4d, 0x6b,
    0x4d, 0x6b, 0x4d, 0x6b, 0x4d, 0x6b, 0x4d, 0x6b, 0x4d, 0x6b, 0x4d, 0x6b,
    0x4d, 0x6b, 0x4d, 0x6b, 0x4d, 0x6b, 0x4d, 0x6b, 0x4d, 0x6b, 0x4d, 0x6b,
    0x4d, 0x6b, 0x4d, 0x6b, 0x4d, 0x6b, 0x4d, 0x6b, 0x4d, 0x6b, 0x4d, 0x6b,
    0x4d, 0x6b, 0x4d, 0x6b, 0x4d, 0x6b, 0x4d, 0x6b, 0x4d, 0x6b, 0x4d, 0x6b,
    0x4d, 0x6b, 0x4d, 0x6b, 0x4d, 0x6b, 0x4d, 0x6b, 0x4d, 0x6b, 0x4d, 0x6b,
    0x4d, 0x6b, 0x4d, 0x6b, 0x4d, 0x6b, 0x4d, 0x6b, 0x4d, 0x6b, 0x4d, 0x6b,
    0x4d, 0x6b, 0x4d, 0x6b, 0x4d, 0x6b, 0x4d, 0x6b, 0x4d, 0x6b, 0x4d, 0x6b,
    0x4d, 0x6b, 0x4d, 0x6b, 0x4d, 0x6b, 0x4d, 0x6b, 0x4d, 0x6b, 0x4d, 0x6b,
    0x4d, 0x6b, 0x4d, 0x6b, 0x4d, 0x6b, 0x4d, 0x6b, 0x4d, 0x6b, 0x4d, 0x6b,
    0x4d, 0x6b, 0x4d, 0x6b, 0x4d, 0x6b, 0x4d, 0x6b, 0x4d, 0x6b, 0x4d, 0x6b,
    0x4d, 0x6b, 0x4d, 0x6b, 0x4d, 0x6b, 0x4d, 0x6b, 0x4d, 0x6b, 0x4d, 0x6b,
    0x4d, 0x6b, 0x4d, 0x6b, 0x4d, 0x6b, 0x4d, 0x6b, 0x4d, 0x6b, 0x4d, 0x6b,
    0x4d, 0x6b, 0x4d, 0x6b, 0x4d, 0x6b, 0x4d, 0x6b, 0x4d, 0x6b, 0x4d, 0x6b,
    0x4d, 0x6b, 0x4d, 0x6b, 0x4d, 0x6b, 0x4d, 0x6b, 0x4d, 0x6b, 0x4d, 0x6b,
    0x4d, 0x6b, 0x4d, 0x6b, 0x4d, 0x6b, 0x4d, 0x6b, 0x4d, 0x6b, 0x4d, 0x6b,
    0x4d, 0x6b, 0x4d, 0x6b, 0x4d, 0x6b, 0x4d, 0x6b, 0x4d, 0x6b, 0x4d, 0x6b,
    0x4d, 0x6b, 0x4d, 0x6b, 0x4d, 0x6b, 0x4d, 0x6b, 0x4d, 0x6b, 0x4d, 0x6b,
    0x4d, 0x6b, 0x4d, 0x6b, 0x4d, 0x6b, 0x4d, 0x6b, 0x4d, 0x6b, 0x4d, 0x6b,
    0x4d, 0x6b, 0x4d, 0x6b, 0x4d, 0x6b, 0x4d, 0x6b, 0x4d, 0x6b, 0x4d, 0x6b,
    0x4d, 0x6b, 0x4d, 0x6b, 0x4d, 0x6b, 0x4d, 0x6b, 0x4d, 0x6b, 0x4d, 0x6b,
    0x4d, 0x6b, 0x4d, 0x6b, 0x4d, 0x6b, 0x4d, 0x6b, 0x4d, 0x6b, 0x4d, 0x6b,
    0x4d, 0x6b, 0x4d, 0x6b, 0x4d, 0x6b, 0x4d, 0x6b, 0x4d, 0x6b, 0x4d, 0x6b,
    0x4d, 0x6b, 0x4d, 0x6b, 0x4d, 0x6b, 0x4d, 0x6b, 0x4d, 0x6b, 0x4d, 0x6b,
    0x4d, 0x6b, 0x4d, 0x6b, 0x4d, 0x6b, 0x4d, 0x6b, 0x4d, 0x6b, 0x4d, 0x6b
};
